nace_r2,emp_cont,unit,geo\time	2017 	2016 	2015 	2014 	2013 	2012 	2011 	2010 	2009 	2008 
H51,LTD,THS,AT	: u	: u	: u	: u	: u	: u	: c	: u	: u	: bu
H51,LTD,THS,BE	: bu	: u	: u	: u	: u	: u	: u	: u	: u	: bu
H51,LTD,THS,BG	: c	: 	: 	: c	: u	: c	: 	: bc	: c	: bc
H51,LTD,THS,CH	: c	: u	: u	: u	1.2 u	: u	: u	1.1 bu	: u	: bu
H51,LTD,THS,CY	: u	: u	: u	: u	: u	: c	: c	: c	: bu	: bu
H51,LTD,THS,CZ	: c	0.6 u	: u	0.6 u	: u	: u	: bu	: u	0.6 u	: bu
H51,LTD,THS,DE	: u	: u	5.0 	: u	6.2 	6.8 	7.6 	7.5 b	8.6 	7.8 b
H51,LTD,THS,DK	: bu	: bu	: u	: u	: u	: u	: u	: c	: c	: bc
H51,LTD,THS,EA17	29.6 	29.0 	23.6 	25.5 	22.4 	28.3 	32.8 	27.6 	34.6 	35.5 b
H51,LTD,THS,EA18	29.6 	29.1 	23.6 	25.7 	22.4 	28.4 	32.8 	27.6 	34.7 	35.5 b
H51,LTD,THS,EA19	29.6 	29.1 	23.7 	25.7 	22.4 	28.4 	32.8 	27.6 	34.7 	35.5 b
H51,LTD,THS,EE	: 	: 	: 	: 	: 	: c	: c	: 	: 	: 
H51,LTD,THS,EL	: u	1.7 u	: u	: u	: u	1.6 u	1.6 u	: u	: bu	: bu
H51,LTD,THS,ES	7.7 	8.9 	5.4 	7.9 	4.8 u	5.9 	10.3 	7.9 	11.7 b	10.0 b
H51,LTD,THS,EU15	32.3 	32.5 	26.8 	27.2 	24.1 	31.3 	34.1 	29.8 	35.6 	36.7 b
H51,LTD,THS,EU27	37.3 	34.9 	28.3 	29.8 	26.6 	33.6 	36.2 	31.6 	37.2 	38.7 b
H51,LTD,THS,EU28	37.3 	34.9 	28.3 	29.9 	26.6 	33.6 	36.2 	31.6 	37.2 	39.0 b
H51,LTD,THS,FI	: c	: u	: u	: c	: u	: c	: c	: c	: u	: bu
H51,LTD,THS,FR	4.4 u	4.2 u	2.9 u	2.5 bu	2.4 u	: u	: u	: u	: u	: bu
H51,LTD,THS,HR	: 	: 	: 	: bc	: 	: 	: 	: 	: 	: bc
H51,LTD,THS,HU	: c	: c	: u	: c	: u	: c	: c	: u	: u	: 
H51,LTD,THS,IE	: bu	: u	: u	: u	: u	: u	: u	: u	: u	: bu
H51,LTD,THS,IS	0.5 	: u	: u	: u	: u	: u	: u	: u	: u	: bu
H51,LTD,THS,IT	4.0 	: u	2.3 u	2.7 	2.0 u	4.3 	4.1 	4.0 	4.3 	5.0 b
H51,LTD,THS,LT	: 	: 	: c	: 	: 	: 	: 	: 	: 	: 
H51,LTD,THS,LU	: u	: u	: bu	: u	: u	: u	: c	: c	: bu	: bu
H51,LTD,THS,LV	: 	: c	: 	: c	: 	: c	: 	: c	: c	: 
H51,LTD,THS,ME	: c	: u	: c	: c	: c	: 	: c	: 	: 	: 
H51,LTD,THS,MK	: 	: 	: 	: 	: 	: 	: u	: 	: 	: 
H51,LTD,THS,MT	: u	: u	: u	: u	: u	: u	: u	: c	: c	: bc
H51,LTD,THS,NL	3.1 	2.9 	2.5 	2.4 u	2.8 b	2.9 	2.5 u	1.7 bu	2.6 	3.3 b
H51,LTD,THS,NO	: u	: c	: c	: u	0.6 u	0.6 u	: u	: c	: c	: bu
H51,LTD,THS,PL	: u	: u	: c	: u	: u	: u	: u	: bu	: 	: bc
H51,LTD,THS,PT	: u	: u	: u	: u	: u	: u	: bu	: u	: u	: bu
H51,LTD,THS,RO	: c	: c	: 	: 	: 	: 	: 	: 	: 	: bc
H51,LTD,THS,SE	: u	: u	: u	: u	: u	: u	: u	: u	: u	: bu
H51,LTD,THS,SI	: c	: c	: u	: 	: u	: u	: u	: u	: u	: bu
H51,LTD,THS,SK	: 	: 	: 	: c	: 	: 	: bc	: 	: 	: bc
H51,LTD,THS,TR	1.4 u	: c	: u	: bc	: 	: c	: c	: c	: c	: 
H51,LTD,THS,UK	: u	: u	: u	: u	: u	: u	: u	: u	: u	: bu
H51,NLTD,THS,AT	7.5 	7.3 	7.5 	7.0 	8.7 	8.9 	9.9 	8.1 	10.3 	8.0 b
H51,NLTD,THS,BE	9.9 b	10.7 	8.8 	8.9 	9.1 	11.8 	9.9 	11.2 	8.4 	10.6 b
H51,NLTD,THS,BG	: u	: u	: u	: u	: u	: u	: bu	: bu	: u	: bu
H51,NLTD,THS,CH	10.6 	11.7 	8.6 	7.4 	7.0 	9.2 	9.3 	8.6 b	6.6 u	5.4 bu
H51,NLTD,THS,CY	: u	: u	: u	1.0 u	1.5 u	1.1 u	1.7 	1.4 u	1.4 bu	1.7 b
H51,NLTD,THS,CZ	8.0 	5.6 	3.4 	6.4 	8.2 	6.3 	11.3 b	11.3 	8.8 	9.0 b
H51,NLTD,THS,DE	73.1 	73.8 	70.4 	73.0 	77.0 	87.1 	76.7 	84.2 b	78.4 	72.4 b
H51,NLTD,THS,DK	4.4 b	4.4 b	5.7 	6.6 	5.9 	7.1 	7.0 	5.3 	4.0 	6.8 b
H51,NLTD,THS,EA17	264.8 	268.2 	288.0 	291.2 	291.8 	305.1 	309.0 	317.4 	305.3 	315.8 b
H51,NLTD,THS,EA18	267.2 	270.5 	289.4 	292.5 	292.9 	307.5 	311.6 	319.9 	307.3 	317.3 b
H51,NLTD,THS,EA19	267.9 	270.9 	289.9 	293.3 	293.2 	307.8 	312.0 	320.3 	307.8 	317.8 b
H51,NLTD,THS,EE	: u	: u	: u	: u	: u	: u	: u	: u	: u	: bu
H51,NLTD,THS,EL	6.6 	6.4 	8.0 	7.4 	6.4 	6.9 	7.0 	6.3 	5.9 b	5.6 b
H51,NLTD,THS,ES	34.3 	29.1 	35.5 	36.3 	39.4 	31.9 	39.1 	46.1 	39.1 b	43.3 b
H51,NLTD,THS,EU15	336.3 	339.2 	358.4 	364.4 	352.4 	371.4 	379.8 	381.3 	376.7 	371.8 b
H51,NLTD,THS,EU27	374.1 	376.6 	394.0 	403.6 	389.7 	409.1 	424.4 	423.9 	417.6 	410.3 b
H51,NLTD,THS,EU28	375.1 	376.8 	394.0 	404.5 	390.5 	409.2 	424.9 	424.7 	418.0 	410.9 b
H51,NLTD,THS,FI	6.4 	4.8 	5.0 	5.3 	5.2 	4.9 	5.5 	6.1 	6.9 	8.3 b
H51,NLTD,THS,FR	62.8 	68.6 	83.9 	76.2 b	71.5 	78.5 	80.7 	72.9 	66.9 	79.9 b
H51,NLTD,THS,HR	: u	: c	: 	: bu	: u	: c	: c	: c	: c	: bu
H51,NLTD,THS,HU	4.9 	5.6 	5.1 	5.6 	3.6 u	2.8 u	7.2 	6.6 	4.9 	4.2 bu
H51,NLTD,THS,IE	6.9 b	7.2 	9.6 	9.9 	8.0 	7.7 	7.3 	8.7 	8.1 	6.6 b
H51,NLTD,THS,IS	2.7 	2.5 	1.8 	1.8 	1.8 	1.3 	1.7 	1.7 	2.0 	1.8 b
H51,NLTD,THS,IT	21.8 	20.6 	21.3 	29.4 	28.3 	27.4 	28.1 	27.6 	27.1 	30.5 b
H51,NLTD,THS,LT	: u	: u	: u	: u	: u	: u	: u	: u	: u	: bu
H51,NLTD,THS,LU	2.1 	2.2 	2.1 b	2.1 	2.0 	2.0 	2.4 	2.6 	2.3 b	3.0 b
H51,NLTD,THS,LV	2.4 	2.4 	1.5 u	: u	: u	2.4 u	2.6 u	2.5 u	2.0 u	1.5 bu
H51,NLTD,THS,ME	: u	: u	: u	: u	: u	: u	: u	: 	: 	: 
H51,NLTD,THS,MK	: c	: c	: c	: c	: c	: c	: u	: 	: 	: 
H51,NLTD,THS,MT	1.5 	1.3 	1.4 	1.5 	0.9 	1.0 	1.5 	1.6 	1.2 	1.4 b
H51,NLTD,THS,NL	21.2 	21.0 	22.1 	23.2 	23.5 b	27.5 	30.5 	31.3 b	33.6 	30.7 b
H51,NLTD,THS,NO	5.1 	6.4 	6.9 	7.1 	7.9 	8.1 	6.0 	6.6 	7.3 	7.5 b
H51,NLTD,THS,PL	9.1 u	8.6 u	9.3 u	10.6 u	6.4 u	8.6 u	6.6 u	5.6 bu	5.4 u	5.2 bu
H51,NLTD,THS,PT	8.6 	10.5 	8.2 	7.2 	7.1 	6.2 	5.8 b	5.6 	10.5 	8.7 b
H51,NLTD,THS,RO	: u	6.8 u	8.0 u	: u	8.9 u	10.2 u	8.5 u	7.2 bu	8.7 u	7.5 bu
H51,NLTD,THS,SE	7.3 	7.4 	5.8 	5.4 	5.9 	6.2 	5.8 	6.7 	7.2 	7.2 b
H51,NLTD,THS,SI	: u	0.7 u	0.7 u	: u	1.3 u	1.0 u	1.2 u	1.5 u	1.8 u	1.3 bu
H51,NLTD,THS,SK	: u	2.5 u	2.4 u	2.2 u	: u	: u	: bu	: u	2.3 bu	2.7 bu
H51,NLTD,THS,TR	36.2 	35.2 	29.3 	21.7 b	40.7 	23.0 	22.4 	20.9 	25.6 	: 
H51,NLTD,THS,UK	63.4 	65.2 	64.5 	66.7 	54.5 	57.3 	64.0 	58.4 	68.0 	50.3 b
H51,TOTAL,THS,AT	8.0 	8.3 	7.9 	7.8 	9.2 	9.3 	10.1 	8.3 	10.5 	8.2 b
H51,TOTAL,THS,BE	11.0 b	11.8 	9.8 	9.8 	9.6 	12.2 	11.2 	12.0 	9.1 	11.3 b
H51,TOTAL,THS,BG	: u	: u	: u	: u	3.3 u	: u	: bu	: bu	: u	: bu
H51,TOTAL,THS,CH	10.7 	12.2 	8.8 	8.2 	8.2 	9.7 	9.8 	10.0 b	7.2 	5.8 bu
H51,TOTAL,THS,CY	: u	: u	: u	1.3 u	1.6 	1.1 u	1.8 	1.4 u	1.6 b	2.0 b
H51,TOTAL,THS,CZ	8.1 	6.1 	3.6 	6.9 	8.5 	6.5 	11.8 b	11.6 	9.3 	9.2 b
H51,TOTAL,THS,DE	77.6 	78.6 	75.7 	77.2 	83.3 	93.8 	85.0 	91.7 b	87.3 	80.2 b
H51,TOTAL,THS,DK	4.9 b	4.6 b	6.1 	7.0 	6.3 	7.5 	7.3 	5.3 	4.1 	6.9 b
H51,TOTAL,THS,EA17	294.7 	297.6 	312.0 	316.9 	314.5 	333.4 	342.5 	345.2 	340.3 	351.4 b
H51,TOTAL,THS,EA18	297.1 	300.0 	313.5 	318.5 	315.7 	335.9 	345.1 	347.8 	342.4 	352.8 b
H51,TOTAL,THS,EA19	297.8 	300.4 	313.9 	319.3 	316.0 	336.2 	345.5 	348.1 	342.9 	353.3 b
H51,TOTAL,THS,EE	: u	: u	: u	: u	: u	: u	: u	: u	: u	: bu
H51,TOTAL,THS,EL	7.6 	8.1 	9.0 	8.5 	7.2 	8.5 	8.6 	7.2 	6.4 b	6.4 b
H51,TOTAL,THS,ES	42.0 	38.0 	40.9 	44.2 	44.2 	37.9 	49.4 	53.9 	50.8 b	53.3 b
H51,TOTAL,THS,EU15	368.8 	372.2 	385.5 	391.8 	376.7 	403.1 	414.6 	411.3 	412.7 	408.5 b
H51,TOTAL,THS,EU27	411.6 	412.0 	422.7 	433.6 	416.6 	443.0 	461.3 	455.8 	455.1 	449.0 b
H51,TOTAL,THS,EU28	412.6 	412.1 	422.7 	434.7 	417.4 	443.1 	461.7 	456.5 	455.6 	450.0 b
H51,TOTAL,THS,FI	6.5 	5.2 	5.3 	5.5 	5.5 	5.0 	5.6 	6.2 	7.1 	8.9 b
H51,TOTAL,THS,FR	67.2 	72.8 	86.7 	78.7 b	73.9 	82.5 	83.5 	75.5 	68.9 	83.4 b
H51,TOTAL,THS,HR	: u	: c	: 	1.1 bu	: u	: c	: c	: c	: c	: bu
H51,TOTAL,THS,HU	4.9 	5.8 	5.4 	5.7 	3.9 u	3.0 u	7.2 	6.8 	5.2 	4.2 bu
H51,TOTAL,THS,IE	7.1 b	7.5 	10.0 	10.4 	8.8 	8.2 	7.9 	9.2 	8.3 	7.2 b
H51,TOTAL,THS,IS	3.2 	3.0 	2.1 	2.0 	2.0 	1.5 	1.8 	1.9 	2.0 	2.0 b
H51,TOTAL,THS,IT	25.8 	22.0 	23.6 	32.1 	30.3 	31.7 	32.2 	31.6 	31.4 	35.6 b
H51,TOTAL,THS,LT	: u	: u	: u	: u	: u	: u	: u	: u	: u	: bu
H51,TOTAL,THS,LU	2.3 	2.3 	2.3 b	2.4 	2.2 	2.1 	2.6 	2.6 	2.4 b	3.2 b
H51,TOTAL,THS,LV	2.4 	2.4 	1.5 u	1.5 u	: u	2.6 u	2.6 u	2.5 u	2.1 u	1.5 bu
H51,TOTAL,THS,ME	: u	: u	: u	: u	: u	: u	: u	: 	: 	: 
H51,TOTAL,THS,MK	: c	: c	: c	: c	: c	: c	0.6 u	: 	: 	: 
H51,TOTAL,THS,MT	1.6 	1.5 	1.6 	1.7 	1.1 	1.2 	1.6 	1.6 	1.2 	1.4 b
H51,TOTAL,THS,NL	24.3 	24.1 	24.7 	25.6 	26.4 b	30.5 	33.0 	33.3 b	36.3 	34.0 b
H51,TOTAL,THS,NO	5.5 	6.4 	6.9 	7.4 	8.6 	8.7 	6.5 	6.7 	7.4 	7.9 b
H51,TOTAL,THS,PL	13.4 u	9.7 u	9.9 u	11.8 u	7.6 u	9.7 u	7.6 u	6.4 bu	5.4 u	5.8 bu
H51,TOTAL,THS,PT	11.2 	12.9 	10.2 	8.7 	7.6 	7.0 	6.7 b	6.9 	13.5 	10.5 b
H51,TOTAL,THS,RO	6.5 u	7.0 u	8.0 u	: u	8.9 u	10.2 u	8.5 u	7.2 bu	8.7 u	7.7 bu
H51,TOTAL,THS,SE	7.8 	8.1 	6.5 	5.9 	6.4 	6.7 	6.1 	7.0 	7.5 	7.9 b
H51,TOTAL,THS,SI	: u	0.8 u	0.8 u	0.5 u	1.5 u	1.2 u	1.5 u	1.8 u	1.9 u	1.6 bu
H51,TOTAL,THS,SK	: u	2.5 u	2.4 u	2.3 u	: u	: u	: bu	: u	2.3 bu	2.8 bu
H51,TOTAL,THS,TR	37.7 	35.9 	29.8 	22.0 b	40.7 	23.2 	22.8 	21.3 	26.2 	: 
H51,TOTAL,THS,UK	65.5 	68.0 	66.9 	68.0 	55.8 	60.2 	65.3 	60.6 	69.0 	51.5 b
H51,UNK,THS,CH	: 	: c	: 	: 	: 	: 	: 	: bc	: 	: 
H51,UNK,THS,DE	: c	: c	: c	: c	: c	: 	: u	: 	: c	: 
H51,UNK,THS,EA17	: u	: u	: u	: c	: u	: c	: u	: u	: u	: bc
H51,UNK,THS,EA18	: u	: u	: u	: c	: u	: c	: u	: u	: u	: bc
H51,UNK,THS,EA19	: u	: u	: u	: c	: u	: c	: u	: u	: u	: bc
H51,UNK,THS,EU15	: u	: u	: u	: c	: u	: c	: u	: u	: u	: bc
H51,UNK,THS,EU27	: u	: u	: u	: c	: u	: c	: u	: u	: u	: bc
H51,UNK,THS,EU28	: u	: u	: u	: c	: u	: c	: u	: u	: u	: bc
H51,UNK,THS,IE	: 	: c	: c	: 	: u	: c	: 	: 	: c	: bc
H51,UNK,THS,LU	: c	: c	: 	: 	: 	: 	: 	: 	: 	: 
H51,UNK,THS,MK	: 	: 	: 	: 	: 	: c	: 	: 	: 	: 
H51,UNK,THS,NL	: c	: c	: c	: 	: bc	: c	: c	: bu	: c	: 
H51,UNK,THS,NO	: 	: 	: 	: 	: c	: 	: c	: 	: 	: 
H51,UNK,THS,SI	: 	: 	: 	: c	: c	: 	: 	: 	: 	: 
H51,UNK,THS,UK	: 	: 	: 	: 	: 	: c	: 	: 	: 	: 
I,LTD,THS,AT	38.0 	32.3 	29.9 	32.8 	35.0 	36.2 	34.9 	36.7 	36.6 	37.7 b
I,LTD,THS,BE	24.5 b	23.4 	15.9 	17.1 	15.1 	16.4 	16.8 	10.9 	12.4 	11.7 b
I,LTD,THS,BG	15.4 	14.8 	17.6 	19.1 	16.0 	15.8 	12.3 b	16.0 b	15.4 	18.0 b
I,LTD,THS,CH	19.8 	19.1 	21.8 	21.1 	19.9 	19.6 	20.0 	24.2 b	24.5 	21.1 b
I,LTD,THS,CY	8.9 	9.9 	8.6 	7.8 	7.2 	6.0 	3.7 	4.2 	5.0 b	3.5 b
I,LTD,THS,CZ	25.0 	25.4 	26.1 	26.2 	23.9 	21.1 	16.2 b	19.4 	20.8 	16.2 b
I,LTD,THS,DE	199.5 	221.1 	213.8 	203.1 	196.5 	207.8 	225.2 	222.0 b	240.3 	226.5 b
I,LTD,THS,DK	18.4 b	18.1 b	10.6 	7.4 	7.9 	7.7 	7.8 	6.3 	8.0 	6.9 b
I,LTD,THS,EA17	1721.0 	1625.4 	1547.0 	1446.4 	1365.1 	1363.2 	1362.5 	1307.6 	1311.7 	1349.0 b
I,LTD,THS,EA18	1722.3 	1626.5 	1548.4 	1447.1 	1366.1 	1364.5 	1363.4 	1309.6 	1312.8 	1350.4 b
I,LTD,THS,EA19	1723.9 	1627.8 	1549.6 	1448.3 	1368.1 	1365.2 	1365.4 	1310.6 	1313.8 	1352.3 b
I,LTD,THS,EE	2.0 u	2.5 u	1.5 u	2.6 	1.6 u	1.6 u	1.7 u	1.5 u	: u	: bu
I,LTD,THS,EL	67.1 	64.1 	66.9 	58.6 	45.3 	46.7 	53.2 	55.3 	56.5 b	52.7 b
I,LTD,THS,ES	520.6 	497.2 	455.5 	421.4 	387.3 	366.7 	388.9 	352.5 	365.5 b	415.7 b
I,LTD,THS,EU15	1909.9 	1821.2 	1717.5 	1608.0 	1532.0 	1512.0 	1505.7 	1458.6 	1437.8 	1480.8 b
I,LTD,THS,EU27	2164.2 	2089.0 	1977.8 	1857.3 	1753.7 	1729.8 	1711.5 	1670.7 	1639.8 	1681.5 b
I,LTD,THS,EU28	2211.5 	2132.1 	2011.8 	1887.4 	1776.3 	1751.4 	1735.0 	1691.3 	1655.7 	1699.2 b
I,LTD,THS,FI	13.2 	14.0 	12.3 	13.6 	13.0 	14.4 	11.1 	12.0 	12.4 	12.4 b
I,LTD,THS,FR	205.5 	179.5 	178.0 	157.3 b	173.6 	177.6 	167.8 	158.5 	145.5 	154.7 b
I,LTD,THS,HR	47.3 	43.1 	34.0 	30.1 b	22.7 	21.6 	23.5 	20.6 	16.0 	17.7 b
I,LTD,THS,HU	11.3 	14.5 	17.6 	16.2 	17.8 	15.4 	15.8 	19.3 	14.8 	13.0 b
I,LTD,THS,IE	24.9 b	21.8 	21.5 	23.8 	21.7 	20.5 	19.4 	20.9 	18.6 	20.3 b
I,LTD,THS,IS	1.2 	1.8 	1.5 	1.7 	1.9 	1.3 	1.3 	0.9 	0.8 	1.0 b
I,LTD,THS,IT	362.4 	315.8 	306.1 	281.6 	254.3 	267.1 	232.8 	222.2 	209.1 	199.7 b
I,LTD,THS,LT	: u	: u	: u	: u	: u	: u	: u	: u	: u	: bu
I,LTD,THS,LU	0.8 u	1.2 	1.3 b	0.5 u	0.7 u	0.8 u	0.7 u	0.6 u	0.8 bu	: bu
I,LTD,THS,LV	1.3 u	: u	1.4 u	: u	: u	: u	: u	: u	: u	1.4 bu
I,LTD,THS,ME	9.4 	9.1 	6.9 	6.7 	6.5 	4.1 	3.2 	: 	: 	: 
I,LTD,THS,MK	6.5 	6.4 	5.7 	6.8 	5.4 	5.1 	6.2 	: 	: 	: 
I,LTD,THS,MT	0.5 u	0.8 u	0.9 	1.8 	2.0 	1.5 	1.3 	1.1 	1.4 	1.0 b
I,LTD,THS,NL	136.4 	134.3 	132.7 	129.3 	121.0 b	123.1 	118.9 	120.8 b	121.8 	117.4 b
I,LTD,THS,NO	10.2 	9.8 	8.7 	8.5 	8.7 	8.9 	7.1 	8.0 	7.7 	8.4 b
I,LTD,THS,PL	154.0 	159.6 	143.7 	140.0 	121.7 	127.1 	126.3 	122.1 b	114.3 	115.7 b
I,LTD,THS,PT	88.4 	75.9 	66.9 	66.8 	69.0 	56.4 	67.0 b	68.6 	64.2 	72.1 b
I,LTD,THS,RO	: u	: u	: u	: u	6.8 u	7.0 u	6.5 u	: bu	6.6 u	6.9 bu
I,LTD,THS,SE	60.6 	57.0 	55.6 	55.9 	54.8 	51.5 	49.3 	52.4 	49.2 	51.4 b
I,LTD,THS,SI	15.0 	14.8 	15.5 	11.1 	11.1 	11.3 	12.1 	12.8 	11.3 	13.1 b
I,LTD,THS,SK	13.3 	16.8 	19.7 	17.3 	10.6 	9.1 	7.0 b	7.0 	9.2 b	9.6 b
I,LTD,THS,TR	182.8 	155.9 	160.2 	152.7 b	132.4 	107.1 	107.4 	96.1 	79.0 	: 
I,LTD,THS,UK	149.6 	165.6 	150.6 	138.8 	136.7 	119.0 	111.8 	118.9 	96.8 	101.0 b
I,NLTD,THS,AT	187.0 	184.5 	171.7 	161.6 	164.8 	173.6 	167.4 	167.0 	171.0 	156.7 b
I,NLTD,THS,BE	83.0 b	82.0 	81.6 	87.0 	82.9 	81.2 	83.5 	79.0 	79.1 	86.0 b
I,NLTD,THS,BG	136.4 	125.7 	123.8 	118.1 	112.3 	120.0 	129.2 b	128.9 b	134.2 	130.3 b
I,NLTD,THS,CH	135.7 	128.2 	136.9 	132.2 	133.4 	125.7 	132.9 	130.7 b	105.6 	106.7 b
I,NLTD,THS,CY	22.5 	19.2 	17.2 	16.4 	18.0 	18.8 	18.7 	19.7 	18.0 b	17.3 b
I,NLTD,THS,CZ	114.6 	118.7 	132.0 	134.8 	121.8 	121.2 	131.6 b	132.3 	130.4 	126.2 b
I,NLTD,THS,DE	1142.1 	1121.7 	1091.0 	1074.9 	1065.9 	1036.7 	983.2 	946.0 b	977.7 	934.8 b
I,NLTD,THS,DK	89.9 b	91.2 b	96.7 	86.7 	80.9 	78.6 	74.3 	71.7 	68.5 	69.0 b
I,NLTD,THS,EA17	4385.2 	4295.8 	4080.6 	3891.8 	3866.6 	3909.5 	3861.2 	3823.1 	3855.2 	3763.9 b
I,NLTD,THS,EA18	4411.2 	4322.4 	4107.5 	3918.4 	3888.7 	3933.6 	3884.7 	3846.2 	3876.1 	3789.7 b
I,NLTD,THS,EA19	4440.9 	4354.3 	4138.1 	3949.4 	3918.1 	3963.0 	3913.6 	3874.9 	3905.4 	3820.9 b
I,NLTD,THS,EE	22.0 	22.8 	23.3 	21.6 	20.1 	15.4 	15.6 	16.5 	16.3 	21.4 b
I,NLTD,THS,EL	164.4 	159.0 	146.0 	136.3 	109.0 	113.2 	118.6 	124.8 	136.8 b	134.0 b
I,NLTD,THS,ES	803.0 	779.3 	710.3 	647.5 	635.2 	663.3 	690.3 	696.4 	714.8 b	686.1 b
I,NLTD,THS,EU15	5825.7 	5698.4 	5436.0 	5209.4 	5093.9 	5125.8 	5051.7 	4973.5 	4978.3 	4776.7 b
I,NLTD,THS,EU27	6817.1 	6664.9 	6367.5 	6124.5 	5981.5 	6016.2 	5947.1 	5857.9 	5872.4 	5663.3 b
I,NLTD,THS,EU28	6872.3 	6716.9 	6418.3 	6175.9 	6036.6 	6069.3 	5998.2 	5919.4 	5932.4 	5725.4 b
I,NLTD,THS,FI	62.1 	58.5 	62.5 	60.3 	62.9 	61.6 	61.5 	59.3 	61.7 	65.7 b
I,NLTD,THS,FR	647.1 	661.1 	631.0 	597.4 b	609.9 	627.4 	635.9 	617.8 	582.7 	545.3 b
I,NLTD,THS,HR	55.2 	52.0 	50.8 	51.3 b	55.1 	53.1 	51.2 	61.5 	60.0 	62.1 b
I,NLTD,THS,HU	160.5 	161.6 	150.9 	135.5 	123.8 	126.4 	120.2 	109.6 	116.2 	126.3 b
I,NLTD,THS,IE	125.4 b	117.9 	110.8 	105.0 	100.3 	88.3 	83.3 	91.7 	97.3 	99.2 b
I,NLTD,THS,IS	9.0 	8.9 	8.2 	7.4 	6.8 	5.8 	6.4 	6.0 	6.0 	4.8 b
I,NLTD,THS,IT	680.7 	674.3 	629.8 	580.3 	583.3 	596.0 	570.6 	573.0 	570.2 	573.5 b
I,NLTD,THS,LT	29.6 	31.9 	30.6 	31.0 	29.4 	29.3 	28.9 	28.7 	29.3 	31.2 b
I,NLTD,THS,LU	5.6 	7.0 	6.8 b	6.5 	5.7 	6.6 	6.2 	4.0 	5.0 b	4.9 b
I,NLTD,THS,LV	26.0 	26.6 	26.9 	26.6 	22.2 	24.1 	23.5 	23.1 	20.9 	25.8 b
I,NLTD,THS,ME	7.0 	6.5 	7.4 	8.6 	8.0 	7.8 	8.4 	: 	: 	: 
I,NLTD,THS,MK	18.2 	15.5 	17.1 	14.0 	13.9 	15.7 	13.5 	: 	: 	: 
I,NLTD,THS,MT	14.2 	14.2 	12.2 	12.0 	13.3 	12.1 	10.9 	10.4 	10.5 	10.6 b
I,NLTD,THS,NL	160.0 	155.0 	155.5 	138.4 	139.9 b	164.6 	163.1 	162.6 b	161.4 	168.7 b
I,NLTD,THS,NO	61.4 	56.9 	62.9 	61.9 	54.8 	55.1 	55.4 	56.9 	57.1 	55.0 b
I,NLTD,THS,PL	172.4 	154.2 	143.4 	145.6 	159.8 	166.4 	157.9 	158.8 b	163.2 	149.3 b
I,NLTD,THS,PT	162.7 	139.6 	130.2 	138.6 	147.0 	150.5 	149.5 b	148.4 	148.9 	149.8 b
I,NLTD,THS,RO	189.8 	192.1 	170.6 	165.5 	158.6 	156.3 	155.8 	149.7 b	151.4 	138.3 b
I,NLTD,THS,SE	93.7 	93.1 	87.5 	80.1 	77.2 	74.2 	72.2 	73.5 	71.4 	72.2 b
I,NLTD,THS,SI	23.8 	19.9 	23.8 	23.2 	20.6 	21.7 	25.0 	26.5 	22.9 	25.3 b
I,NLTD,THS,SK	79.6 	79.7 	76.8 	84.9 	87.8 	78.7 	77.8 b	80.1 	80.7 b	84.4 b
I,NLTD,THS,TR	997.4 	975.0 	965.5 	863.3 b	869.9 	798.5 	738.0 	693.3 	682.6 	: 
I,NLTD,THS,UK	1419.1 	1374.0 	1324.5 	1308.8 	1229.0 	1210.1 	1192.2 	1158.5 	1131.7 	1030.7 b
I,TOTAL,THS,AT	225.1 	216.8 	201.6 	194.4 	199.8 	209.8 	202.3 	203.7 	207.7 	194.4 b
I,TOTAL,THS,BE	107.5 b	105.4 	97.5 	104.1 	98.0 	97.6 	100.3 	89.9 	91.6 	97.7 b
I,TOTAL,THS,BG	151.8 	140.5 	141.4 	137.2 	128.2 	135.8 	141.6 b	144.9 b	149.6 	148.3 b
I,TOTAL,THS,CH	156.7 	148.5 	160.0 	154.0 	154.4 	146.1 	153.9 	156.3 b	131.2 	127.9 b
I,TOTAL,THS,CY	31.4 	29.1 	25.8 	24.2 	25.2 	24.8 	22.5 	23.9 	23.0 b	20.8 b
I,TOTAL,THS,CZ	139.6 	144.2 	158.8 	161.2 	146.0 	142.4 	148.1 b	151.7 	151.5 	142.5 b
I,TOTAL,THS,DE	1353.4 	1353.2 	1311.5 	1286.9 	1270.1 	1254.8 	1219.0 	1174.6 b	1221.7 	1171.2 b
I,TOTAL,THS,DK	108.2 b	109.3 b	107.3 	94.1 	88.8 	86.3 	82.1 	78.1 	76.5 	75.9 b
I,TOTAL,THS,EA17	6127.0 	5939.3 	5641.3 	5352.7 	5245.6 	5289.9 	5240.2 	5143.3 	5177.3 	5129.6 b
I,TOTAL,THS,EA18	6154.4 	5967.2 	5669.6 	5379.9 	5268.7 	5315.4 	5264.7 	5168.3 	5199.4 	5156.8 b
I,TOTAL,THS,EA19	6185.7 	6000.4 	5701.4 	5412.1 	5300.2 	5345.4 	5295.6 	5198.0 	5229.7 	5189.9 b
I,TOTAL,THS,EE	23.9 	25.4 	24.8 	24.1 	21.7 	17.0 	17.2 	18.0 	17.3 	21.7 b
I,TOTAL,THS,EL	231.5 	223.1 	212.9 	194.8 	154.3 	159.9 	171.7 	180.0 	193.4 b	186.8 b
I,TOTAL,THS,ES	1323.6 	1276.5 	1165.8 	1068.9 	1022.5 	1030.0 	1079.3 	1048.8 	1080.3 b	1101.9 b
I,TOTAL,THS,EU15	7760.6 	7542.7 	7172.6 	6835.1 	6644.6 	6657.9 	6577.9 	6448.0 	6428.5 	6277.1 b
I,TOTAL,THS,EU27	9006.3 	8777.4 	8365.1 	8000.0 	7754.2 	7766.2 	7679.5 	7544.5 	7524.8 	7364.5 b
I,TOTAL,THS,EU28	9109.6 	8872.9 	8449.9 	8081.5 	7832.0 	7841.0 	7754.2 	7626.7 	7600.8 	7444.3 b
I,TOTAL,THS,FI	75.4 	72.7 	74.9 	74.1 	76.1 	76.2 	72.8 	71.4 	74.1 	78.2 b
I,TOTAL,THS,FR	852.5 	840.6 	809.0 	754.6 b	783.5 	805.0 	803.7 	776.3 	728.2 	700.0 b
I,TOTAL,THS,HR	103.3 	95.5 	84.8 	81.4 b	77.8 	74.8 	74.7 	82.2 	76.0 	79.8 b
I,TOTAL,THS,HU	171.8 	176.1 	168.5 	151.8 	141.6 	141.8 	136.1 	129.0 	131.0 	139.3 b
I,TOTAL,THS,IE	151.4 b	141.3 	133.1 	129.6 	123.2 	109.7 	104.0 	113.6 	116.8 	120.7 b
I,TOTAL,THS,IS	10.3 	10.9 	9.9 	9.6 	8.9 	7.3 	7.9 	7.1 	6.9 	5.8 b
I,TOTAL,THS,IT	1043.1 	990.1 	935.8 	861.9 	837.6 	863.1 	803.4 	795.2 	779.3 	773.2 b
I,TOTAL,THS,LT	31.3 	33.2 	31.8 	32.2 	31.4 	30.0 	30.9 	29.7 	30.3 	33.2 b
I,TOTAL,THS,LU	6.4 	8.4 	8.3 b	7.1 	6.4 	7.3 	6.8 	4.6 	5.8 b	5.4 b
I,TOTAL,THS,LV	27.4 	27.9 	28.3 	27.2 	23.2 	25.5 	24.5 	25.0 	22.0 	27.2 b
I,TOTAL,THS,ME	16.4 	15.6 	14.3 	15.3 	14.5 	11.9 	11.5 	: 	: 	: 
I,TOTAL,THS,MK	24.7 	21.9 	22.8 	20.7 	19.3 	20.8 	19.7 	: 	: 	: 
I,TOTAL,THS,MT	14.7 	15.0 	13.1 	13.9 	15.3 	13.6 	12.2 	11.5 	11.9 	11.7 b
I,TOTAL,THS,NL	304.1 	295.0 	294.0 	271.9 	265.7 b	293.5 	286.2 	288.3 b	289.2 	291.6 b
I,TOTAL,THS,NO	72.7 	67.1 	72.3 	71.0 	64.5 	64.7 	63.6 	65.5 	65.3 	63.8 b
I,TOTAL,THS,PL	326.4 	313.9 	287.1 	285.6 	281.5 	293.5 	284.2 	281.0 b	277.6 	265.0 b
I,TOTAL,THS,PT	251.1 	215.5 	197.1 	205.5 	216.1 	206.8 	216.6 b	217.0 	213.1 	221.9 b
I,TOTAL,THS,RO	195.7 	198.3 	177.0 	170.9 	165.4 	163.3 	162.3 	155.4 b	158.0 	145.2 b
I,TOTAL,THS,SE	154.3 	150.0 	143.1 	136.0 	131.9 	125.7 	121.5 	125.9 	120.6 	123.6 b
I,TOTAL,THS,SI	38.9 	34.7 	39.3 	34.3 	31.8 	33.1 	37.3 	39.4 	34.3 	38.4 b
I,TOTAL,THS,SK	93.0 	96.5 	96.5 	102.4 	98.3 	87.7 	84.9 b	87.1 	89.9 b	94.0 b
I,TOTAL,THS,TR	1180.2 	1130.9 	1125.7 	1016.0 b	1002.3 	905.6 	845.4 	789.5 	761.6 	: 
I,TOTAL,THS,UK	1572.8 	1544.7 	1480.5 	1451.1 	1370.5 	1332.1 	1308.1 	1280.6 	1230.4 	1134.6 b
I,UNK,THS,CH	1.2 u	1.2 u	1.3 u	: u	1.2 u	: u	1.0 u	1.4 bu	: u	: bc
I,UNK,THS,CZ	: c	: c	0.7 u	: u	: u	: c	: bu	: c	: u	: bu
I,UNK,THS,DE	11.8 	10.3 	6.7 	9.0 	7.8 	10.4 	10.7 	6.6 b	: u	10.0 b
I,UNK,THS,EA17	20.9 	18.1 	13.7 	14.4 	14.0 	17.2 	16.6 	12.6 	10.5 u	16.7 b
I,UNK,THS,EA18	20.9 	18.2 	13.7 	14.4 	14.0 	17.2 	16.6 	12.6 	10.5 u	16.7 b
I,UNK,THS,EA19	20.9 	18.2 	13.7 	14.4 	14.0 	17.2 	16.6 	12.6 	10.5 u	16.7 bu
I,UNK,THS,EE	: 	: c	: 	: 	: 	: 	: 	: 	: 	: 
I,UNK,THS,EU15	24.9 	23.1 	19.1 	17.7 	18.7 	20.2 	20.5 	15.9 	12.4 u	19.5 b
I,UNK,THS,EU27	25.0 	23.5 	19.8 	18.2 	19.0 	20.2 	21.0 	15.9 	12.7 u	19.7 bu
I,UNK,THS,EU28	25.8 	23.9 	19.8 	18.2 	19.0 	20.2 	21.0 	15.9 	12.7 u	19.7 bu
I,UNK,THS,FI	: c	: u	: u	: u	: u	: c	: u	: c	: 	: bc
I,UNK,THS,HR	: u	: c	: 	: 	: 	: 	: 	: 	: 	: 
I,UNK,THS,IE	: bu	: u	: u	: u	: u	: u	: u	: u	: u	: bu
I,UNK,THS,IS	: u	: u	: u	: u	: u	: u	: u	: u	: c	: 
I,UNK,THS,LU	: u	: u	: bu	: c	: c	: 	: 	: 	: bc	: 
I,UNK,THS,LV	: 	: c	: 	: 	: 	: 	: 	: 	: 	: 
I,UNK,THS,NL	7.7 	5.7 	5.8 	4.1 	4.8 b	5.8 	4.2 	4.9 b	5.9 	5.5 b
I,UNK,THS,NO	1.2 	: u	0.7 u	0.6 u	0.9 u	0.7 u	1.1 u	: u	: u	: bu
I,UNK,THS,SI	: c	: c	: 	: c	: c	: 	: u	: 	: 	: 
I,UNK,THS,SK	: 	: 	: 	: c	: 	: 	: 	: 	: 	: 
I,UNK,THS,UK	4.1 u	5.2 u	5.4 u	: u	4.8 u	: u	4.0 u	: u	: u	: bu
I55,LTD,THS,AT	18.4 	16.8 	15.2 	17.7 	18.4 	19.1 	19.7 	19.0 	20.7 	19.3 b
I55,LTD,THS,BE	3.6 bu	3.9 u	2.6 u	3.9 u	3.6 u	2.2 u	3.7 u	: u	: u	2.8 bu
I55,LTD,THS,BG	5.7 u	7.9 	8.9 	9.0 	7.9 	6.4 u	6.2 bu	8.2 b	7.7 	6.7 bu
I55,LTD,THS,CH	9.9 	9.5 	9.8 	10.4 	9.4 	11.6 	9.4 	11.7 b	13.2 	10.7 b
I55,LTD,THS,CY	5.9 	6.8 	5.6 	5.2 	5.1 	4.4 	2.8 	2.6 	2.8 b	2.4 b
I55,LTD,THS,CZ	8.2 	7.0 	6.6 	5.7 	7.5 	6.7 	4.8 b	5.1 	5.6 	4.1 b
I55,LTD,THS,DE	78.3 	90.9 	86.5 	82.8 	84.2 	78.4 	86.8 	87.4 b	95.8 	84.4 b
I55,LTD,THS,DK	5.7 b	4.4 b	2.9 u	: u	2.3 u	2.1 u	2.3 u	: u	2.6 u	: bu
I55,LTD,THS,EA17	526.0 	511.4 	471.7 	431.0 	428.2 	423.0 	439.7 	403.0 	409.5 	424.9 b
I55,LTD,THS,EA18	526.4 	511.7 	472.1 	431.2 	428.3 	423.0 	440.2 	403.4 	409.9 	425.3 b
I55,LTD,THS,EA19	526.9 	511.9 	472.4 	431.4 	428.9 	423.1 	440.5 	403.6 	410.2 	426.0 b
I55,LTD,THS,EE	: u	: u	: u	: u	: u	: u	: u	: u	: u	: bc
I55,LTD,THS,EL	36.5 	27.4 	30.4 	29.9 	23.6 	23.0 	21.5 	21.2 	23.1 b	23.2 b
I55,LTD,THS,ES	140.2 	137.6 	116.5 	103.3 	100.1 	95.5 	111.8 	93.4 	93.0 b	97.6 b
I55,LTD,THS,EU15	567.0 	547.5 	502.8 	461.3 	460.4 	453.6 	473.6 	442.3 	440.3 	459.5 b
I55,LTD,THS,EU27	642.5 	626.4 	581.2 	536.3 	528.6 	520.1 	533.9 	500.6 	498.9 	520.7 b
I55,LTD,THS,EU28	660.1 	641.3 	595.6 	548.3 	536.8 	529.1 	542.0 	505.1 	503.0 	527.0 b
I55,LTD,THS,FI	2.0 u	2.4 u	2.9 u	2.4 u	2.5 u	3.0 u	2.6 u	3.1 u	3.0 u	2.6 bu
I55,LTD,THS,FR	66.1 	63.3 	60.5 	44.7 b	57.4 	66.7 	58.5 	48.7 	48.7 	64.2 b
I55,LTD,THS,HR	17.5 	14.9 	14.4 	12.0 b	8.2 u	9.0 u	8.1 u	4.5 u	4.1 u	6.3 bu
I55,LTD,THS,HU	3.0 u	3.1 u	4.9 	4.8 u	5.2 	4.3 u	4.9 	4.7 u	3.9 u	3.0 bu
I55,LTD,THS,IE	7.7 b	8.4 	8.2 	8.8 	7.9 	7.1 	7.0 	7.8 	6.5 	7.3 b
I55,LTD,THS,IS	: u	0.9 	0.7 	0.9 	0.8 	0.7 	0.5 	: u	: u	: bu
I55,LTD,THS,IT	110.8 	98.9 	93.0 	83.0 	79.2 	80.3 	74.5 	68.8 	66.9 	72.6 b
I55,LTD,THS,LT	: u	: u	: c	: u	: u	: c	: u	: u	: u	: bu
I55,LTD,THS,LU	: u	: u	: bu	: u	: u	: u	: u	: u	: bu	: bu
I55,LTD,THS,LV	: u	: u	: u	: u	: c	: c	: u	: u	: u	: bc
I55,LTD,THS,ME	4.2 	4.1 	2.6 	2.5 	2.5 	1.5 u	: u	: 	: 	: 
I55,LTD,THS,MK	1.2 	1.0 u	0.8 u	1.3 	0.8 u	1.1 u	1.1 u	: 	: 	: 
I55,LTD,THS,MT	: u	0.4 u	0.6 u	1.2 	1.4 	0.8 	1.0 	0.8 	0.9 	0.8 b
I55,LTD,THS,NL	24.2 	25.3 	23.5 	23.0 	20.4 b	23.8 	25.8 	26.5 b	25.7 	23.6 b
I55,LTD,THS,NO	3.7 	3.2 	3.6 	2.9 	2.4 	3.1 	2.1 	3.0 	2.9 	4.4 b
I55,LTD,THS,PL	44.0 	43.9 	41.3 	40.2 	31.5 	35.8 	32.9 	28.5 b	28.6 	33.7 b
I55,LTD,THS,PT	25.6 	20.6 	17.0 	17.7 	18.4 	13.3 	19.4 b	16.1 	14.7 	17.6 b
I55,LTD,THS,RO	: u	: u	: u	: u	: u	: u	: u	: bu	: u	: bu
I55,LTD,THS,SE	17.0 	15.9 	14.9 	12.6 	12.1 	13.4 	13.8 	14.4 	13.7 	13.7 b
I55,LTD,THS,SI	3.1 u	3.0 u	4.0 	2.5 u	2.5 u	2.3 u	2.5 u	2.6 u	2.3 u	2.7 bu
I55,LTD,THS,SK	2.4 u	4.7 	4.5 	4.0 	3.2 	2.6 u	: bu	2.6 u	3.5 b	3.7 b
I55,LTD,THS,TR	72.2 	51.2 	67.2 	60.3 b	56.6 	50.9 	48.3 	43.9 	33.9 	: 
I55,LTD,THS,UK	30.8 	31.6 	28.3 	29.5 	30.1 	25.5 	25.8 	32.0 	24.1 	28.6 b
I55,NLTD,THS,AT	58.3 	58.2 	53.9 	47.6 	49.5 	52.7 	50.3 	52.8 	56.5 	57.0 b
I55,NLTD,THS,BE	18.8 b	20.8 	17.8 	19.2 	19.9 	19.9 	16.7 	17.0 	19.0 	17.7 b
I55,NLTD,THS,BG	36.1 	31.6 	29.1 	28.1 	26.6 	31.3 	30.6 b	29.5 b	31.1 	31.3 b
I55,NLTD,THS,CH	39.1 	37.1 	35.3 	36.9 	42.0 	36.0 	39.3 	40.7 b	33.7 	32.4 b
I55,NLTD,THS,CY	7.2 	6.4 	5.5 	5.3 	6.2 	6.8 	7.1 	8.1 	8.0 b	8.9 b
I55,NLTD,THS,CZ	33.8 	33.9 	36.6 	35.8 	30.6 	33.0 	34.7 b	32.7 	36.0 	35.8 b
I55,NLTD,THS,DE	369.9 	360.3 	337.0 	349.5 	354.5 	315.1 	300.8 	284.5 b	292.8 	251.3 b
I55,NLTD,THS,DK	16.3 b	18.6 b	19.6 	16.7 	15.7 	18.9 	17.3 	16.0 	17.4 	17.4 b
I55,NLTD,THS,EA17	1169.7 	1162.3 	1071.8 	1044.6 	1039.4 	1045.1 	1061.8 	1034.8 	1044.9 	1011.9 b
I55,NLTD,THS,EA18	1173.6 	1167.1 	1076.5 	1049.3 	1043.0 	1048.2 	1065.8 	1039.4 	1048.9 	1016.1 b
I55,NLTD,THS,EA19	1178.5 	1173.2 	1081.9 	1056.8 	1049.7 	1052.9 	1069.6 	1042.9 	1052.2 	1021.2 b
I55,NLTD,THS,EE	7.0 	7.1 	6.3 	6.7 	7.0 	5.0 	4.8 	6.4 	6.0 	7.2 b
I55,NLTD,THS,EL	29.7 	30.7 	29.0 	28.8 	22.1 	27.6 	26.9 	26.4 	29.4 b	33.6 b
I55,NLTD,THS,ES	239.9 	229.9 	206.9 	197.8 	188.1 	204.4 	228.1 	212.2 	202.9 b	200.9 b
I55,NLTD,THS,EU15	1456.6 	1455.9 	1361.0 	1321.3 	1299.8 	1307.9 	1317.7 	1273.0 	1293.0 	1239.5 b
I55,NLTD,THS,EU27	1721.6 	1723.1 	1614.6 	1578.5 	1552.8 	1562.6 	1562.2 	1508.6 	1537.9 	1490.9 b
I55,NLTD,THS,EU28	1741.1 	1741.5 	1635.0 	1602.3 	1572.4 	1585.6 	1584.3 	1530.3 	1558.6 	1514.6 b
I55,NLTD,THS,FI	10.8 	10.0 	9.9 	9.5 	9.8 	10.2 	11.9 	11.7 	11.1 	12.4 b
I55,NLTD,THS,FR	159.3 	171.6 	143.6 	134.6 b	132.8 	143.3 	156.8 	159.4 	146.6 	142.9 b
I55,NLTD,THS,HR	19.5 	18.4 	20.4 	23.8 b	19.6 	23.0 	22.1 	21.6 	20.8 	23.7 b
I55,NLTD,THS,HU	34.2 	38.1 	34.1 	31.2 	32.1 	35.7 	32.4 	24.8 	25.7 	30.9 b
I55,NLTD,THS,IE	43.1 b	41.9 	41.9 	40.9 	39.0 	36.6 	30.5 	35.3 	37.8 	37.6 b
I55,NLTD,THS,IS	2.9 	2.2 	2.2 	2.0 	1.7 	1.6 	1.9 	1.5 	1.5 	1.1 b
I55,NLTD,THS,IT	109.5 	118.8 	107.0 	95.4 	101.6 	102.5 	103.9 	101.7 	115.8 	116.7 b
I55,NLTD,THS,LT	5.0 u	6.1 u	5.4 u	7.5 u	6.7 u	4.7 u	: u	: u	: u	: bu
I55,NLTD,THS,LU	0.8 u	1.3 	2.0 b	1.8 	1.4 	1.3 	1.8 	1.0 	1.3 b	1.6 b
I55,NLTD,THS,LV	3.8 	4.7 	4.7 	4.6 	3.6 	3.1 	3.9 	4.5 	4.0 	4.3 b
I55,NLTD,THS,ME	3.0 	3.8 	4.4 	4.6 	4.4 	3.1 	3.5 	: 	: 	: 
I55,NLTD,THS,MK	4.0 	4.0 	3.8 	3.6 	3.6 	3.4 	3.9 	: 	: 	: 
I55,NLTD,THS,MT	8.2 	7.0 	6.2 	6.6 	8.2 	7.6 	7.0 	6.9 	7.3 	7.4 b
I55,NLTD,THS,NL	37.1 	33.2 	32.2 	28.3 	28.8 b	41.0 	42.7 	40.0 b	39.9 	44.3 b
I55,NLTD,THS,NO	16.7 	15.5 	16.6 	18.7 	17.2 	20.1 	18.7 	20.1 	20.8 	19.4 b
I55,NLTD,THS,PL	57.0 	59.2 	51.2 	47.9 	56.8 	56.8 	48.6 	46.5 b	48.6 	48.8 b
I55,NLTD,THS,PT	41.7 	37.0 	37.3 	38.2 	37.1 	38.3 	40.2 b	37.4 	38.3 	40.2 b
I55,NLTD,THS,RO	44.4 	45.1 	39.1 	49.0 	41.6 	37.6 	39.4 	38.6 b	42.5 	39.6 b
I55,NLTD,THS,SE	25.2 	26.1 	25.6 	21.5 	21.5 	20.8 	20.0 	22.6 	20.2 	21.0 b
I55,NLTD,THS,SI	6.8 	5.5 	8.2 	8.4 	7.8 	8.9 	9.7 	9.9 	7.9 	9.3 b
I55,NLTD,THS,SK	21.7 	22.5 	27.1 	26.0 	25.9 	24.1 	22.6 b	24.2 	24.2 b	22.8 b
I55,NLTD,THS,TR	205.6 	201.3 	218.4 	188.7 b	202.9 	179.1 	156.0 	141.9 	142.3 	: 
I55,NLTD,THS,UK	296.2 	297.4 	297.2 	291.5 	278.2 	275.5 	269.8 	255.1 	264.0 	244.9 b
I55,TOTAL,THS,AT	76.8 	75.0 	69.1 	65.4 	67.8 	71.7 	70.0 	71.8 	77.2 	76.3 b
I55,TOTAL,THS,BE	22.4 b	24.7 	20.4 	23.1 	23.5 	22.1 	20.4 	18.7 	20.5 	20.5 b
I55,TOTAL,THS,BG	41.7 	39.4 	37.9 	37.1 	34.5 	37.7 	36.8 b	37.7 b	38.8 	38.0 b
I55,TOTAL,THS,CH	48.9 	46.9 	45.5 	47.4 	51.8 	47.8 	49.3 	52.6 b	47.1 	43.1 b
I55,TOTAL,THS,CY	13.0 	13.2 	11.0 	10.5 	11.3 	11.1 	9.9 	10.7 	10.8 b	11.3 b
I55,TOTAL,THS,CZ	41.9 	40.9 	43.3 	41.6 	38.1 	39.7 	39.5 b	37.9 	41.6 	39.9 b
I55,TOTAL,THS,DE	450.7 	453.2 	425.4 	433.6 	440.5 	395.6 	390.0 	374.2 b	389.3 	337.0 b
I55,TOTAL,THS,DK	21.9 b	23.0 b	22.5 	18.3 	18.0 	21.0 	19.6 	17.9 	20.0 	19.2 b
I55,TOTAL,THS,EA17	1699.9 	1676.9 	1546.4 	1478.1 	1470.8 	1471.9 	1505.1 	1441.8 	1456.2 	1439.0 b
I55,TOTAL,THS,EA18	1704.2 	1681.9 	1551.5 	1482.9 	1474.5 	1475.0 	1509.5 	1446.7 	1460.6 	1443.7 b
I55,TOTAL,THS,EA19	1709.6 	1688.3 	1557.2 	1490.6 	1481.7 	1479.8 	1513.7 	1450.4 	1464.3 	1449.4 b
I55,TOTAL,THS,EE	7.7 	8.0 	6.6 	7.4 	7.2 	5.4 	5.3 	6.8 	6.2 	7.2 b
I55,TOTAL,THS,EL	66.2 	58.1 	59.3 	58.7 	45.6 	50.5 	48.5 	47.6 	52.6 b	56.8 b
I55,TOTAL,THS,ES	380.1 	367.5 	323.4 	301.1 	288.2 	299.9 	339.9 	305.6 	295.9 b	298.5 b
I55,TOTAL,THS,EU15	2029.4 	2007.7 	1867.5 	1785.0 	1763.6 	1765.5 	1795.6 	1719.6 	1735.8 	1701.5 b
I55,TOTAL,THS,EU27	2369.8 	2353.9 	2199.4 	2117.3 	2084.9 	2086.6 	2100.5 	2013.5 	2039.3 	2014.0 b
I55,TOTAL,THS,EU28	2406.8 	2387.2 	2234.2 	2153.1 	2112.7 	2118.7 	2130.7 	2039.6 	2064.1 	2044.1 b
I55,TOTAL,THS,FI	12.8 	12.4 	12.9 	12.0 	12.3 	13.2 	14.5 	14.8 	14.1 	15.0 b
I55,TOTAL,THS,FR	225.4 	234.9 	204.2 	179.3 b	190.2 	210.0 	215.3 	208.0 	195.3 	207.1 b
I55,TOTAL,THS,HR	37.0 	33.3 	34.8 	35.8 b	27.9 	32.1 	30.2 	26.1 	24.9 	30.1 b
I55,TOTAL,THS,HU	37.2 	41.1 	39.0 	36.0 	37.4 	40.0 	37.3 	29.5 	29.7 	33.9 b
I55,TOTAL,THS,IE	51.0 b	50.5 	50.3 	50.0 	47.4 	44.1 	38.0 	43.4 	44.4 	45.2 b
I55,TOTAL,THS,IS	3.3 	3.2 	2.9 	2.9 	2.6 	2.3 	2.5 	2.0 	2.0 	1.5 b
I55,TOTAL,THS,IT	220.3 	217.6 	200.0 	178.4 	180.8 	182.8 	178.5 	170.6 	182.7 	189.3 b
I55,TOTAL,THS,LT	5.5 u	6.3 u	5.7 u	7.7 u	7.2 u	4.7 u	: u	: u	: u	: bu
I55,TOTAL,THS,LU	0.9 u	1.7 	2.5 b	2.0 	1.7 	1.6 	2.0 	1.4 	1.6 b	1.8 b
I55,TOTAL,THS,LV	4.3 	5.1 	5.1 	4.8 	3.7 	3.2 	4.4 	4.9 	4.4 	4.7 b
I55,TOTAL,THS,ME	7.2 	7.9 	6.9 	7.1 	6.9 	4.6 	4.5 	: 	: 	: 
I55,TOTAL,THS,MK	5.2 	5.0 	4.6 	4.9 	4.4 	4.5 	5.0 	: 	: 	: 
I55,TOTAL,THS,MT	8.4 	7.5 	6.8 	7.8 	9.5 	8.4 	8.1 	7.7 	8.2 	8.2 b
I55,TOTAL,THS,NL	62.6 	59.3 	56.4 	52.0 	49.9 b	66.1 	69.3 	67.6 b	66.7 	68.4 b
I55,TOTAL,THS,NO	20.5 	18.7 	20.4 	21.7 	19.9 	23.3 	21.1 	23.2 	23.9 	23.9 b
I55,TOTAL,THS,PL	101.0 	103.1 	92.6 	88.0 	88.3 	92.6 	81.5 	75.0 b	77.2 	82.5 b
I55,TOTAL,THS,PT	67.3 	57.6 	54.3 	55.9 	55.5 	51.6 	59.5 b	53.5 	52.9 	57.8 b
I55,TOTAL,THS,RO	45.6 	45.8 	40.2 	50.4 	44.6 	40.4 	42.0 	40.8 b	45.0 	42.7 b
I55,TOTAL,THS,SE	42.1 	42.0 	40.4 	34.2 	33.6 	34.2 	33.7 	37.0 	33.9 	34.7 b
I55,TOTAL,THS,SI	9.9 	8.5 	12.2 	10.9 	10.4 	11.2 	12.2 	12.5 	10.2 	12.0 b
I55,TOTAL,THS,SK	24.1 	27.2 	31.6 	30.1 	29.1 	26.7 	23.9 b	26.8 	27.7 b	26.5 b
I55,TOTAL,THS,TR	277.8 	252.6 	285.5 	249.0 b	259.5 	230.0 	204.4 	185.8 	176.2 	: 
I55,TOTAL,THS,UK	328.5 	330.2 	326.3 	321.0 	308.6 	301.2 	296.3 	287.4 	288.8 	273.7 b
I55,UNK,THS,CH	: 	: u	: u	: c	: u	: u	: u	: bu	: c	: bc
I55,UNK,THS,CZ	: 	: 	: 	: 	: 	: 	: 	: c	: 	: 
I55,UNK,THS,DE	: u	: u	: u	: u	: u	: u	: u	: bu	: u	: bu
I55,UNK,THS,EA17	: u	: u	: u	: u	: u	: u	: u	: u	: u	: bu
I55,UNK,THS,EA18	: u	: u	: u	: u	: u	: u	: u	: u	: u	: bu
I55,UNK,THS,EA19	: u	: u	: u	: u	: u	: u	: u	: u	: u	: bu
I55,UNK,THS,EU15	5.7 u	: u	: u	: u	: u	: u	: u	: u	: u	: bu
I55,UNK,THS,EU27	: u	: u	: u	: u	: u	: u	: u	: u	: u	: bu
I55,UNK,THS,EU28	: u	: u	: u	: u	: u	: u	: u	: u	: u	: bu
I55,UNK,THS,FI	: 	: 	: c	: c	: 	: c	: 	: 	: 	: 
I55,UNK,THS,IE	: bu	: u	: u	: u	: u	: u	: u	: u	: u	: bu
I55,UNK,THS,IS	: c	: u	: c	: c	: 	: c	: c	: 	: 	: 
I55,UNK,THS,LU	: c	: u	: bc	: 	: 	: 	: 	: 	: 	: 
I55,UNK,THS,NL	: u	: u	: u	: u	: bu	: u	: u	: bu	: u	: bu
I55,UNK,THS,NO	: c	: c	: u	: u	: u	: c	: u	: c	: u	: bu
I55,UNK,THS,SI	: c	: c	: 	: c	: c	: 	: c	: 	: 	: 
I55,UNK,THS,SK	: 	: 	: 	: c	: 	: 	: 	: 	: 	: 
I55,UNK,THS,UK	: u	: u	: u	: 	: c	: c	: u	: c	: u	: bc
N79,LTD,THS,AT	: u	: u	: u	: u	: u	: u	: u	: u	: u	: bu
N79,LTD,THS,BE	: bu	: u	: u	: u	: u	: u	: u	: u	: u	: bu
N79,LTD,THS,BG	: c	: c	: u	: u	: c	: c	: bc	: bc	: c	: bu
N79,LTD,THS,CH	1.1 u	1.4 u	1.7 u	2.7 u	2.2 u	1.2 u	: u	1.3 bu	: u	: bu
N79,LTD,THS,CY	: u	: u	: u	: u	: u	: c	: c	: c	: bu	: 
N79,LTD,THS,CZ	0.6 u	0.7 u	0.9 u	1.6 u	0.9 u	0.8 u	0.6 bu	0.8 u	0.9 u	: bc
N79,LTD,THS,DE	16.7 	16.2 	16.3 	17.7 	18.6 	13.5 	14.4 	14.2 b	16.5 	17.5 b
N79,LTD,THS,DK	: bu	: bu	: u	: u	: u	: u	: u	: u	: u	: bu
N79,LTD,THS,EA17	52.9 	53.5 	61.6 	54.7 	53.9 	51.7 	51.1 	54.2 	50.8 	57.0 b
N79,LTD,THS,EA18	52.9 	53.5 	61.6 	54.7 	53.9 	51.9 	51.6 	54.3 	50.8 	57.1 b
N79,LTD,THS,EA19	52.9 	53.5 	61.7 	54.7 	53.9 	51.9 	51.7 	54.3 	50.9 	57.1 b
N79,LTD,THS,EE	: c	: 	: 	: c	: c	: c	: 	: c	: c	: 
N79,LTD,THS,EL	2.0 u	2.3 u	2.9 u	2.8 u	: u	2.0 u	1.7 u	2.5 u	2.8 bu	1.9 bu
N79,LTD,THS,ES	10.6 	8.6 	11.9 	9.3 	9.9 	8.6 	9.9 	10.1 	8.2 b	13.0 b
N79,LTD,THS,EU15	58.2 	60.0 	68.2 	60.8 	61.0 	61.0 	56.6 	62.6 	56.3 	64.7 b
N79,LTD,THS,EU27	65.6 	68.8 	74.8 	70.2 	67.4 	66.1 	64.1 	70.4 	63.4 	68.9 b
N79,LTD,THS,EU28	66.0 	71.2 	75.8 	71.2 	68.2 	66.5 	64.6 	71.0 	64.0 	69.5 b
N79,LTD,THS,FI	: u	: u	: u	: u	: u	: u	: u	: u	: u	: bu
N79,LTD,THS,FR	4.2 u	7.5 u	8.0 u	7.0 bu	6.7 u	8.6 u	8.1 u	6.9 u	7.1 u	8.0 bu
N79,LTD,THS,HR	: u	2.4 u	: u	: bu	: u	: c	: u	: u	: u	: bu
N79,LTD,THS,HU	: u	: c	: u	: u	: u	: u	: c	: u	: c	: bc
N79,LTD,THS,IE	: bu	: u	: u	: u	: u	: u	: u	: u	: u	: bu
N79,LTD,THS,IS	: u	: u	: u	: u	: u	: u	: u	: u	: u	: bu
N79,LTD,THS,IT	7.5 	6.8 	8.8 	6.9 	6.6 	9.7 	7.7 	7.6 	6.1 	6.4 b
N79,LTD,THS,LT	: c	: c	: c	: c	: 	: c	: c	: 	: c	: 
N79,LTD,THS,LU	: c	: c	: bc	: c	: c	: 	: c	: c	: 	: 
N79,LTD,THS,LV	: c	: c	: c	: 	: c	: c	: c	: c	: c	: bc
N79,LTD,THS,ME	: u	: u	: u	: u	: u	: c	: u	: 	: 	: 
N79,LTD,THS,MK	: c	: c	: c	0.6 u	: u	: c	: 	: 	: 	: 
N79,LTD,THS,MT	: c	: c	: 	: c	: c	: 	: 	: 	: c	: bc
N79,LTD,THS,NL	3.6 	3.2 	4.3 	2.7 	3.3 b	3.7 	3.7 	3.9 b	3.8 	3.8 b
N79,LTD,THS,NO	0.6 	: u	: u	: u	0.6 u	0.7 u	: u	: u	: u	: bu
N79,LTD,THS,PL	: u	6.3 u	: u	5.2 u	: u	: u	5.7 u	5.4 bu	: u	: bu
N79,LTD,THS,PT	: u	: u	5.7 	: u	: u	: u	: bu	: u	: u	: bu
N79,LTD,THS,RO	: 	: 	: 	: 	: c	: 	: c	: bc	: 	: 
N79,LTD,THS,SE	1.6 u	1.5 u	1.9 u	1.9 u	1.9 u	2.6 	2.1 	1.5 u	: u	: bu
N79,LTD,THS,SI	0.9 u	0.9 u	: u	1.0 u	1.1 u	0.6 u	: u	0.9 u	0.9 u	0.7 bu
N79,LTD,THS,SK	: u	: c	: c	: u	: u	: c	: 	: c	: bc	: bc
N79,LTD,THS,TR	2.3 u	3.5 	4.7 	4.4 b	1.9 u	3.6 	3.7 	2.3 u	1.5 u	: 
N79,LTD,THS,UK	4.3 u	5.1 u	4.4 u	4.9 u	6.2 u	6.9 u	: u	7.3 u	4.8 u	5.6 bu
N79,NLTD,THS,AT	14.4 	14.3 	14.3 	15.0 	16.3 	14.0 	13.5 	13.8 	15.5 	16.4 b
N79,NLTD,THS,BE	8.5 b	8.2 	8.7 	7.0 	9.8 	9.6 	8.0 	9.0 	7.8 	8.4 b
N79,NLTD,THS,BG	6.4 	4.8 u	4.4 u	5.8 u	5.0 u	3.9 u	4.4 bu	4.7 bu	4.1 u	4.4 bu
N79,NLTD,THS,CH	12.1 	12.6 	14.1 	13.8 	11.5 	10.6 	12.0 	11.7 b	12.0 	8.7 b
N79,NLTD,THS,CY	1.8 	1.5 u	0.9 u	0.8 u	1.3 u	1.8 	1.5 u	1.9 	1.9 b	1.9 b
N79,NLTD,THS,CZ	7.4 	8.8 	9.6 	9.5 	9.4 	7.8 	6.6 b	6.6 	9.0 	8.8 b
N79,NLTD,THS,DE	116.5 	111.8 	101.8 	105.3 	104.6 	96.7 	90.7 	91.9 b	96.3 	97.2 b
N79,NLTD,THS,DK	5.3 b	6.0 b	6.4 	5.0 	5.2 	5.5 	6.0 	5.6 	6.4 	6.2 b
N79,NLTD,THS,EA17	306.3 	281.8 	277.7 	285.2 	280.3 	280.8 	254.1 	265.3 	278.0 	283.5 b
N79,NLTD,THS,EA18	308.4 	282.9 	279.6 	287.2 	282.4 	282.8 	254.8 	266.9 	280.2 	285.6 b
N79,NLTD,THS,EA19	310.3 	285.0 	282.8 	289.5 	284.0 	284.4 	257.2 	270.2 	282.9 	287.5 b
N79,NLTD,THS,EE	: u	1.3 u	1.6 u	: u	1.6 u	2.0 u	: u	: u	: u	2.6 bu
N79,NLTD,THS,EL	12.0 	11.6 	10.0 	13.7 	7.8 	7.4 	8.1 	8.9 	9.6 b	12.4 b
N79,NLTD,THS,ES	42.1 	37.4 	43.2 	35.0 	33.2 	36.5 	34.8 	35.8 	39.9 b	40.6 b
N79,NLTD,THS,EU15	410.7 	378.4 	372.2 	371.9 	378.3 	372.7 	342.4 	363.4 	385.1 	383.0 b
N79,NLTD,THS,EU27	472.0 	434.0 	427.8 	432.8 	432.3 	420.3 	391.5 	413.5 	435.5 	433.3 b
N79,NLTD,THS,EU28	475.6 	438.1 	431.3 	436.0 	432.9 	421.4 	392.5 	416.1 	438.1 	436.1 b
N79,NLTD,THS,FI	3.2 u	3.0 u	3.5 u	3.3 u	3.7 u	2.4 u	2.5 u	3.3 u	3.7 u	3.9 bu
N79,NLTD,THS,FR	45.9 	38.7 	34.3 	42.7 b	42.9 	48.6 	32.7 	35.6 	39.3 	34.4 b
N79,NLTD,THS,HR	3.6 u	4.2 u	3.5 u	3.2 bu	: u	1.0 u	: u	2.6 u	2.6 u	2.8 bu
N79,NLTD,THS,HU	8.1 	5.6 	6.4 	8.3 	6.0 	4.8 	6.5 	6.7 	5.2 	5.4 b
N79,NLTD,THS,IE	5.7 b	4.7 	5.8 	5.7 	4.8 	5.6 	4.9 	5.4 	5.7 	5.1 b
N79,NLTD,THS,IS	2.4 	1.7 	1.2 	1.3 	0.8 	0.9 	0.6 	: u	: u	0.6 b
N79,NLTD,THS,IT	31.4 	27.8 	28.3 	28.8 	28.6 	28.8 	31.7 	31.7 	29.3 	31.6 b
N79,NLTD,THS,LT	: u	: u	: u	: u	: u	: u	: u	: u	: u	: bu
N79,NLTD,THS,LU	: u	: u	0.5 bu	: u	0.7 u	: u	0.6 u	0.5 u	: bu	0.6 bu
N79,NLTD,THS,LV	2.1 	: u	1.9 u	2.1 u	2.0 u	2.0 u	: u	: u	2.2 u	2.1 b
N79,NLTD,THS,ME	: u	: u	1.2 u	1.6 u	: u	: u	: u	: 	: 	: 
N79,NLTD,THS,MK	1.0 u	0.8 u	1.2 	1.4 	1.2 	0.6 u	0.6 u	: 	: 	: 
N79,NLTD,THS,MT	0.6 u	0.9 	1.1 	1.0 	0.7 u	0.5 u	0.8 	0.8 	0.7 u	0.7 bu
N79,NLTD,THS,NL	13.3 	12.3 	12.9 	12.8 	12.8 b	15.8 	13.5 	14.3 b	15.0 	17.1 b
N79,NLTD,THS,NO	5.9 	5.9 	5.6 	5.0 	5.3 	5.8 	4.5 	5.9 	8.8 	7.4 b
N79,NLTD,THS,PL	12.2 u	12.0 u	8.5 u	11.2 u	12.2 u	12.8 u	12.0 u	10.2 bu	9.4 u	10.8 bu
N79,NLTD,THS,PT	5.9 	4.7 	6.1 	8.1 	7.0 	5.6 	5.7 b	7.8 	6.9 	5.4 b
N79,NLTD,THS,RO	15.9 	14.4 	13.3 	14.4 	9.5 u	: u	9.0 u	9.8 bu	9.2 u	6.7 bu
N79,NLTD,THS,SE	8.3 	7.6 	7.2 	8.5 	9.9 	9.2 	7.6 	7.7 	8.9 	10.3 b
N79,NLTD,THS,SI	1.6 u	1.3 u	1.0 u	2.0 u	2.4 u	1.6 u	0.9 u	0.8 u	1.3 u	1.2 bu
N79,NLTD,THS,SK	2.2 u	2.0 u	3.6 	2.4 u	2.1 u	3.3 	3.5 b	3.6 	4.0 b	3.7 b
N79,NLTD,THS,TR	33.4 	38.4 	32.6 	35.2 b	29.6 	25.8 	24.2 	20.9 	24.9 	: 
N79,NLTD,THS,UK	98.1 	89.9 	89.3 	80.5 	90.9 	86.4 	82.2 	92.1 	100.3 	93.2 b
N79,TOTAL,THS,AT	16.2 	15.8 	15.7 	15.9 	17.7 	14.9 	14.2 	15.1 	16.4 	17.7 b
N79,TOTAL,THS,BE	8.9 b	8.8 	9.1 	7.8 	10.8 	10.8 	9.1 	10.1 	8.3 	9.5 b
N79,TOTAL,THS,BG	6.5 	4.9 u	4.8 u	6.3 u	5.1 u	4.1 u	4.5 bu	4.7 bu	4.3 u	4.9 bu
N79,TOTAL,THS,CH	13.2 	14.1 	15.8 	16.6 	13.8 	11.8 	13.1 	13.2 b	12.8 	10.6 b
N79,TOTAL,THS,CY	2.1 	1.9 	1.1 u	1.0 u	1.4 u	1.9 	1.5 u	1.9 	2.0 b	1.9 b
N79,TOTAL,THS,CZ	8.1 	9.5 	10.5 	11.1 	10.3 	8.6 	7.1 b	7.3 	9.8 	9.0 b
N79,TOTAL,THS,DE	133.5 	128.7 	118.5 	123.8 	123.4 	110.5 	106.0 	106.3 b	113.1 	115.0 b
N79,TOTAL,THS,DK	6.4 b	7.4 b	7.3 	5.8 	6.0 	6.2 	6.8 	6.5 	6.6 	6.8 b
N79,TOTAL,THS,EA17	360.0 	336.2 	340.0 	340.9 	334.6 	333.0 	306.3 	319.8 	329.4 	340.9 b
N79,TOTAL,THS,EA18	362.1 	337.3 	342.0 	342.9 	336.7 	335.1 	307.5 	321.4 	331.6 	343.0 b
N79,TOTAL,THS,EA19	364.1 	339.4 	345.2 	345.3 	338.3 	336.7 	310.0 	324.8 	334.6 	344.9 b
N79,TOTAL,THS,EE	1.2 u	1.3 u	1.6 u	1.1 u	1.7 u	2.0 u	: u	: u	: u	2.6 bu
N79,TOTAL,THS,EL	14.0 	14.0 	12.9 	16.5 	9.0 	9.4 	9.8 	11.4 	12.4 b	14.3 b
N79,TOTAL,THS,ES	52.6 	46.0 	55.1 	44.3 	43.1 	45.1 	44.6 	45.9 	48.1 b	53.7 b
N79,TOTAL,THS,EU15	469.9 	439.5 	441.1 	433.7 	439.7 	434.6 	400.1 	426.5 	442.1 	448.1 b
N79,TOTAL,THS,EU27	538.6 	503.9 	503.4 	504.0 	500.1 	487.3 	456.7 	484.4 	499.6 	502.6 b
N79,TOTAL,THS,EU28	542.6 	510.4 	507.9 	508.2 	501.6 	488.7 	458.3 	487.6 	502.7 	505.9 b
N79,TOTAL,THS,FI	3.7 u	3.8 u	4.3 	3.7 u	4.4 	3.2 u	3.2 u	3.5 u	4.0 	4.4 b
N79,TOTAL,THS,FR	50.1 	46.2 	42.3 	49.7 b	49.6 	57.3 	40.8 	42.5 	46.3 	42.4 b
N79,TOTAL,THS,HR	4.0 u	6.5 u	4.4 u	4.2 bu	1.4 u	1.4 u	1.6 u	3.2 u	3.1 u	3.3 bu
N79,TOTAL,THS,HU	8.2 	5.7 	6.6 	8.8 	6.6 	5.1 	6.5 	6.9 	5.2 	5.4 b
N79,TOTAL,THS,IE	6.5 b	5.1 	6.4 	6.8 	5.7 	6.4 	5.7 	6.3 	6.4 	6.1 b
N79,TOTAL,THS,IS	2.8 	2.2 	1.7 	1.7 	1.1 	1.1 	0.8 	0.6 	0.6 	0.6 b
N79,TOTAL,THS,IT	38.9 	34.6 	37.1 	35.8 	35.1 	38.5 	39.4 	39.3 	35.4 	38.0 b
N79,TOTAL,THS,LT	: u	: u	: u	: u	: u	: u	: u	: u	: u	: bu
N79,TOTAL,THS,LU	: u	: u	0.6 bu	0.5 u	0.8 u	: u	0.6 u	0.6 u	: bu	0.6 bu
N79,TOTAL,THS,LV	2.1 	: u	2.0 u	2.1 u	2.1 u	2.1 u	: u	: u	2.2 u	2.1 b
N79,TOTAL,THS,ME	: u	1.4 u	2.1 	2.4 	: u	: u	: u	: 	: 	: 
N79,TOTAL,THS,MK	1.1 u	0.9 u	1.3 	2.0 	1.3 	0.7 u	0.6 u	: 	: 	: 
N79,TOTAL,THS,MT	0.7 u	0.9 	1.1 	1.1 	0.7 u	0.5 u	0.8 	0.8 	0.7 u	0.7 bu
N79,TOTAL,THS,NL	17.2 	15.7 	17.3 	15.6 	16.3 b	19.5 	17.4 	18.2 b	19.0 	21.0 b
N79,TOTAL,THS,NO	6.4 	6.2 	5.9 	5.2 	5.9 	6.5 	4.7 	6.3 	9.3 	8.2 b
N79,TOTAL,THS,PL	16.9 	18.3 	12.9 u	16.4 	15.2 	15.7 	17.7 	15.5 b	13.8 u	13.5 bu
N79,TOTAL,THS,PT	9.2 	8.7 	11.8 	11.6 	8.9 	6.9 	7.4 b	12.0 	9.5 	7.1 b
N79,TOTAL,THS,RO	15.9 	14.4 	13.3 	14.4 	9.6 u	: u	9.1 u	9.8 bu	9.2 u	6.7 bu
N79,TOTAL,THS,SE	9.9 	9.1 	9.1 	10.4 	11.8 	11.9 	9.7 	9.2 	11.1 	12.5 b
N79,TOTAL,THS,SI	2.6 u	2.2 u	1.4 u	3.0 u	3.5 u	2.2 u	1.2 u	1.7 u	2.2 u	2.0 bu
N79,TOTAL,THS,SK	2.5 u	2.1 u	3.6 	2.6 u	2.6 u	3.5 	3.5 b	3.9 	4.3 b	3.8 b
N79,TOTAL,THS,TR	35.6 	41.9 	37.2 	39.6 b	31.5 	29.4 	28.0 	23.3 	26.3 	: 
N79,TOTAL,THS,UK	102.5 	95.2 	93.6 	85.5 	97.2 	93.7 	85.2 	99.6 	105.1 	98.9 b
N79,UNK,THS,CH	: c	: c	: 	: c	: c	: 	: c	: bc	: 	: bc
N79,UNK,THS,CZ	: c	: 	: 	: 	: 	: 	: 	: 	: 	: 
N79,UNK,THS,DE	: c	: u	: u	: u	: c	: c	: u	: bc	: c	: bc
N79,UNK,THS,EA17	: u	: u	: u	: u	: u	: u	: u	: u	: u	: bu
N79,UNK,THS,EA18	: u	: u	: u	: u	: u	: u	: u	: u	: u	: bu
N79,UNK,THS,EA19	: u	: u	: u	: u	: u	: u	: u	: u	: u	: bu
N79,UNK,THS,EU15	: u	: u	: u	: u	: u	: u	: u	: u	: u	: bu
N79,UNK,THS,EU27	: u	: u	: u	: u	: u	: u	: u	: u	: u	: bu
N79,UNK,THS,EU28	: u	: u	: u	: u	: u	: u	: u	: u	: u	: bu
N79,UNK,THS,FI	: 	: 	: c	: 	: 	: 	: 	: 	: 	: 
N79,UNK,THS,IE	: bu	: c	: u	: c	: c	: u	: c	: c	: c	: 
N79,UNK,THS,IS	: c	: c	: c	: c	: 	: 	: 	: 	: 	: 
N79,UNK,THS,LU	: 	: 	: 	: 	: 	: c	: 	: 	: 	: 
N79,UNK,THS,NL	: u	: u	: c	: c	: bc	: c	: u	: bc	: u	: bu
N79,UNK,THS,NO	: 	: 	: 	: 	: c	: 	: 	: 	: 	: 
N79,UNK,THS,SI	: c	: c	: 	: 	: 	: 	: 	: 	: 	: 
N79,UNK,THS,UK	: c	: c	: 	: 	: c	: c	: 	: c	: 	: 
TOTAL,LTD,THS,AT	342.8 	331.2 	327.1 	325.9 	328.7 	330.0 	335.0 	323.7 	312.0 	307.8 
TOTAL,LTD,THS,BE	414.9 b	359.9 	348.2 	336.0 	315.8 	315.4 	346.4 	312.0 	309.9 	315.4 
TOTAL,LTD,THS,BG	125.0 	110.9 	118.8 	138.9 	146.0 	116.2 	107.1 b	121.2 b	134.7 	148.6 
TOTAL,LTD,THS,CH	524.4 	516.4 	526.5 	491.7 	477.3 	470.5 	465.7 	462.7 b	476.5 	466.3 
TOTAL,LTD,THS,CY	50.2 	51.3 	55.8 	56.3 	52.4 	48.3 	46.2 	44.9 	42.2 b	42.5 
TOTAL,LTD,THS,CZ	433.6 	434.5 	437.7 	414.7 	390.8 	351.5 	340.1 b	356.8 	347.2 	337.0 
TOTAL,LTD,THS,DE	4787.9 	4845.4 	4676.5 	4615.9 	4657.9 	4727.9 	4961.1 	4871.9 b	4936.6 	4997.5 
TOTAL,LTD,THS,DK	333.1 b	351.5 b	217.1 	210.3 	214.1 	208.6 	217.2 	207.3 	218.8 	221.7 
TOTAL,LTD,THS,EA17	20136.4 	19239.4 	18633.7 	17962.8 	17521.0 	17800.0 	18530.2 	18285.7 	18292.8 	19696.3 
TOTAL,LTD,THS,EA18	20160.0 	19268.3 	18663.1 	17988.5 	17555.7 	17836.3 	18580.8 	18339.1 	18327.1 	19728.6 
TOTAL,LTD,THS,EA19	20179.8 	19291.5 	18687.2 	18020.5 	17586.6 	17866.2 	18610.9 	18366.1 	18353.6 	19758.5 
TOTAL,LTD,THS,EE	17.9 	21.4 	20.4 	18.2 	19.9 	20.7 	24.9 	19.2 	13.4 	14.3 
TOTAL,LTD,THS,EL	282.7 	271.6 	280.6 	264.2 	224.1 	238.3 	304.9 	356.2 	362.5 b	347.6 
TOTAL,LTD,THS,ES	4190.9 	3968.0 	3714.2 	3428.7 	3255.5 	3411.4 	3869.3 	3857.5 	4003.4 b	4906.5 
TOTAL,LTD,THS,EU15	22345.1 	21510.3 	20786.2 	20190.4 	19680.4 	19937.0 	20642.0 	20354.3 	20250.1 	21647.0 
TOTAL,LTD,THS,EU27	27227.1 	26535.2 	25897.1 	25212.4 	24366.9 	24481.2 	25131.7 	24866.0 	24660.7 	26133.1 
TOTAL,LTD,THS,EU28	27522.9 	26839.9 	26168.5 	25436.4 	24547.8 	24648.7 	25303.5 	25035.4 	24827.6 	26305.3 
TOTAL,LTD,THS,FI	343.0 	329.8 	319.1 	326.1 	328.4 	334.4 	334.6 	327.8 	308.9 	330.8 
TOTAL,LTD,THS,FR	4014.1 	3806.8 	3752.0 	3579.3 b	3529.5 	3488.7 	3496.5 	3439.9 	3310.7 	3489.9 
TOTAL,LTD,THS,HR	295.8 	304.7 	271.4 	224.0 b	180.9 	167.5 	171.7 	169.4 	166.9 	172.2 
TOTAL,LTD,THS,HU	349.4 	377.8 	425.6 	392.6 	377.6 	322.2 	299.9 	319.6 	277.7 	266.2 
TOTAL,LTD,THS,IE	168.6 b	157.7 	162.2 	165.8 	171.5 	169.0 	170.2 	163.8 	157.9 	171.4 
TOTAL,LTD,THS,IS	18.0 	19.7 	20.4 	20.5 	21.1 	18.8 	17.5 	17.8 	13.9 	14.6 
TOTAL,LTD,THS,IT	2722.7 	2424.8 	2382.8 	2277.3 	2198.1 	2335.9 	2250.2 	2133.8 	2119.6 	2284.9 
TOTAL,LTD,THS,LT	19.8 	23.2 	24.1 	32.0 	30.9 	29.9 	30.1 	27.0 	26.4 	29.9 
TOTAL,LTD,THS,LU	22.0 	20.7 	23.4 b	18.2 	15.3 	16.4 	14.6 	14.3 	14.2 b	11.8 
TOTAL,LTD,THS,LV	23.7 	29.0 	29.4 	25.7 	34.6 	36.3 	50.6 	53.4 	34.3 	32.3 
TOTAL,LTD,THS,ME	54.2 	59.5 	52.9 	48.1 	44.1 	35.6 	28.4 	: 	: 	: 
TOTAL,LTD,THS,MK	79.0 	74.6 	65.8 	78.4 	74.2 	68.5 	68.9 	75.0 	70.1 	64.2 
TOTAL,LTD,THS,MT	11.4 	13.8 	13.1 	12.8 	12.0 	10.4 	9.5 	7.5 	6.8 	5.8 
TOTAL,LTD,THS,NL	1546.4 	1446.8 	1387.7 	1461.9 	1411.0 	1359.1 	1277.8 	1304.3 b	1344.0 	1343.5 
TOTAL,LTD,THS,NO	207.4 	214.0 	195.6 	190.9 	201.2 	202.2 	186.8 	192.5 	185.9 	209.5 
TOTAL,LTD,THS,PL	3422.0 	3530.9 	3545.5 	3541.7 	3279.0 	3253.0 	3228.1 	3253.0 b	3243.5 	3283.5 
TOTAL,LTD,THS,PT	868.4 	844.0 	815.1 	774.5 	740.0 	727.0 	817.7 b	858.6 	828.9 	880.1 
TOTAL,LTD,THS,RO	76.5 	86.0 	84.9 	87.4 	82.4 	88.8 	81.9 	58.6 b	62.6 	79.4 
TOTAL,LTD,THS,SE	763.4 	739.1 	745.6 	746.9 	710.2 	683.5 	702.6 	660.9 	613.7 	660.7 
TOTAL,LTD,THS,SI	146.4 	133.8 	137.5 	124.2 	123.9 	132.3 	141.2 	138.2 	134.5 	148.6 
TOTAL,LTD,THS,SK	206.3 	212.4 	218.2 	177.5 	137.0 	134.7 	130.1 b	112.2 	87.4 	97.8 
TOTAL,LTD,THS,TR	2521.3 	2436.0 	2350.8 	2218.7 b	1951.4 	1882.0 	1819.5 	1576.7 	1370.9 	1447.2 
TOTAL,LTD,THS,UK	1544.3 	1613.1 	1634.7 	1659.5 	1580.1 	1591.3 	1544.0 	1522.4 	1408.9 	1377.4 b
TOTAL,NLTD,THS,AT	3390.3 	3352.2 	3282.1 	3240.3 	3234.1 	3220.5 	3179.4 	3138.2 	3127.0 	3145.3 
TOTAL,NLTD,THS,BE	3560.0 b	3546.3 	3512.6 	3543.6 	3531.4 	3559.5 	3518.0 	3532.1 	3456.6 	3498.0 
TOTAL,NLTD,THS,BG	2650.5 	2552.0 	2548.3 	2470.2 	2432.7 	2477.9 	2499.1 b	2567.5 b	2712.9 	2795.2 
TOTAL,NLTD,THS,CH	3403.6 	3374.7 	3316.4 	3276.3 	3225.3 	3197.7 	3154.5 	3063.3 b	3117.2 	3067.8 
TOTAL,NLTD,THS,CY	279.4 	259.9 	249.0 	241.5 	248.6 	273.0 	280.5 	276.9 	265.0 b	264.0 
TOTAL,NLTD,THS,CZ	3891.6 	3820.8 	3727.7 	3662.7 	3663.6 	3637.4 	3651.9 b	3661.7 	3758.7 	3857.0 
TOTAL,NLTD,THS,DE	32515.5 	32027.4 	31114.5 	30788.2 	30366.6 	29772.1 	29155.9 	28649.2 b	29008.5 	28962.3 
TOTAL,NLTD,THS,DK	2250.9 b	2230.6 b	2296.9 	2262.9 	2231.4 	2234.7 	2239.2 	2252.4 	2292.6 	2378.6 
TOTAL,NLTD,THS,EA17	103829.2 	102408.0 	100558.3 	99689.9 	98783.6 	99063.2 	99001.2 	99010.9 	100498.0 	101262.6 
TOTAL,NLTD,THS,EA18	104585.8 	103156.1 	101311.8 	100445.7 	99538.5 	99802.8 	99714.4 	99710.3 	101267.4 	102177.2 
TOTAL,NLTD,THS,EA19	105758.1 	104326.4 	102458.8 	101573.1 	100648.1 	100907.6 	100805.1 	100795.3 	102400.6 	103407.8 
TOTAL,NLTD,THS,EE	572.3 	561.7 	560.4 	549.7 	544.6 	539.8 	525.6 	500.6 	531.0 	590.1 
TOTAL,NLTD,THS,EL	2191.5 	2149.7 	2067.9 	2000.1 	1989.5 	2102.7 	2281.5 	2470.7 	2586.4 b	2648.5 
TOTAL,NLTD,THS,ES	11524.2 	11260.3 	11059.3 	10857.1 	10813.6 	11162.0 	11524.9 	11734.8 	11877.7 b	11954.8 
TOTAL,NLTD,THS,EU15	131609.3 	129811.5 	127775.4 	126287.4 	124919.4 	124855.3 	124755.5 	124607.5 	126248.8 	127488.7 
TOTAL,NLTD,THS,EU27	163295.5 	160562.8 	157807.5 	155628.8 	153904.2 	153790.5 	153497.0 	153234.3 	156308.8 	158218.9 
TOTAL,NLTD,THS,EU28	164419.4 	161625.3 	158873.0 	156726.0 	154971.8 	154879.9 	154596.2 	154386.0 	157532.5 	159447.7 
TOTAL,NLTD,THS,FI	1802.5 	1772.0 	1768.7 	1775.8 	1796.3 	1810.2 	1806.8 	1789.5 	1811.9 	1874.2 
TOTAL,NLTD,THS,FR	19735.2 	19635.5 	19608.2 	19732.9 b	19347.9 	19362.7 	19267.4 	19333.9 	19553.0 	19698.3 
TOTAL,NLTD,THS,HR	1123.9 	1062.5 	1065.5 	1097.2 b	1067.6 	1089.4 	1099.2 	1151.7 	1223.7 	1228.7 
TOTAL,NLTD,THS,HU	3615.1 	3503.2 	3321.4 	3243.8 	3076.2 	3056.0 	3002.6 	2953.0 	2997.2 	3112.2 
TOTAL,NLTD,THS,IE	1673.2 b	1605.8 	1536.9 	1470.0 	1420.1 	1381.1 	1384.3 	1417.5 	1493.9 	1644.7 
TOTAL,NLTD,THS,IS	151.3 	145.9 	138.8 	132.9 	127.8 	124.3 	125.7 	125.2 	129.8 	138.9 
TOTAL,NLTD,THS,IT	14958.3 	14885.6 	14604.9 	14502.9 	14484.4 	14609.3 	14689.6 	14698.8 	14910.9 	14928.4 
TOTAL,NLTD,THS,LT	1172.4 	1170.3 	1147.0 	1127.4 	1109.6 	1104.8 	1090.8 	1085.0 	1133.2 	1230.5 
TOTAL,NLTD,THS,LU	220.3 	210.0 	205.6 b	204.2 	200.3 	197.3 	189.7 	187.0 	183.7 b	177.4 
TOTAL,NLTD,THS,LV	756.6 	748.0 	753.5 	755.9 	754.8 	739.6 	713.2 	699.4 	769.4 	914.6 
TOTAL,NLTD,THS,ME	124.7 	116.6 	122.5 	127.3 	125.5 	129.4 	135.7 	: 	: 	: 
TOTAL,NLTD,THS,MK	485.9 	474.4 	455.7 	427.7 	413.9 	407.2 	394.2 	381.1 	382.9 	373.2 
TOTAL,NLTD,THS,MT	176.4 	165.1 	157.8 	152.2 	144.7 	139.7 	134.6 	131.7 	130.5 	130.9 
TOTAL,NLTD,THS,NL	5538.9 	5488.3 	5468.9 	5352.7 	5485.6 	5642.8 	5709.4 	5746.7 b	6020.9 	6050.7 
TOTAL,NLTD,THS,NO	2253.6 	2231.1 	2248.9 	2235.4 	2206.5 	2192.6 	2161.7 	2108.0 	2103.7 	2100.0 
TOTAL,NLTD,THS,PL	9648.0 	9310.5 	9123.4 	8932.9 	8890.5 	8846.2 	8775.7 	8664.9 b	9016.5 	8895.0 
TOTAL,NLTD,THS,PT	3080.3 	2943.2 	2895.5 	2836.5 	2717.5 	2815.6 	2901.5 b	2907.1 	2945.7 	2991.8 
TOTAL,NLTD,THS,RO	6313.2 	6114.7 	5977.4 	5762.8 	5661.1 	5645.7 	5615.4 	5590.0 b	6150.4 	6237.5 
TOTAL,NLTD,THS,SE	3763.1 	3680.2 	3595.0 	3532.0 	3496.0 	3486.8 	3441.2 	3367.4 	3404.6 	3454.2 
TOTAL,NLTD,THS,SI	672.0 	650.1 	628.0 	620.9 	628.4 	640.9 	635.8 	661.1 	687.4 	706.8 
TOTAL,NLTD,THS,SK	1938.9 	1895.1 	1838.3 	1821.3 	1829.9 	1834.1 	1816.2 b	1834.9 	1907.8 	1996.4 
TOTAL,NLTD,THS,TR	16445.2 	15949.1 	15520.3 	14911.3 b	14400.1 	13737.4 	13052.3 	12181.8 	11397.2 	11478.4 
TOTAL,NLTD,THS,UK	25405.1 	25024.5 	24758.5 	24188.2 	23804.6 	23498.1 	23466.7 	23382.0 	23575.3 	24081.4 b
TOTAL,TOTAL,THS,AT	3733.1 	3683.4 	3609.1 	3566.2 	3562.9 	3550.5 	3514.4 	3461.9 	3439.0 	3453.2 
TOTAL,TOTAL,THS,BE	3974.9 b	3906.2 	3860.7 	3879.6 	3847.2 	3874.9 	3864.4 	3844.1 	3766.5 	3813.5 
TOTAL,TOTAL,THS,BG	2775.4 	2662.9 	2667.2 	2609.1 	2578.7 	2594.1 	2606.1 b	2688.7 b	2847.6 	2943.8 
TOTAL,TOTAL,THS,CH	3947.9 	3911.1 	3863.7 	3786.7 	3719.5 	3685.4 	3636.0 	3546.0 b	3617.1 	3557.3 
TOTAL,TOTAL,THS,CY	329.6 	311.2 	304.7 	297.9 	301.0 	321.3 	326.7 	321.9 	307.2 b	306.5 
TOTAL,TOTAL,THS,CZ	4327.6 	4256.8 	4167.7 	4079.3 	4055.2 	3989.5 	3993.2 b	4019.2 	4107.0 	4195.9 
TOTAL,TOTAL,THS,DE	37413.9 	36965.4 	35886.9 	35503.0 	35105.4 	34598.5 	34262.3 	33597.0 b	34012.0 	34049.5 
TOTAL,TOTAL,THS,DK	2584.2 b	2582.3 b	2513.9 	2473.2 	2445.6 	2443.3 	2456.4 	2459.8 	2511.5 	2600.4 
TOTAL,TOTAL,THS,EA17	124176.7 	121848.7 	119377.6 	117833.6 	116467.5 	117042.7 	117747.5 	117452.6 	118941.3 	121133.8 
TOTAL,TOTAL,THS,EA18	124958.2 	122626.9 	120160.6 	118616.1 	117257.9 	117818.8 	118511.4 	118205.5 	119745.1 	122080.6 
TOTAL,TOTAL,THS,EA19	126150.4 	123820.4 	121331.8 	119775.5 	118398.5 	118953.5 	119632.2 	119317.4 	120904.7 	123341.1 
TOTAL,TOTAL,THS,EE	591.4 	583.6 	581.0 	567.9 	564.6 	560.5 	550.6 	519.9 	544.4 	604.4 
TOTAL,TOTAL,THS,EL	2474.1 	2421.2 	2348.5 	2264.3 	2213.7 	2341.0 	2586.4 	2826.9 	2949.0 b	2996.2 
TOTAL,TOTAL,THS,ES	15715.1 	15228.2 	14773.5 	14285.8 	14069.1 	14573.4 	15394.2 	15592.3 	15881.1 b	16861.2 
TOTAL,TOTAL,THS,EU15	154210.7 	151570.3 	148788.9 	146704.3 	144816.3 	145018.2 	145665.6 	145179.0 	146707.3 	149371.6 
TOTAL,TOTAL,THS,EU27	190784.7 	187351.0 	183935.4 	181072.3 	178490.4 	178498.9 	178899.8 	178318.5 	181179.1 	184589.7 
TOTAL,TOTAL,THS,EU28	192208.7 	188719.8 	185272.2 	182393.5 	179738.9 	179755.8 	180170.7 	179639.6 	182569.6 	185990.6 
TOTAL,TOTAL,THS,FI	2147.3 	2104.6 	2090.3 	2104.6 	2126.6 	2146.1 	2143.0 	2119.6 	2122.7 	2206.8 
TOTAL,TOTAL,THS,FR	23749.2 	23442.2 	23360.3 	23312.2 b	22877.4 	22851.4 	22763.9 	22773.8 	22863.7 	23188.2 
TOTAL,TOTAL,THS,HR	1424.0 	1368.8 	1336.8 	1321.2 b	1248.5 	1256.9 	1270.9 	1321.1 	1390.5 	1400.9 
TOTAL,TOTAL,THS,HU	3964.4 	3880.9 	3747.0 	3636.4 	3453.8 	3378.1 	3302.5 	3272.7 	3274.8 	3378.4 
TOTAL,TOTAL,THS,IE	1857.3 b	1789.6 	1721.4 	1658.7 	1610.8 	1566.9 	1573.3 	1596.0 	1664.5 	1832.3 
TOTAL,TOTAL,THS,IS	171.0 	167.7 	161.0 	155.3 	150.5 	144.6 	144.3 	144.0 	145.7 	154.0 
TOTAL,TOTAL,THS,IT	17681.0 	17310.4 	16987.6 	16780.2 	16682.5 	16945.2 	16939.8 	16832.6 	17030.5 	17213.3 
TOTAL,TOTAL,THS,LT	1192.1 	1193.4 	1171.1 	1159.4 	1140.6 	1134.7 	1120.8 	1112.0 	1159.6 	1260.4 
TOTAL,TOTAL,THS,LU	244.2 	233.7 	231.6 b	223.8 	216.9 	214.8 	205.3 	202.5 	198.2 b	189.2 
TOTAL,TOTAL,THS,LV	781.6 	778.2 	783.0 	782.4 	790.4 	776.1 	763.9 	752.9 	803.8 	946.8 
TOTAL,TOTAL,THS,ME	178.9 	176.1 	175.4 	175.5 	169.6 	164.9 	164.1 	: 	: 	: 
TOTAL,TOTAL,THS,MK	564.9 	549.0 	521.5 	506.1 	488.1 	475.9 	463.1 	456.0 	453.0 	437.5 
TOTAL,TOTAL,THS,MT	187.7 	178.9 	170.9 	165.0 	156.7 	150.1 	144.1 	139.2 	137.3 	136.8 
TOTAL,TOTAL,THS,NL	7164.8 	7010.1 	6917.7 	6867.6 	6955.2 	7063.0 	7034.8 	7112.7 b	7433.6 	7461.3 
TOTAL,TOTAL,THS,NO	2471.0 	2454.4 	2455.0 	2436.4 	2418.8 	2405.5 	2357.2 	2307.8 	2297.3 	2317.6 
TOTAL,TOTAL,THS,PL	13070.0 	12841.4 	12668.9 	12474.6 	12169.6 	12099.3 	12003.9 	11917.9 b	12260.0 	12178.5 
TOTAL,TOTAL,THS,PT	3948.7 	3787.2 	3710.6 	3611.0 	3457.5 	3542.6 	3719.1 b	3765.8 	3774.5 	3871.8 
TOTAL,TOTAL,THS,RO	6389.7 	6200.6 	6062.2 	5850.3 	5743.5 	5734.5 	5697.2 	5648.6 b	6213.0 	6316.9 
TOTAL,TOTAL,THS,SE	4526.5 	4419.3 	4340.6 	4278.9 	4206.2 	4170.3 	4143.9 	4028.3 	4018.3 	4114.9 
TOTAL,TOTAL,THS,SI	819.2 	785.1 	766.1 	746.5 	753.0 	773.8 	778.7 	799.3 	821.9 	855.4 
TOTAL,TOTAL,THS,SK	2145.1 	2107.7 	2056.6 	1999.3 	1967.1 	1968.8 	1946.3 b	1947.1 	1995.2 	2094.2 
TOTAL,TOTAL,THS,TR	18966.5 	18385.1 	17871.0 	17130.0 b	16351.5 	15619.4 	14871.8 	13758.6 	12768.1 	12925.6 
TOTAL,TOTAL,THS,UK	26996.4 	26686.4 	26436.0 	25895.1 	25439.3 	25136.3 	25064.3 	24965.8 	25042.1 	25519.8 b
TOTAL,UNK,THS,CH	19.9 	19.9 	20.8 	18.7 	16.9 	17.3 	15.8 	20.0 b	23.4 	23.3 
TOTAL,UNK,THS,CZ	2.4 u	1.4 u	2.3 u	1.8 u	0.8 u	0.5 u	1.1 bu	0.7 u	1.1 u	1.8 u
TOTAL,UNK,THS,DE	110.5 	92.5 	96.0 	99.0 	80.9 	98.5 	145.3 	76.0 b	66.9 	89.7 
TOTAL,UNK,THS,DK	: bu	: bu	: 	: 	: c	: 	: c	: u	: c	: c
TOTAL,UNK,THS,EA17	211.2 	201.3 	185.6 	181.0 	162.8 	179.6 	216.1 	156.0 	150.5 	174.8 
TOTAL,UNK,THS,EA18	212.4 	202.5 	185.7 	181.8 	163.8 	179.8 	216.2 	156.0 	150.5 	174.8 
TOTAL,UNK,THS,EA19	212.4 	202.5 	185.7 	181.8 	163.8 	179.8 	216.2 	156.0 	150.5 	174.8 
TOTAL,UNK,THS,EE	1.2 u	: u	: c	: c	: 	: 	: 	: c	: 	: 
TOTAL,UNK,THS,EL	: 	: 	: 	: 	: 	: 	: 	: 	: 	: c
TOTAL,UNK,THS,EU15	256.3 	248.5 	227.3 	226.5 	216.6 	225.8 	268.1 	217.2 	208.4 	235.9 
TOTAL,UNK,THS,EU27	262.0 	253.0 	230.8 	231.1 	219.4 	227.1 	271.1 	218.1 	209.6 	237.7 
TOTAL,UNK,THS,EU28	266.4 	254.6 	230.8 	231.1 	219.4 	227.1 	271.1 	218.1 	209.6 	237.7 
TOTAL,UNK,THS,FI	: u	2.8 u	2.6 u	2.7 u	: u	: u	: u	2.3 u	: u	: u
TOTAL,UNK,THS,HR	4.4 u	1.6 u	: 	: 	: 	: 	: 	: 	: 	: 
TOTAL,UNK,THS,IE	15.5 b	26.1 	22.3 	23.0 	19.2 	16.8 	18.9 	14.7 	12.6 	16.1 
TOTAL,UNK,THS,IS	1.7 	2.1 	1.8 	2.0 	1.5 	1.5 	1.2 	1.0 	2.0 	: u
TOTAL,UNK,THS,LU	1.8 	3.0 	2.6 b	1.4 	1.3 	1.1 	1.1 	1.2 	: bu	: 
TOTAL,UNK,THS,LV	: u	1.2 u	: c	: u	: u	: c	: c	: c	: c	: 
TOTAL,UNK,THS,MK	: 	: 	: c	: 	: 	: c	: c	: 	: 	: c
TOTAL,UNK,THS,NL	79.5 	75.0 	61.2 	53.0 	58.6 	61.1 	47.6 	61.8 b	68.7 	67.2 
TOTAL,UNK,THS,NO	10.0 	9.3 	10.5 	10.1 	11.2 	10.7 	8.7 	7.3 	7.7 	8.1 
TOTAL,UNK,THS,SI	0.8 u	1.3 u	0.6 u	1.4 u	0.8 u	0.6 u	1.7 u	: 	: 	: 
TOTAL,UNK,THS,SK	: 	: c	: c	: u	: c	: 	: 	: 	: 	: 
TOTAL,UNK,THS,UK	47.0 	48.8 	42.7 	47.4 	54.6 	46.8 	53.6 	61.3 	57.9 	61.0 b
