accommod,unit,hotelsize,geo\time	2017 	2016 	2015 	2014 	2013 	2012 
BEDPL,NR,100-249,BG	56696 	57358 	52990 	51406 	50108 	48810 
BEDPL,NR,100-249,CY	38888 	38475 	39434 	39434 	: 	: 
BEDPL,NR,100-249,CZ	46957 	46466 	46366 	46893 	47945 	45368 b
BEDPL,NR,100-249,DE	448025 	430131 	415599 	397284 	383891 	372462 
BEDPL,NR,100-249,EA	: u	: u	: u	: 	: 	: 
BEDPL,NR,100-249,EL	173130 	172860 	172816 	172711 	167903 	167392 
BEDPL,NR,100-249,ES	592766 	587898 	588136 	582484 	576269 	571216 
BEDPL,NR,100-249,EU27	: u	: u	: u	: u	: 	: 
BEDPL,NR,100-249,EU28	: u	: u	: u	: u	: 	: 
BEDPL,NR,100-249,HR	67460 	64100 	64521 	63378 	63147 	62743 
BEDPL,NR,100-249,HU	46287 	45441 	43408 	42977 	: 	: 
BEDPL,NR,100-249,IS	7059 	6367 	4322 	9364 	7630 	: 
BEDPL,NR,100-249,LT	8022 	7957 	7525 	7617 	7141 	7202 
BEDPL,NR,100-249,LV	7971 	7615 	7537 	: c	: 	7247 
BEDPL,NR,100-249,ME	12451 	: 	: 	: 	: 	: 
BEDPL,NR,100-249,MT	14636 	15282 	14945 	15561 	14630 	8174 
BEDPL,NR,100-249,NO	76408 	74814 	74081 	74746 	75464 	73697 
BEDPL,NR,100-249,PL	78285 	74702 	71753 	68459 	62751 	57716 
BEDPL,NR,100-249,RO	70552 	69352 	70082 	70390 	68957 	69265 
BEDPL,NR,100-249,SE	71832 	68387 	69610 	93872 	93611 	90522 
BEDPL,NR,100-249,UK	: 	525960 	317660 	: 	: 	: 
BEDPL,NR,100-249,XK	782 u	: 	: 	: 	: 	: 
BEDPL,NR,25-99,BG	47831 	49690 	49361 	48492 	45182 	41968 
BEDPL,NR,25-99,CY	21760 	21309 	21611 	22120 	: 	: 
BEDPL,NR,25-99,CZ	115591 	115633 	111829 	109819 	109723 	110645 b
BEDPL,NR,25-99,DE	693019 	681927 	680720 	677530 	676172 	677629 
BEDPL,NR,25-99,EA	: u	: u	: u	: 	: 	: 
BEDPL,NR,25-99,EL	339173 	339974 	341213 	340627 	331499 	330656 
BEDPL,NR,25-99,ES	498374 	490735 	495831 	490969 	490402 	488101 
BEDPL,NR,25-99,EU27	: u	: u	: u	: u	: 	: 
BEDPL,NR,25-99,EU28	: u	: u	: u	: u	: 	: 
BEDPL,NR,25-99,HR	31831 	31199 	29850 	29092 	30640 	29098 
BEDPL,NR,25-99,HU	67598 	68088 	66035 	64741 	: 	: 
BEDPL,NR,25-99,IS	15556 	14680 	15216 	10065 	9486 	: 
BEDPL,NR,25-99,IT	1215228 	1220225 	1223365 	1216013 	1219931 	1248849 
BEDPL,NR,25-99,LT	12963 	12632 	13072 	12960 	12654 	12687 
BEDPL,NR,25-99,LU	6070 	6147 	: 	: 	: 	: 
BEDPL,NR,25-99,LV	9602 	9523 	9713 	9085 	9045 	8261 
BEDPL,NR,25-99,ME	8632 	: 	: 	: 	: 	: 
BEDPL,NR,25-99,MT	7660 	7669 	7603 	7324 	7771 	2152 
BEDPL,NR,25-99,NO	56021 	56317 	57368 	60444 	61835 	66191 
BEDPL,NR,25-99,PL	165116 	157323 	139284 	135674 	128907 	124974 
BEDPL,NR,25-99,RO	81053 	78258 	83878 	77810 	76696 	73634 
BEDPL,NR,25-99,SE	47859 	47845 	48282 	81668 	82284 	81269 
BEDPL,NR,25-99,UK	: 	623739 	586449 	: 	: 	: 
BEDPL,NR,25-99,XK	3135 u	: 	: 	: 	: 	: 
BEDPL,NR,GE100,BG	238316 	224507 	220633 	213687 	208331 	211207 
BEDPL,NR,GE100,CY	56311 	55090 	56027 	55953 	: 	: 
BEDPL,NR,GE100,CZ	71584 	70006 	70092 	68547 	69648 	68397 b
BEDPL,NR,GE100,DE	612886 	590246 	573947 	556010 	540446 	528413 
BEDPL,NR,GE100,EA	: u	: u	: u	: 	: 	: 
BEDPL,NR,GE100,EL	314441 	313750 	314094 	312285 	301923 	300661 
BEDPL,NR,GE100,ES	1154303 	1141099 	1146443 	1123002 	1116320 	1111341 
BEDPL,NR,GE100,EU27	: u	: u	: u	: u	: 	: 
BEDPL,NR,GE100,EU28	: u	: u	: u	: u	: 	: 
BEDPL,NR,GE100,HR	119948 	122098 	122269 	121064 	119942 	116770 
BEDPL,NR,GE100,HU	69776 	68925 	67267 	66611 	: 	: 
BEDPL,NR,GE100,IS	8811 	8119 	6639 	12961 	11504 	: 
BEDPL,NR,GE100,IT	529968 	529350 	527834 	527507 	516420 	508698 
BEDPL,NR,GE100,LT	9114 	9055 	8623 	8715 	8237 	8302 
BEDPL,NR,GE100,LU	5894 	5844 	: 	: 	: 	: 
BEDPL,NR,GE100,LV	10489 	10133 	9535 	9134 	9274 	9245 
BEDPL,NR,GE100,ME	21754 	: 	: 	: 	: 	: 
BEDPL,NR,GE100,MT	33792 	32935 	32599 	32025 	33016 	36858 
BEDPL,NR,GE100,NO	123627 	121897 	116761 	113927 	111393 	107977 
BEDPL,NR,GE100,PL	105905 	104079 	100853 	96730 	88087 	82785 
BEDPL,NR,GE100,RO	102173 	100484 	101043 	102756 	101926 	103909 
BEDPL,NR,GE100,SE	191415 	186166 	181605 	133001 	129422 	123426 
BEDPL,NR,GE100,UK	: 	778893 	488708 	: 	: 	: 
BEDPL,NR,GE100,XK	782 u	: 	: 	: 	: 	: 
BEDPL,NR,GE250,BG	181620 	167149 	167643 	162281 	158223 	162397 
BEDPL,NR,GE250,CY	17423 	16615 	16593 	16519 	: 	: 
BEDPL,NR,GE250,CZ	24627 	23540 	23726 	21654 	21703 	23029 b
BEDPL,NR,GE250,DE	164861 	160115 	158348 	158726 	156555 	155951 
BEDPL,NR,GE250,EA	: u	: u	: u	: 	: 	: 
BEDPL,NR,GE250,EL	141311 	140890 	141278 	139574 	134020 	133269 
BEDPL,NR,GE250,ES	561537 	553201 	558307 	540518 	540051 	540125 
BEDPL,NR,GE250,EU27	: u	: u	: u	: u	: 	: 
BEDPL,NR,GE250,EU28	: u	: u	: u	: u	: 	: 
BEDPL,NR,GE250,HR	52488 	57998 	57748 	57686 	56795 	54027 
BEDPL,NR,GE250,HU	23489 	23484 	23859 	23634 	: 	: 
BEDPL,NR,GE250,IS	1752 	1752 	2317 	3598 	3874 	: 
BEDPL,NR,GE250,LT	1092 	1098 	1098 	1098 	1096 	1100 
BEDPL,NR,GE250,LV	2518 	2518 	: c	: c	: 	: c
BEDPL,NR,GE250,ME	9303 	: 	: 	: 	: 	: 
BEDPL,NR,GE250,MT	19156 	17653 	17654 	16464 	18386 	28684 
BEDPL,NR,GE250,NO	47219 	47083 	42680 	39181 	35929 	34280 
BEDPL,NR,GE250,PL	27620 	29377 	29100 	28271 	25336 	25069 
BEDPL,NR,GE250,RO	31621 	31132 	30961 	32366 	32969 	34644 
BEDPL,NR,GE250,SE	119583 	117779 	111995 	39129 	35811 	32904 
BEDPL,NR,GE250,UK	: 	252933 	171048 	: 	: 	: 
BEDPL,NR,GE250,XK	0 u	: 	: 	: 	: 	: 
BEDPL,NR,LT25,BG	7347 	7672 	9096 	9347 	8683 	7984 
BEDPL,NR,LT25,CY	6906 	6852 	6788 	7077 	: 	: 
BEDPL,NR,LT25,CZ	130186 	132117 	132289 	128064 	138504 	140650 b
BEDPL,NR,LT25,DE	505710 	512481 	523539 	530202 	541006 	544982 
BEDPL,NR,LT25,EA	: u	: u	: u	: 	: 	: 
BEDPL,NR,LT25,EL	140893 	144271 	146480 	147110 	139847 	139873 
BEDPL,NR,LT25,ES	263930 	262144 	264553 	261941 	261101 	259260 
BEDPL,NR,LT25,EU27	: u	: u	: u	: u	: 	: 
BEDPL,NR,LT25,EU28	: u	: u	: u	: u	: 	: 
BEDPL,NR,LT25,HR	14706 	14083 	12556 	11719 	11375 	10924 
BEDPL,NR,LT25,HU	43866 	44394 	43880 	42562 	: 	: 
BEDPL,NR,LT25,IS	6341 	6604 	6317 	1997 	1672 	: 
BEDPL,NR,LT25,IT	494250 	498650 	499617 	497719 	497472 	493157 
BEDPL,NR,LT25,LT	6853 	6978 	6890 	6784 	6902 	6464 
BEDPL,NR,LT25,LU	3579 	3698 	: 	: 	: 	: 
BEDPL,NR,LT25,LV	6508 	6508 	6150 	4562 	4275 	4261 
BEDPL,NR,LT25,ME	5947 	: 	: 	: 	: 	: 
BEDPL,NR,LT25,MT	1521 	1080 	1081 	873 	839 	254 
BEDPL,NR,LT25,NO	8587 	9729 	9783 	11066 	14015 	12507 
BEDPL,NR,LT25,PL	64896 	64374 	61418 	60117 	57303 	56386 
BEDPL,NR,LT25,RO	36524 	34893 	40306 	37155 	35998 	34987 
BEDPL,NR,LT25,SE	6689 	6872 	6668 	24183 	24046 	23692 
BEDPL,NR,LT25,UK	: 	547853 	879674 	: 	: 	: 
BEDPL,NR,LT25,XK	3787 u	: 	: 	: 	: 	: 
BEDPL,NR,TOTAL,AT	609393 	601945 	600342 	598742 	601483 	594841 
BEDPL,NR,TOTAL,BE	129456 	129232 	129307 	127835 	128641 	128703 
BEDPL,NR,TOTAL,BG	293494 	281869 	279090 	271526 	262196 	261159 
BEDPL,NR,TOTAL,CH	: 	271710 	273507 	272636 	271298 	271168 
BEDPL,NR,TOTAL,CY	84977 	83251 	84426 	85150 	84715 	84217 
BEDPL,NR,TOTAL,CZ	317361 	317756 	314210 	306430 	317875 	319692 b
BEDPL,NR,TOTAL,DE	1811615 	1784654 	1778206 	1763742 	1757624 	1751024 
BEDPL,NR,TOTAL,DK	93386 	90503 	89371 	90433 	87129 	87389 
BEDPL,NR,TOTAL,EA	10113348 e	10021347 	10008067 	: 	: 	: 
BEDPL,NR,TOTAL,EE	34147 	32404 	32620 	32437 	31989 	31590 
BEDPL,NR,TOTAL,EL	794507 	797995 	801787 	800022 	773269 	771190 
BEDPL,NR,TOTAL,ES	1916607 	1893978 	1906827 	1875912 	1867823 	1858702 
BEDPL,NR,TOTAL,EU27	: u	13623661 	13586106 	13499123 e	13411839 	12895643 
BEDPL,NR,TOTAL,EU28	: u	13791041 	13750781 	13660998 e	13573796 	13052435 
BEDPL,NR,TOTAL,FI	140099 	135177 	134107 	133785 	136891 	135279 
BEDPL,NR,TOTAL,FR	: 	1312372 	1304692 	1274920 	1258942 	1249322 
BEDPL,NR,TOTAL,HR	166485 	167380 	164675 	161875 	161957 	156792 b
BEDPL,NR,TOTAL,HU	181240 	181407 	177182 	173914 	173156 	170592 
BEDPL,NR,TOTAL,IE	: 	150083 	150083 	151258 	155660 	161165 b
BEDPL,NR,TOTAL,IS	30708 	29403 	28172 	25023 	22662 	21755 
BEDPL,NR,TOTAL,IT	2239446 	2248225 	2250816 	2241239 	2233823 	2250704 
BEDPL,NR,TOTAL,LI	1596 	1660 	1257 	1288 	1239 	1262 
BEDPL,NR,TOTAL,LT	28930 	28665 	28585 	28459 	27793 	27453 
BEDPL,NR,TOTAL,LU	15543 	15689 	14542 	14787 	15028 	15469 b
BEDPL,NR,TOTAL,LV	26599 	26164 	: c	22781 	22594 	21767 b
BEDPL,NR,TOTAL,ME	36333 	35518 	: 	: 	: 	34645 
BEDPL,NR,TOTAL,MK	20500 	19567 	18160 	16687 	15744 	14864 
BEDPL,NR,TOTAL,MT	42973 	41684 	41283 	40222 	41626 	39264 
BEDPL,NR,TOTAL,NL	270098 	261164 	254589 	252115 	244145 	226341 
BEDPL,NR,TOTAL,NO	188235 	187943 	183912 	185437 	187243 	186675 
BEDPL,NR,TOTAL,PL	335917 	325776 	301555 	292521 	274297 	264145 
BEDPL,NR,TOTAL,PT	363088 	337175 	328186 	309918 	309918 	296321 
BEDPL,NR,TOTAL,RO	219750 	213635 	225227 	217721 	214620 	212530 b
BEDPL,NR,TOTAL,RS	: 	: 	: 	54075 	55729 	50536 
BEDPL,NR,TOTAL,SE	245963 	240883 	236555 	238852 	235752 	228387 
BEDPL,NR,TOTAL,SI	46639 	45716 	45274 	44567 	44472 	44526 
BEDPL,NR,TOTAL,SK	96776 	95774 	96997 	91663 	92261 	92790 
BEDPL,NR,TOTAL,TR	932575 	897456 	: 	805311 	748594 	: 
BEDPL,NR,TOTAL,UK	: 	1950485 	1954849 	: 	2018172 	1571120 b
BEDPL,NR,TOTAL,XK	7704 u	: 	: 	: 	: 	: 
BEDPL,PCH_PRE,100-249,BG	-1.15 	8.24 	3.08 	2.59 	2.7 	: 
BEDPL,PCH_PRE,100-249,CY	1.07 	-2.43 	0 	: 	: 	: 
BEDPL,PCH_PRE,100-249,CZ	1.06 	0.22 	-1.12 	-2.19 	5.7 	: 
BEDPL,PCH_PRE,100-249,DE	4.16 	3.5 	4.61 	3.49 	3.1 	: 
BEDPL,PCH_PRE,100-249,EA	: u	: u	: u	: 	: 	: 
BEDPL,PCH_PRE,100-249,EL	0.16 	0.03 	0.06 	2.86 	0.31 	: 
BEDPL,PCH_PRE,100-249,ES	0.83 	-0.04 	0.97 	1.08 	0.9 	: 
BEDPL,PCH_PRE,100-249,EU27	: u	: u	: u	: u	: 	: 
BEDPL,PCH_PRE,100-249,EU28	: u	: u	: u	: u	: 	: 
BEDPL,PCH_PRE,100-249,HR	5.24 	-0.65 	1.8 	0.37 	0.6 	: 
BEDPL,PCH_PRE,100-249,HU	1.86 	4.68 	1 	: 	: 	: 
BEDPL,PCH_PRE,100-249,IS	10.87 	47.32 	-53.84 	22.73 	: 	: 
BEDPL,PCH_PRE,100-249,LT	0.82 	5.74 	-1.21 	6.67 	-0.8 	: 
BEDPL,PCH_PRE,100-249,LV	4.67 	1.03 	5.62 	: 	: 	: 
BEDPL,PCH_PRE,100-249,MT	-4.23 	2.25 	-3.96 	6.36 	79 	: 
BEDPL,PCH_PRE,100-249,NO	2.13 	0.99 	-0.89 	-0.95 	2.4 	: 
BEDPL,PCH_PRE,100-249,PL	4.8 	4.11 	4.81 	9.1 	8.7 	: 
BEDPL,PCH_PRE,100-249,RO	1.73 	-1.04 	-0.44 	2.08 	-0.4 	: 
BEDPL,PCH_PRE,100-249,SE	5.04 	-1.76 	-25.85 	0.28 	3.4 	: 
BEDPL,PCH_PRE,100-249,UK	: 	65.57 	-3.84 	: 	: 	: 
BEDPL,PCH_PRE,25-99,BG	-3.74 	0.67 	1.79 	7.33 	7.7 	: 
BEDPL,PCH_PRE,25-99,CY	2.12 	-1.4 	-2.3 	: 	: 	: 
BEDPL,PCH_PRE,25-99,CZ	-0.04 	3.4 	1.83 	0.09 	-0.8 	: 
BEDPL,PCH_PRE,25-99,DE	1.63 	0.18 	0.47 	0.2 	-0.2 	: 
BEDPL,PCH_PRE,25-99,EA	: u	: u	: u	: 	: 	: 
BEDPL,PCH_PRE,25-99,EL	-0.24 	-0.36 	0.17 	2.75 	0.25 	: 
BEDPL,PCH_PRE,25-99,ES	1.56 	-1.03 	0.99 	0.12 	0.5 	: 
BEDPL,PCH_PRE,25-99,EU27	: u	: u	: u	: u	: 	: 
BEDPL,PCH_PRE,25-99,EU28	: u	: u	: u	: u	: 	: 
BEDPL,PCH_PRE,25-99,HR	2.03 	4.52 	2.61 	-5.05 	5.3 	: 
BEDPL,PCH_PRE,25-99,HU	-0.72 	3.11 	2 	: 	: 	: 
BEDPL,PCH_PRE,25-99,IS	5.97 	-3.52 	51.18 	6.1 	: 	: 
BEDPL,PCH_PRE,25-99,IT	-0.41 	-0.26 	0.6 	-0.32 	-2.3 	: 
BEDPL,PCH_PRE,25-99,LT	2.62 	-3.37 	0.86 	2.42 	-0.3 	: 
BEDPL,PCH_PRE,25-99,LU	-1.25 	: 	: 	: 	: 	: 
BEDPL,PCH_PRE,25-99,LV	0.83 	-1.96 	6.91 	0.44 	9.5 	: 
BEDPL,PCH_PRE,25-99,MT	-0.12 	0.87 	3.81 	-5.75 	261.1 	: 
BEDPL,PCH_PRE,25-99,NO	-0.53 	-1.83 	-5.09 	-2.25 	-6.6 	: 
BEDPL,PCH_PRE,25-99,PL	4.95 	12.95 	2.66 	5.25 	3.1 	: 
BEDPL,PCH_PRE,25-99,RO	3.57 	-6.7 	7.8 	1.45 	4.2 	: 
BEDPL,PCH_PRE,25-99,SE	0.03 	-0.91 	-40.88 	-0.75 	1.2 	: 
BEDPL,PCH_PRE,25-99,UK	: 	6.36 	-5.69 	: 	: 	: 
BEDPL,PCH_PRE,GE100,BG	6.15 	1.76 	3.25 	2.57 	-1.4 	: 
BEDPL,PCH_PRE,GE100,CY	2.22 	-1.67 	0.13 	: 	: 	: 
BEDPL,PCH_PRE,GE100,CZ	2.25 	-0.12 	2.25 	-1.58 	1.8 	: 
BEDPL,PCH_PRE,GE100,DE	3.84 	2.84 	3.23 	2.88 	2.3 	: 
BEDPL,PCH_PRE,GE100,EA	: u	: u	: u	: 	: 	: 
BEDPL,PCH_PRE,GE100,EL	0.22 	-0.11 	0.58 	3.43 	0.42 	: 
BEDPL,PCH_PRE,GE100,ES	1.16 	-0.47 	2.09 	0.6 	0.4 	: 
BEDPL,PCH_PRE,GE100,EU27	: u	: u	: u	: u	: 	: 
BEDPL,PCH_PRE,GE100,EU28	: u	: u	: u	: u	: 	: 
BEDPL,PCH_PRE,GE100,HR	-1.76 	-0.14 	1 	0.94 	2.7 	: 
BEDPL,PCH_PRE,GE100,HU	1.23 	2.46 	0.98 	: 	: 	: 
BEDPL,PCH_PRE,GE100,IS	8.52 	22.29 	-48.78 	12.67 	: 	: 
BEDPL,PCH_PRE,GE100,IT	0.12 	0.29 	0.06 	2.15 	1.5 	: 
BEDPL,PCH_PRE,GE100,LT	0.65 	5.01 	-1.06 	5.8 	-0.8 	: 
BEDPL,PCH_PRE,GE100,LU	0.86 	: 	: 	: 	: 	: 
BEDPL,PCH_PRE,GE100,LV	3.51 	6.27 	4.39 	-1.51 	0.3 	: 
BEDPL,PCH_PRE,GE100,MT	2.6 	1.03 	1.79 	-3 	-10.4 	: 
BEDPL,PCH_PRE,GE100,NO	1.42 	4.4 	2.49 	2.27 	3.2 	: 
BEDPL,PCH_PRE,GE100,PL	1.75 	3.2 	4.26 	9.81 	6.4 	: 
BEDPL,PCH_PRE,GE100,RO	1.68 	-0.55 	-1.67 	0.81 	-1.9 	: 
BEDPL,PCH_PRE,GE100,SE	2.82 	2.51 	36.54 	2.77 	4.9 	: 
BEDPL,PCH_PRE,GE100,UK	: 	59.38 	0.59 	: 	: 	: 
BEDPL,PCH_PRE,GE250,BG	8.66 	-0.29 	3.3 	2.56 	-2.6 	: 
BEDPL,PCH_PRE,GE250,CY	4.86 	0.13 	0.45 	: 	: 	: 
BEDPL,PCH_PRE,GE250,CZ	4.62 	-0.78 	9.57 	-0.23 	-5.8 	: 
BEDPL,PCH_PRE,GE250,DE	2.96 	1.12 	-0.24 	1.39 	0.4 	: 
BEDPL,PCH_PRE,GE250,EA	: u	: u	: u	: 	: 	: 
BEDPL,PCH_PRE,GE250,EL	0.3 	-0.27 	1.22 	4.14 	0.56 	: 
BEDPL,PCH_PRE,GE250,ES	1.51 	-0.91 	3.29 	0.09 	0 	: 
BEDPL,PCH_PRE,GE250,EU27	: u	: u	: u	: u	: 	: 
BEDPL,PCH_PRE,GE250,EU28	: u	: u	: u	: u	: 	: 
BEDPL,PCH_PRE,GE250,HR	-9.5 	0.43 	0.11 	1.57 	5.1 	: 
BEDPL,PCH_PRE,GE250,HU	0.02 	-1.57 	0.95 	: 	: 	: 
BEDPL,PCH_PRE,GE250,IS	0 	-24.38 	-35.6 	-7.12 	: 	: 
BEDPL,PCH_PRE,GE250,LT	-0.55 	0 	0 	0.18 	-0.4 	: 
BEDPL,PCH_PRE,GE250,LV	0 	26.03 	: c	: 	: 	: 
BEDPL,PCH_PRE,GE250,MT	8.51 	-0.01 	7.23 	-10.45 	-35.9 	: 
BEDPL,PCH_PRE,GE250,NO	0.29 	10.32 	8.93 	9.05 	4.8 	: 
BEDPL,PCH_PRE,GE250,PL	-5.98 	0.95 	2.93 	11.58 	1.1 	: 
BEDPL,PCH_PRE,GE250,RO	1.57 	0.55 	-4.34 	-1.83 	-4.8 	: 
BEDPL,PCH_PRE,GE250,SE	1.53 	5.16 	186.22 	9.27 	8.8 	: 
BEDPL,PCH_PRE,GE250,UK	: 	47.87 	10.02 	: 	: 	: 
BEDPL,PCH_PRE,LT25,BG	-4.24 	-15.66 	-2.69 	7.65 	8.8 	: 
BEDPL,PCH_PRE,LT25,CY	0.79 	0.94 	-4.08 	: 	: 	: 
BEDPL,PCH_PRE,LT25,CZ	-1.46 	-0.13 	3.3 	-7.54 	-1.5 	: 
BEDPL,PCH_PRE,LT25,DE	-1.32 	-2.11 	-1.26 	-2 	-0.7 	: 
BEDPL,PCH_PRE,LT25,EA	: u	: u	: u	: 	: 	: 
BEDPL,PCH_PRE,LT25,EL	-2.34 	-1.51 	-0.43 	5.19 	-0.02 	: 
BEDPL,PCH_PRE,LT25,ES	0.68 	-0.91 	1 	0.32 	0.7 	: 
BEDPL,PCH_PRE,LT25,EU27	: u	: u	: u	: u	: 	: 
BEDPL,PCH_PRE,LT25,EU28	: u	: u	: u	: u	: 	: 
BEDPL,PCH_PRE,LT25,HR	4.42 	12.16 	7.14 	3.02 	4.1 	: 
BEDPL,PCH_PRE,LT25,HU	-1.19 	1.17 	3.1 	: 	: 	: 
BEDPL,PCH_PRE,LT25,IS	-3.98 	4.54 	216.32 	19.44 	: 	: 
BEDPL,PCH_PRE,LT25,IT	-0.88 	-0.19 	0.38 	0.05 	0.9 	: 
BEDPL,PCH_PRE,LT25,LT	-1.79 	1.28 	1.56 	-1.71 	6.8 	: 
BEDPL,PCH_PRE,LT25,LU	-3.22 	: 	: 	: 	: 	: 
BEDPL,PCH_PRE,LT25,LV	0 	5.82 	34.81 	6.71 	0.3 	: 
BEDPL,PCH_PRE,LT25,MT	40.83 	-0.09 	23.83 	4.05 	230.3 	: 
BEDPL,PCH_PRE,LT25,NO	-11.74 	-0.55 	-11.59 	-21.04 	12.1 	: 
BEDPL,PCH_PRE,LT25,PL	0.81 	4.81 	2.16 	4.91 	1.6 	: 
BEDPL,PCH_PRE,LT25,RO	4.67 	-13.43 	8.48 	3.21 	2.9 	: 
BEDPL,PCH_PRE,LT25,SE	-2.66 	3.06 	-72.43 	0.57 	1.5 	: 
BEDPL,PCH_PRE,LT25,UK	: 	-37.72 	5.27 	: 	: 	: 
BEDPL,PCH_PRE,TOTAL,AT	1.24 	0.27 	0.27 	-0.5 	1.12 	0.1 
BEDPL,PCH_PRE,TOTAL,BE	0.17 	-0.06 	1.15 	-0.63 	0 	-1.5 
BEDPL,PCH_PRE,TOTAL,BG	4.12 	1 	2.79 	3.56 	0.4 	8.1 
BEDPL,PCH_PRE,TOTAL,CH	: 	-0.66 	0.32 	0.49 	0 	-1 
BEDPL,PCH_PRE,TOTAL,CY	2.07 	-1.39 	-0.85 	0.51 	0.59 	1.2 
BEDPL,PCH_PRE,TOTAL,CZ	-0.12 	1.13 	2.54 	-3.6 	-0.6 	22.1 b
BEDPL,PCH_PRE,TOTAL,DE	1.51 	0.36 	0.82 	0.35 	0.4 	0.1 
BEDPL,PCH_PRE,TOTAL,DK	3.19 	1.27 	-1.17 	3.79 	-0.3 	0.4 
BEDPL,PCH_PRE,TOTAL,EA	0.92 e	0.13 	1.2 	: 	: 	: 
BEDPL,PCH_PRE,TOTAL,EE	5.38 	-0.66 	0.56 	1.4 	1.3 	0.8 
BEDPL,PCH_PRE,TOTAL,EL	-0.44 	-0.47 	0.22 	3.46 	0.27 	1 
BEDPL,PCH_PRE,TOTAL,ES	1.19 	-0.67 	1.65 	0.43 	0.5 	1.1 
BEDPL,PCH_PRE,TOTAL,EU27	: u	0.28 	1.12 	0.65 e	4 	2.4 
BEDPL,PCH_PRE,TOTAL,EU28	: u	0.29 	1.13 	0.64 e	3.99 	2.3 
BEDPL,PCH_PRE,TOTAL,FI	3.64 	0.8 	0.24 	-2.27 	1.2 	10.7 
BEDPL,PCH_PRE,TOTAL,FR	: 	0.59 	2.34 	1.27 	0.8 	0 
BEDPL,PCH_PRE,TOTAL,HR	-0.53 	1.64 	1.73 	-0.05 	3.3 	1.3 b
BEDPL,PCH_PRE,TOTAL,HU	-0.09 	2.38 	1.88 	0.44 	1.5 	7.6 
BEDPL,PCH_PRE,TOTAL,IE	: 	0 	-0.78 	-2.83 	-3.4 	-3.5 b
BEDPL,PCH_PRE,TOTAL,IS	4.44 	4.37 	12.58 	10.42 	4.2 	4.3 
BEDPL,PCH_PRE,TOTAL,IT	-0.39 	-0.12 	0.43 	0.33 	-0.8 	-0.1 
BEDPL,PCH_PRE,TOTAL,LI	-3.86 	32.06 	-2.41 	3.95 	-1.8 	12.6 
BEDPL,PCH_PRE,TOTAL,LT	0.92 	0.28 	0.44 	2.4 	1.2 	5.1 
BEDPL,PCH_PRE,TOTAL,LU	-0.93 	7.89 	-1.66 	-1.6 	-2.9 	-3 b
BEDPL,PCH_PRE,TOTAL,LV	1.66 	3.02 	: c	0.83 	3.8 	-19.6 b
BEDPL,PCH_PRE,TOTAL,ME	2.29 	: 	: 	: 	: 	: 
BEDPL,PCH_PRE,TOTAL,MK	4.77 	7.75 	8.83 	5.99 	5.9 	6.6 
BEDPL,PCH_PRE,TOTAL,MT	3.09 	0.97 	2.64 	-3.37 	6 	2.5 
BEDPL,PCH_PRE,TOTAL,NL	3.42 	2.58 	0.98 	3.26 	7.9 	5.8 
BEDPL,PCH_PRE,TOTAL,NO	0.16 	2.19 	-0.82 	-0.96 	0.3 	4.8 
BEDPL,PCH_PRE,TOTAL,PL	3.11 	8.03 	3.09 	6.64 	3.8 	4.6 
BEDPL,PCH_PRE,TOTAL,PT	7.69 	2.74 	5.89 	0 	4.6 	2.5 
BEDPL,PCH_PRE,TOTAL,RO	2.86 	-5.15 	3.45 	1.44 	1 	-14.5 b
BEDPL,PCH_PRE,TOTAL,RS	: 	: 	: 	-2.97 	10.3 	: 
BEDPL,PCH_PRE,TOTAL,SE	2.11 	1.83 	-0.96 	1.31 	3.2 	1.4 
BEDPL,PCH_PRE,TOTAL,SI	2.02 	0.98 	1.59 	0.21 	-0.1 	-0.4 
BEDPL,PCH_PRE,TOTAL,SK	1.05 	-1.26 	5.82 	-0.65 	-0.6 	23.3 
BEDPL,PCH_PRE,TOTAL,TR	3.91 	: 	: 	7.58 	: 	: 
BEDPL,PCH_PRE,TOTAL,UK	: 	-0.22 	0.59 	: 	28.45 	11.4 b
BEDRM,NR,100-249,BG	27710 	28001 	25784 	25339 	24703 	24109 
BEDRM,NR,100-249,CY	19312 	19148 	19646 	19647 	: 	: 
BEDRM,NR,100-249,CZ	23097 	22736 	22909 	23119 	23599 	22310 b
BEDRM,NR,100-249,DE	237825 	229392 	223105 	214874 	208991 	204179 
BEDRM,NR,100-249,EA	: u	: u	: u	: 	: 	: 
BEDRM,NR,100-249,EL	88758 	88874 	88817 	88955 	86489 	86355 
BEDRM,NR,100-249,ES	279237 	278103 	278790 	277132 	275836 	274761 
BEDRM,NR,100-249,EU27	: u	: u	: u	: u	: 	: 
BEDRM,NR,100-249,EU28	: u	: u	: u	: u	: 	: 
BEDRM,NR,100-249,HR	31890 	31030 	31390 	30933 	30940 	30894 
BEDRM,NR,100-249,HU	19486 	19223 	18479 	18431 	: 	: 
BEDRM,NR,100-249,IS	3440 	3103 	2135 	4496 	4029 	: 
BEDRM,NR,100-249,LT	4098 	4085 	3850 	3881 	3658 	3642 
BEDRM,NR,100-249,LV	4155 	3973 	3945 	: c	: 	3765 
BEDRM,NR,100-249,ME	5633 	: 	: 	: 	: 	: 
BEDRM,NR,100-249,MT	6374 	7024 	6706 	6981 	6545 	3766 
BEDRM,NR,100-249,NO	36191 	35682 	34579 	34499 	34583 	33277 
BEDRM,NR,100-249,PL	38893 	37208 	35957 	34692 	31691 	29354 
BEDRM,NR,100-249,RO	35707 	35178 	35524 	35702 	34974 	34894 
BEDRM,NR,100-249,SE	37673 	35893 	36556 	46790 	46365 	44904 
BEDRM,NR,100-249,UK	: 	232261 	44382 	: 	: 	: 
BEDRM,NR,100-249,XK	493 u	: 	: 	: 	: 	: 
BEDRM,NR,25-99,BG	23736 	24596 	24791 	24334 	22970 	21624 
BEDRM,NR,25-99,CY	10768 	10601 	10754 	11022 	: 	: 
BEDRM,NR,25-99,CZ	51838 	51577 	50286 	48933 	49402 	49863 b
BEDRM,NR,25-99,DE	374414 	370201 	371269 	370805 	371322 	372922 
BEDRM,NR,25-99,EA	: u	: u	: u	: 	: 	: 
BEDRM,NR,25-99,EL	178153 	179111 	180132 	180018 	175212 	174705 
BEDRM,NR,25-99,ES	251319 	248672 	252131 	250833 	251440 	250734 
BEDRM,NR,25-99,EU27	: u	: u	: u	: u	: 	: 
BEDRM,NR,25-99,EU28	: u	: u	: u	: u	: 	: 
BEDRM,NR,25-99,HR	15430 	14990 	14326 	14000 	14534 	13936 
BEDRM,NR,25-99,HU	27277 	27399 	26691 	26371 	: 	: 
BEDRM,NR,25-99,IS	7333 	6940 	7397 	4863 	4480 	: 
BEDRM,NR,25-99,IT	598680 	600761 	601302 	598331 	601475 	613960 
BEDRM,NR,25-99,LT	6298 	6210 	6405 	6341 	6165 	6167 
BEDRM,NR,25-99,LU	3039 	3091 	: 	: 	: 	: 
BEDRM,NR,25-99,LV	4800 	4720 	4901 	4637 	4642 	4314 
BEDRM,NR,25-99,ME	3955 	: 	: 	: 	: 	: 
BEDRM,NR,25-99,MT	3274 	3299 	3337 	3172 	3443 	1009 
BEDRM,NR,25-99,NO	25991 	25715 	25780 	27004 	27621 	28109 
BEDRM,NR,25-99,PL	80550 	77174 	68239 	66648 	63436 	61318 
BEDRM,NR,25-99,RO	42767 	41263 	41001 	38386 	37905 	36595 
BEDRM,NR,25-99,SE	24348 	24497 	25043 	41945 	42312 	41956 
BEDRM,NR,25-99,UK	: 	267045 	208216 	: 	: 	: 
BEDRM,NR,25-99,XK	2018 u	: 	: 	: 	: 	: 
BEDRM,NR,GE100,BG	95702 	94253 	94868 	93813 	90405 	92772 
BEDRM,NR,GE100,CY	28123 	27574 	28068 	28032 	: 	: 
BEDRM,NR,GE100,CZ	35158 	34410 	34582 	34015 	34533 	33794 b
BEDRM,NR,GE100,DE	325818 	315106 	307842 	299754 	293142 	288290 
BEDRM,NR,GE100,EA	: u	: u	: u	: 	: 	: 
BEDRM,NR,GE100,EL	159660 	159706 	159858 	159468 	154056 	153601 
BEDRM,NR,GE100,ES	534745 	529579 	531010 	523075 	523828 	524485 
BEDRM,NR,GE100,EU27	: u	: u	: u	: u	: 	: 
BEDRM,NR,GE100,EU28	: u	: u	: u	: u	: 	: 
BEDRM,NR,GE100,HR	57562 	58287 	58165 	57695 	57247 	56241 
BEDRM,NR,GE100,HU	29567 	29291 	28680 	28583 	: 	: 
BEDRM,NR,GE100,IS	4322 	3985 	3273 	6247 	5885 	: 
BEDRM,NR,GE100,IT	241671 	241571 	241260 	241491 	236869 	231617 
BEDRM,NR,GE100,LT	4647 	4634 	4399 	4430 	4206 	4190 
BEDRM,NR,GE100,LU	2705 	2725 	: 	: 	: 	: 
BEDRM,NR,GE100,LV	5602 	5420 	5128 	4935 	5010 	4953 
BEDRM,NR,GE100,ME	9957 	: 	: 	: 	: 	: 
BEDRM,NR,GE100,MT	14835 	14905 	14604 	14337 	14637 	16649 
BEDRM,NR,GE100,NO	57878 	57614 	54665 	53186 	51738 	49358 
BEDRM,NR,GE100,PL	52865 	51737 	50316 	48704 	45195 	42405 
BEDRM,NR,GE100,RO	51491 	50728 	51104 	52078 	51638 	52430 
BEDRM,NR,GE100,SE	95218 	91868 	89197 	65467 	63578 	60862 
BEDRM,NR,GE100,UK	: 	348159 	147943 	: 	: 	: 
BEDRM,NR,GE100,XK	493 u	: 	: 	: 	: 	: 
BEDRM,NR,GE250,BG	67992 	66252 	69084 	68474 	65702 	68663 
BEDRM,NR,GE250,CY	8811 	8426 	8422 	8385 	: 	: 
BEDRM,NR,GE250,CZ	12061 	11674 	11673 	10896 	10934 	11484 b
BEDRM,NR,GE250,DE	87993 	85714 	84737 	84880 	84151 	84111 
BEDRM,NR,GE250,EA	: u	: u	: u	: 	: 	: 
BEDRM,NR,GE250,EL	70902 	70832 	71041 	70513 	67567 	67246 
BEDRM,NR,GE250,ES	255508 	251476 	252220 	245943 	247992 	249724 
BEDRM,NR,GE250,EU27	: u	: u	: u	: u	: 	: 
BEDRM,NR,GE250,EU28	: u	: u	: u	: u	: 	: 
BEDRM,NR,GE250,HR	25672 	27257 	26775 	26762 	26307 	25347 
BEDRM,NR,GE250,HU	10081 	10068 	10201 	10152 	: 	: 
BEDRM,NR,GE250,IS	882 	882 	1138 	1751 	1856 	: 
BEDRM,NR,GE250,LT	549 	549 	549 	549 	548 	548 
BEDRM,NR,GE250,LV	1447 	1447 	: c	: c	: 	: c
BEDRM,NR,GE250,ME	4324 	: 	: 	: 	: 	: 
BEDRM,NR,GE250,MT	8461 	7881 	7898 	7356 	8092 	12883 
BEDRM,NR,GE250,NO	21687 	21932 	20086 	18687 	17155 	16081 
BEDRM,NR,GE250,PL	13972 	14529 	14359 	14012 	13504 	13051 
BEDRM,NR,GE250,RO	15784 	15550 	15580 	16376 	16664 	17536 
BEDRM,NR,GE250,SE	57545 	55975 	52641 	18677 	17213 	15958 
BEDRM,NR,GE250,UK	: 	115898 	103560 	: 	: 	: 
BEDRM,NR,GE250,XK	0 u	: 	: 	: 	: 	: 
BEDRM,NR,LT25,BG	3982 	4176 	4909 	5127 	4732 	4356 
BEDRM,NR,LT25,CY	2914 	2902 	2873 	2930 	: 	: 
BEDRM,NR,LT25,CZ	50322 	51105 	51158 	49572 	53322 	54044 b
BEDRM,NR,LT25,DE	263107 	267151 	273275 	277492 	284203 	287256 
BEDRM,NR,LT25,EA	: u	: u	: u	: 	: 	: 
BEDRM,NR,LT25,EL	72060 	74097 	75382 	75760 	71960 	72077 
BEDRM,NR,LT25,ES	138110 	137760 	139298 	138532 	138995 	138913 
BEDRM,NR,LT25,EU27	: u	: u	: u	: u	: 	: 
BEDRM,NR,LT25,EU28	: u	: u	: u	: u	: 	: 
BEDRM,NR,LT25,HR	6992 	6685 	5940 	5617 	5376 	5186 
BEDRM,NR,LT25,HU	16892 	17095 	16948 	16532 	: 	: 
BEDRM,NR,LT25,IS	2862 	2909 	2917 	952 	811 	: 
BEDRM,NR,LT25,IT	246559 	248729 	249072 	250478 	251426 	247709 
BEDRM,NR,LT25,LT	3020 	3081 	3035 	3017 	3097 	2891 
BEDRM,NR,LT25,LU	1791 	1850 	: 	: 	: 	: 
BEDRM,NR,LT25,LV	2643 	2672 	2568 	1901 	1856 	1832 
BEDRM,NR,LT25,ME	2714 	: 	: 	: 	: 	: 
BEDRM,NR,LT25,MT	676 	459 	471 	366 	340 	133 
BEDRM,NR,LT25,NO	3709 	4175 	4259 	4620 	4982 	4456 
BEDRM,NR,LT25,PL	29097 	28804 	27559 	27012 	25786 	25372 
BEDRM,NR,LT25,RO	20131 	18835 	18760 	17408 	16922 	16437 
BEDRM,NR,LT25,SE	3382 	3490 	3467 	11202 	11338 	11126 
BEDRM,NR,LT25,UK	: 	259081 	519860 	: 	: 	: 
BEDRM,NR,LT25,XK	2125 u	: 	: 	: 	: 	: 
BEDRM,NR,TOTAL,AT	291046 	291497 	291974 	291753 	293702 	292165 
BEDRM,NR,TOTAL,BE	58968 	58791 	58298 	59417 	59671 	59769 
BEDRM,NR,TOTAL,BG	123420 	123025 	124568 	123274 	118107 	118752 
BEDRM,NR,TOTAL,CH	: 	140331 	141018 	140722 	140192 	140372 
BEDRM,NR,TOTAL,CY	41805 	41077 	41695 	41984 	41782 	41514 
BEDRM,NR,TOTAL,CZ	137318 	137092 	136026 	132520 	137257 	137701 b
BEDRM,NR,TOTAL,DE	963339 	952458 	952386 	948051 	948667 	948468 
BEDRM,NR,TOTAL,DK	46653 	45393 	44549 	44671 	43293 	43109 
BEDRM,NR,TOTAL,EA	4966602 e	4941501 	4940537 	: 	: 	: 
BEDRM,NR,TOTAL,EE	16208 	15535 	15474 	15624 	15321 	15088 
BEDRM,NR,TOTAL,EL	409873 	412914 	415372 	415246 	401228 	400383 
BEDRM,NR,TOTAL,ES	924174 	916011 	922439 	912440 	914263 	914132 
BEDRM,NR,TOTAL,EU27	: u	6583477 	6568704 	6545144 e	6512020 	6300623 
BEDRM,NR,TOTAL,EU28	: u	6663439 	6647135 	6622456 e	6589177 	6375986 
BEDRM,NR,TOTAL,FI	59104 	56982 	56723 	56688 	57447 	57009 
BEDRM,NR,TOTAL,FR	: 	656186 	652346 	637460 	629471 	624661 
BEDRM,NR,TOTAL,HR	79984 	79962 	78431 	77312 	77157 	75363 b
BEDRM,NR,TOTAL,HU	73736 	73785 	72319 	71486 	71041 	70252 
BEDRM,NR,TOTAL,IE	: 	64643 	64643 	65471 	66576 	68869 b
BEDRM,NR,TOTAL,IS	14517 	13834 	13587 	12063 	11176 	10374 
BEDRM,NR,TOTAL,IT	1086910 	1091061 	1091634 	1090300 	1089770 	1093286 
BEDRM,NR,TOTAL,LI	707 	721 	564 	591 	587 	626 
BEDRM,NR,TOTAL,LT	13965 	13925 	13839 	13788 	13468 	13248 
BEDRM,NR,TOTAL,LU	7535 	7666 	7661 	7777 	7836 	8205 b
BEDRM,NR,TOTAL,LV	13045 	12812 	: c	11473 	11508 	11099 b
BEDRM,NR,TOTAL,ME	16626 	16166 	: 	: 	: 	16248 
BEDRM,NR,TOTAL,MK	9335 	8906 	8271 	7692 	7232 	6820 
BEDRM,NR,TOTAL,MT	18785 	18663 	18412 	17875 	18420 	17791 
BEDRM,NR,TOTAL,NL	124049 	121021 	118121 	117917 	113813 	105940 
BEDRM,NR,TOTAL,NO	87578 	87504 	84704 	84810 	84341 	81923 
BEDRM,NR,TOTAL,PL	162512 	157715 	146114 	142364 	134417 	129095 
BEDRM,NR,TOTAL,PT	153971 	147940 	143912 	137511 	137511 	131357 
BEDRM,NR,TOTAL,RO	114389 	110826 	110865 	107872 	106465 	105462 b
BEDRM,NR,TOTAL,RS	: 	: 	: 	25634 	24759 	25130 
BEDRM,NR,TOTAL,SE	122948 	119855 	117707 	118614 	117228 	113944 
BEDRM,NR,TOTAL,SI	22908 	22451 	22344 	22072 	22102 	22015 
BEDRM,NR,TOTAL,SK	40088 	39868 	40667 	38498 	38690 	38921 
BEDRM,NR,TOTAL,TR	445249 	426210 	: 	383823 	357189 	: 
BEDRM,NR,TOTAL,UK	: 	874285 	876019 	: 	902998 	718405 b
BEDRM,NR,TOTAL,XK	4636 u	: 	: 	: 	: 	: 
BEDRM,PCH_PRE,100-249,BG	-1.04 	8.6 	1.76 	2.57 	2.5 	: 
BEDRM,PCH_PRE,100-249,CY	0.86 	-2.53 	-0.01 	: 	: 	: 
BEDRM,PCH_PRE,100-249,CZ	1.59 	-0.76 	-0.91 	-2.03 	5.8 	: 
BEDRM,PCH_PRE,100-249,DE	3.68 	2.82 	3.83 	2.81 	2.4 	: 
BEDRM,PCH_PRE,100-249,EA	: u	: u	: u	: 	: 	: 
BEDRM,PCH_PRE,100-249,EL	-0.13 	0.06 	-0.16 	2.85 	0.16 	: 
BEDRM,PCH_PRE,100-249,ES	0.41 	-0.25 	0.6 	0.47 	0.4 	: 
BEDRM,PCH_PRE,100-249,EU27	: u	: u	: u	: u	: 	: 
BEDRM,PCH_PRE,100-249,EU28	: u	: u	: u	: u	: 	: 
BEDRM,PCH_PRE,100-249,HR	2.77 	-1.15 	1.48 	-0.02 	0.1 	: 
BEDRM,PCH_PRE,100-249,HU	1.37 	4.03 	0.26 	: 	: 	: 
BEDRM,PCH_PRE,100-249,IS	10.86 	45.34 	-52.51 	11.59 	: 	: 
BEDRM,PCH_PRE,100-249,LT	0.32 	6.1 	-0.8 	6.1 	0.4 	: 
BEDRM,PCH_PRE,100-249,LV	4.58 	0.71 	5.28 	: 	: 	: 
BEDRM,PCH_PRE,100-249,MT	-9.25 	4.74 	-3.94 	6.66 	73.8 	: 
BEDRM,PCH_PRE,100-249,NO	1.43 	3.19 	0.23 	-0.24 	3.9 	: 
BEDRM,PCH_PRE,100-249,PL	4.53 	3.48 	3.65 	9.47 	8 	: 
BEDRM,PCH_PRE,100-249,RO	1.5 	-0.97 	-0.5 	2.08 	0.2 	: 
BEDRM,PCH_PRE,100-249,SE	4.96 	-1.81 	-21.87 	0.92 	3.3 	: 
BEDRM,PCH_PRE,100-249,UK	: 	423.32 	-84.16 	: 	: 	: 
BEDRM,PCH_PRE,25-99,BG	-3.5 	-0.79 	1.88 	5.94 	6.2 	: 
BEDRM,PCH_PRE,25-99,CY	1.58 	-1.42 	-2.43 	: 	: 	: 
BEDRM,PCH_PRE,25-99,CZ	0.51 	2.57 	2.77 	-0.95 	-0.9 	: 
BEDRM,PCH_PRE,25-99,DE	1.14 	-0.29 	0.13 	-0.14 	-0.4 	: 
BEDRM,PCH_PRE,25-99,EA	: u	: u	: u	: 	: 	: 
BEDRM,PCH_PRE,25-99,EL	-0.53 	-0.57 	0.06 	2.74 	0.29 	: 
BEDRM,PCH_PRE,25-99,ES	1.06 	-1.37 	0.52 	-0.24 	0.3 	: 
BEDRM,PCH_PRE,25-99,EU27	: u	: u	: u	: u	: 	: 
BEDRM,PCH_PRE,25-99,EU28	: u	: u	: u	: u	: 	: 
BEDRM,PCH_PRE,25-99,HR	2.94 	4.63 	2.33 	-3.67 	4.3 	: 
BEDRM,PCH_PRE,25-99,HU	-0.45 	2.65 	1.21 	: 	: 	: 
BEDRM,PCH_PRE,25-99,IS	5.66 	-6.18 	52.11 	8.55 	: 	: 
BEDRM,PCH_PRE,25-99,IT	-0.35 	-0.09 	0.5 	-0.52 	-2 	: 
BEDRM,PCH_PRE,25-99,LT	1.42 	-3.04 	1.01 	2.85 	0 	: 
BEDRM,PCH_PRE,25-99,LU	-1.68 	: 	: 	: 	: 	: 
BEDRM,PCH_PRE,25-99,LV	1.69 	-3.69 	5.69 	-0.11 	7.6 	: 
BEDRM,PCH_PRE,25-99,MT	-0.76 	-1.14 	5.2 	-7.87 	241.2 	: 
BEDRM,PCH_PRE,25-99,NO	1.07 	-0.25 	-4.53 	-2.23 	-1.7 	: 
BEDRM,PCH_PRE,25-99,PL	4.37 	13.09 	2.39 	5.06 	3.5 	: 
BEDRM,PCH_PRE,25-99,RO	3.64 	0.64 	6.81 	1.27 	3.6 	: 
BEDRM,PCH_PRE,25-99,SE	-0.61 	-2.18 	-40.3 	-0.87 	0.8 	: 
BEDRM,PCH_PRE,25-99,UK	: 	28.25 	-23.28 	: 	: 	: 
BEDRM,PCH_PRE,GE100,BG	1.54 	-0.65 	1.12 	3.77 	-2.6 	: 
BEDRM,PCH_PRE,GE100,CY	1.99 	-1.76 	0.13 	: 	: 	: 
BEDRM,PCH_PRE,GE100,CZ	2.17 	-0.5 	1.67 	-1.5 	2.2 	: 
BEDRM,PCH_PRE,GE100,DE	3.4 	2.36 	2.7 	2.26 	1.7 	: 
BEDRM,PCH_PRE,GE100,EA	: u	: u	: u	: 	: 	: 
BEDRM,PCH_PRE,GE100,EL	-0.03 	-0.1 	0.24 	3.51 	0.3 	: 
BEDRM,PCH_PRE,GE100,ES	0.98 	-0.27 	1.52 	-0.14 	-0.1 	: 
BEDRM,PCH_PRE,GE100,EU27	: u	: u	: u	: u	: 	: 
BEDRM,PCH_PRE,GE100,EU28	: u	: u	: u	: u	: 	: 
BEDRM,PCH_PRE,GE100,HR	-1.24 	0.21 	0.81 	0.78 	1.8 	: 
BEDRM,PCH_PRE,GE100,HU	0.94 	2.13 	0.34 	: 	: 	: 
BEDRM,PCH_PRE,GE100,IS	8.46 	21.75 	-47.61 	6.15 	: 	: 
BEDRM,PCH_PRE,GE100,IT	0.04 	0.13 	-0.1 	1.95 	2.3 	: 
BEDRM,PCH_PRE,GE100,LT	0.28 	5.34 	-0.7 	5.33 	0.4 	: 
BEDRM,PCH_PRE,GE100,LU	-0.73 	: 	: 	: 	: 	: 
BEDRM,PCH_PRE,GE100,LV	3.36 	5.69 	3.91 	-1.5 	1.2 	: 
BEDRM,PCH_PRE,GE100,MT	-0.47 	2.06 	1.86 	-2.05 	-12.1 	: 
BEDRM,PCH_PRE,GE100,NO	0.46 	5.39 	2.78 	2.8 	4.8 	: 
BEDRM,PCH_PRE,GE100,PL	2.18 	2.82 	3.31 	7.76 	6.6 	: 
BEDRM,PCH_PRE,GE100,RO	1.5 	-0.74 	-1.87 	0.85 	-1.5 	: 
BEDRM,PCH_PRE,GE100,SE	3.65 	2.99 	36.25 	2.97 	4.5 	: 
BEDRM,PCH_PRE,GE100,UK	: 	135.33 	-58.78 	: 	: 	: 
BEDRM,PCH_PRE,GE250,BG	2.63 	-4.1 	0.89 	4.22 	-4.3 	: 
BEDRM,PCH_PRE,GE250,CY	4.57 	0.05 	0.44 	: 	: 	: 
BEDRM,PCH_PRE,GE250,CZ	3.32 	0.01 	7.13 	-0.35 	-4.8 	: 
BEDRM,PCH_PRE,GE250,DE	2.66 	1.15 	-0.17 	0.87 	0 	: 
BEDRM,PCH_PRE,GE250,EA	: u	: u	: u	: 	: 	: 
BEDRM,PCH_PRE,GE250,EL	0.1 	-0.29 	0.75 	4.36 	0.48 	: 
BEDRM,PCH_PRE,GE250,ES	1.6 	-0.29 	2.55 	-0.83 	-0.7 	: 
BEDRM,PCH_PRE,GE250,EU27	: u	: u	: u	: u	: 	: 
BEDRM,PCH_PRE,GE250,EU28	: u	: u	: u	: u	: 	: 
BEDRM,PCH_PRE,GE250,HR	-5.82 	1.8 	0.05 	1.73 	3.8 	: 
BEDRM,PCH_PRE,GE250,HU	0.13 	-1.3 	0.48 	: 	: 	: 
BEDRM,PCH_PRE,GE250,IS	0 	-22.5 	-35.01 	-5.66 	: 	: 
BEDRM,PCH_PRE,GE250,LT	0 	0 	0 	0.18 	0 	: 
BEDRM,PCH_PRE,GE250,LV	0 	22.32 	: c	: 	: 	: 
BEDRM,PCH_PRE,GE250,MT	7.36 	-0.22 	7.37 	-9.1 	-37.2 	: 
BEDRM,PCH_PRE,GE250,NO	-1.12 	9.19 	7.49 	8.93 	6.7 	: 
BEDRM,PCH_PRE,GE250,PL	-3.83 	1.18 	2.48 	3.76 	3.5 	: 
BEDRM,PCH_PRE,GE250,RO	1.5 	-0.19 	-4.86 	-1.73 	-5 	: 
BEDRM,PCH_PRE,GE250,SE	2.8 	6.33 	181.85 	8.51 	7.9 	: 
BEDRM,PCH_PRE,GE250,UK	: 	11.91 	31.44 	: 	: 	: 
BEDRM,PCH_PRE,LT25,BG	-4.65 	-14.93 	-4.25 	8.35 	8.6 	: 
BEDRM,PCH_PRE,LT25,CY	0.41 	1.01 	-1.95 	: 	: 	: 
BEDRM,PCH_PRE,LT25,CZ	-1.53 	-0.1 	3.2 	-7.03 	-1.3 	: 
BEDRM,PCH_PRE,LT25,DE	-1.51 	-2.24 	-1.52 	-2.36 	-1.1 	: 
BEDRM,PCH_PRE,LT25,EA	: u	: u	: u	: 	: 	: 
BEDRM,PCH_PRE,LT25,EL	-2.75 	-1.7 	-0.5 	5.28 	-0.16 	: 
BEDRM,PCH_PRE,LT25,ES	0.25 	-1.1 	0.55 	-0.33 	0.1 	: 
BEDRM,PCH_PRE,LT25,EU27	: u	: u	: u	: u	: 	: 
BEDRM,PCH_PRE,LT25,EU28	: u	: u	: u	: u	: 	: 
BEDRM,PCH_PRE,LT25,HR	4.59 	12.54 	5.75 	4.48 	3.7 	: 
BEDRM,PCH_PRE,LT25,HU	-1.19 	0.87 	2.52 	: 	: 	: 
BEDRM,PCH_PRE,LT25,IS	-1.62 	-0.27 	206.41 	17.39 	: 	: 
BEDRM,PCH_PRE,LT25,IT	-0.87 	-0.14 	-0.56 	-0.38 	1.5 	: 
BEDRM,PCH_PRE,LT25,LT	-1.98 	1.52 	0.6 	-2.58 	7.1 	: 
BEDRM,PCH_PRE,LT25,LU	-3.19 	: 	: 	: 	: 	: 
BEDRM,PCH_PRE,LT25,LV	-1.09 	4.05 	35.09 	2.42 	1.3 	: 
BEDRM,PCH_PRE,LT25,MT	47.28 	-2.55 	28.69 	7.65 	155.6 	: 
BEDRM,PCH_PRE,LT25,NO	-11.16 	-1.97 	-7.81 	-7.27 	11.8 	: 
BEDRM,PCH_PRE,LT25,PL	1.02 	4.52 	2.03 	4.75 	1.6 	: 
BEDRM,PCH_PRE,LT25,RO	6.88 	0.4 	7.77 	2.87 	3 	: 
BEDRM,PCH_PRE,LT25,SE	-3.09 	0.66 	-69.05 	-1.2 	1.9 	: 
BEDRM,PCH_PRE,LT25,UK	: 	-50.16 	112.08 	: 	: 	: 
BEDRM,PCH_PRE,TOTAL,AT	-0.15 	-0.16 	0.08 	-0.7 	0.53 	0.6 
BEDRM,PCH_PRE,TOTAL,BE	0.3 	0.85 	-1.88 	-0.43 	-0.2 	-0.5 
BEDRM,PCH_PRE,TOTAL,BG	0.32 	-1.24 	1.05 	4.37 	-0.5 	7.4 
BEDRM,PCH_PRE,TOTAL,CH	: 	-0.49 	0.21 	0.38 	-0.1 	-1.2 
BEDRM,PCH_PRE,TOTAL,CY	1.77 	-1.48 	-0.69 	0.48 	0.65 	0.1 
BEDRM,PCH_PRE,TOTAL,CZ	0.16 	0.78 	2.65 	-3.45 	-0.3 	18.9 b
BEDRM,PCH_PRE,TOTAL,DE	1.14 	0.01 	0.46 	-0.06 	0 	-0.3 
BEDRM,PCH_PRE,TOTAL,DK	2.78 	1.89 	-0.27 	3.18 	0.4 	-0.1 
BEDRM,PCH_PRE,TOTAL,EA	0.51 e	0.02 	0.8 	: 	: 	: 
BEDRM,PCH_PRE,TOTAL,EE	4.33 	0.39 	-0.96 	1.98 	1.5 	-0.3 
BEDRM,PCH_PRE,TOTAL,EL	-0.74 	-0.59 	0.03 	3.49 	0.21 	0.8 
BEDRM,PCH_PRE,TOTAL,ES	0.89 	-0.7 	1.1 	-0.2 	0 	0.9 
BEDRM,PCH_PRE,TOTAL,EU27	: u	0.22 	0.78 	0.51 e	3.36 	1.7 
BEDRM,PCH_PRE,TOTAL,EU28	: u	0.25 	0.78 	0.5 e	3.34 	1.7 
BEDRM,PCH_PRE,TOTAL,FI	3.72 	0.46 	0.06 	-1.32 	0.8 	2 
BEDRM,PCH_PRE,TOTAL,FR	: 	0.59 	2.34 	1.27 	0.8 	0 
BEDRM,PCH_PRE,TOTAL,HR	0.03 	1.95 	1.45 	0.2 	2.4 	1 b
BEDRM,PCH_PRE,TOTAL,HU	-0.07 	2.03 	1.17 	0.63 	1.1 	6.4 
BEDRM,PCH_PRE,TOTAL,IE	: 	0 	-1.26 	-1.66 	-3.3 	-2.8 b
BEDRM,PCH_PRE,TOTAL,IS	4.94 	1.82 	12.63 	7.94 	7.7 	5.2 
BEDRM,PCH_PRE,TOTAL,IT	-0.38 	-0.05 	0.12 	0.05 	-0.3 	-0.3 
BEDRM,PCH_PRE,TOTAL,LI	-1.94 	27.84 	-4.57 	0.68 	-6.2 	6.3 
BEDRM,PCH_PRE,TOTAL,LT	0.29 	0.62 	0.37 	2.38 	1.7 	5 
BEDRM,PCH_PRE,TOTAL,LU	-1.71 	0.07 	-1.49 	-0.8 	-4.5 	-2.2 b
BEDRM,PCH_PRE,TOTAL,LV	1.82 	1.71 	: c	-0.3 	3.7 	-15.8 b
BEDRM,PCH_PRE,TOTAL,ME	2.85 	: 	: 	: 	: 	: 
BEDRM,PCH_PRE,TOTAL,MK	4.82 	7.68 	7.53 	6.36 	6 	7 
BEDRM,PCH_PRE,TOTAL,MT	0.65 	1.36 	3 	-2.96 	3.5 	0.4 
BEDRM,PCH_PRE,TOTAL,NL	2.5 	2.46 	0.17 	3.61 	7.4 	1.2 
BEDRM,PCH_PRE,TOTAL,NO	0.08 	3.31 	-0.12 	0.56 	3 	2.2 
BEDRM,PCH_PRE,TOTAL,PL	3.04 	7.94 	2.63 	5.91 	4.1 	4.3 
BEDRM,PCH_PRE,TOTAL,PT	4.08 	2.8 	4.65 	0 	4.7 	2.4 
BEDRM,PCH_PRE,TOTAL,RO	3.21 	-0.04 	2.77 	1.32 	1 	-13.7 b
BEDRM,PCH_PRE,TOTAL,RS	: 	: 	: 	3.53 	-1.5 	: 
BEDRM,PCH_PRE,TOTAL,SE	2.58 	1.82 	-0.76 	1.18 	2.9 	1.2 
BEDRM,PCH_PRE,TOTAL,SI	2.04 	0.48 	1.23 	-0.14 	0.4 	-0.3 
BEDRM,PCH_PRE,TOTAL,SK	0.55 	-1.96 	5.63 	-0.5 	-0.6 	7.5 
BEDRM,PCH_PRE,TOTAL,TR	4.47 	: 	: 	7.46 	: 	: 
BEDRM,PCH_PRE,TOTAL,UK	: 	-0.2 	0.07 	: 	25.69 	10.9 b
ESTBL,NR,100-249,BG	366 	368 	341 	331 	322 	317 
ESTBL,NR,100-249,CY	120 	120 	123 	122 	: 	: 
ESTBL,NR,100-249,CZ	154 	154 	153 	154 	158 	151 b
ESTBL,NR,100-249,DE	1622 	1568 	1517 	1472 	1432 	1401 
ESTBL,NR,100-249,EA	: u	: u	: u	: 	: 	: 
ESTBL,NR,100-249,EL	593 	594 	593 	596 	578 	579 
ESTBL,NR,100-249,ES	1755 	1752 	1758 	1746 	1737 	1730 
ESTBL,NR,100-249,EU27	: u	: u	: u	: u	: 	: 
ESTBL,NR,100-249,EU28	: u	: u	: u	: u	: 	: 
ESTBL,NR,100-249,HR	183 	183 	183 	181 	181 	182 
ESTBL,NR,100-249,HU	125 	122 	119 	118 	: 	: 
ESTBL,NR,100-249,IS	25 	23 	16 	61 	57 	33 
ESTBL,NR,100-249,LT	29 	29 	28 	28 	26 	26 
ESTBL,NR,100-249,LV	27 	26 	25 	: c	: 	24 
ESTBL,NR,100-249,ME	37 	: 	: 	: 	: 	: 
ESTBL,NR,100-249,MT	41 	44 	44 	44 	42 	49 
ESTBL,NR,100-249,NO	234 	231 	225 	226 	226 	219 
ESTBL,NR,100-249,PL	268 	257 	250 	240 	218 	203 
ESTBL,NR,100-249,RO	249 	246 	249 	248 	242 	227 
ESTBL,NR,100-249,SE	463 	440 	442 	310 	308 	299 
ESTBL,NR,100-249,UK	: 	1589 	2329 	: 	: 	: 
ESTBL,NR,100-249,XK	3 u	: 	: 	: 	: 	: 
ESTBL,NR,25-99,BG	986 	1019 	1003 	985 	929 	859 
ESTBL,NR,25-99,CY	214 	212 	215 	219 	: 	: 
ESTBL,NR,25-99,CZ	1195 	1190 	1164 	1127 	1150 	1150 b
ESTBL,NR,25-99,DE	8482 	8438 	8451 	8481 	8547 	8712 
ESTBL,NR,25-99,EA	: u	: u	: u	: 	: 	: 
ESTBL,NR,25-99,EL	3981 	4008 	4032 	4025 	3921 	3902 
ESTBL,NR,25-99,ES	5076 	5045 	5111 	5084 	5103 	5098 
ESTBL,NR,25-99,EU27	: u	: u	: u	: u	: 	: 
ESTBL,NR,25-99,EU28	: u	: u	: u	: u	: 	: 
ESTBL,NR,25-99,HR	305 	294 	282 	278 	283 	273 
ESTBL,NR,25-99,HU	586 	584 	580 	570 	: 	: 
ESTBL,NR,25-99,IS	152 	146 	155 	195 	183 	228 
ESTBL,NR,25-99,IT	13488 	13571 	13575 	13525 	13578 	14121 
ESTBL,NR,25-99,LT	133 	132 	136 	135 	130 	131 
ESTBL,NR,25-99,LU	69 	70 	: 	: 	: 	: 
ESTBL,NR,25-99,LV	100 	98 	101 	94 	94 	86 
ESTBL,NR,25-99,ME	89 	: 	: 	: 	: 	: 
ESTBL,NR,25-99,MT	64 	62 	61 	58 	62 	35 
ESTBL,NR,25-99,NO	500 	504 	505 	532 	543 	559 
ESTBL,NR,25-99,PL	1763 	1696 	1517 	1486 	1415 	1376 
ESTBL,NR,25-99,RO	1015 	986 	978 	953 	950 	803 
ESTBL,NR,25-99,SE	899 	901 	913 	827 	838 	830 
ESTBL,NR,25-99,UK	: 	5318 	5974 	: 	: 	: 
ESTBL,NR,25-99,XK	50 u	: 	: 	: 	: 	: 
ESTBL,NR,GE100,BG	697 	691 	665 	650 	630 	624 
ESTBL,NR,GE100,CY	149 	148 	151 	150 	: 	: 
ESTBL,NR,GE100,CZ	184 	184 	183 	182 	186 	181 b
ESTBL,NR,GE100,DE	1873 	1815 	1759 	1713 	1673 	1639 
ESTBL,NR,GE100,EA	: u	: u	: u	: 	: 	: 
ESTBL,NR,GE100,EL	787 	789 	789 	789 	764 	764 
ESTBL,NR,GE100,ES	2442 	2430 	2437 	2407 	2401 	2396 
ESTBL,NR,GE100,EU27	: u	: u	: u	: u	: 	: 
ESTBL,NR,GE100,EU28	: u	: u	: u	: u	: 	: 
ESTBL,NR,GE100,HR	258 	262 	260 	257 	255 	253 
ESTBL,NR,GE100,HU	155 	152 	149 	148 	: 	: 
ESTBL,NR,GE100,IS	28 	26 	20 	70 	66 	36 
ESTBL,NR,GE100,IT	1424 	1425 	1432 	1427 	1406 	1389 
ESTBL,NR,GE100,LT	31 	31 	30 	30 	28 	28 
ESTBL,NR,GE100,LU	17 	17 	: 	: 	: 	: 
ESTBL,NR,GE100,LV	31 	30 	28 	27 	27 	27 
ESTBL,NR,GE100,ME	49 	: 	: 	: 	: 	: 
ESTBL,NR,GE100,MT	64 	66 	66 	64 	64 	101 
ESTBL,NR,GE100,NO	297 	295 	284 	281 	275 	267 
ESTBL,NR,GE100,PL	306 	296 	289 	277 	254 	238 
ESTBL,NR,GE100,RO	298 	294 	297 	298 	293 	279 
ESTBL,NR,GE100,SE	737 	710 	694 	362 	358 	345 
ESTBL,NR,GE100,UK	: 	1880 	3584 	: 	: 	: 
ESTBL,NR,GE100,XK	3 u	: 	: 	: 	: 	: 
ESTBL,NR,GE250,BG	331 	323 	324 	319 	308 	307 
ESTBL,NR,GE250,CY	29 	28 	28 	28 	: 	: 
ESTBL,NR,GE250,CZ	30 	30 	30 	28 	28 	30 b
ESTBL,NR,GE250,DE	251 	247 	242 	241 	241 	238 
ESTBL,NR,GE250,EA	: u	: u	: u	: 	: 	: 
ESTBL,NR,GE250,EL	194 	195 	196 	193 	186 	185 
ESTBL,NR,GE250,ES	687 	678 	679 	661 	664 	666 
ESTBL,NR,GE250,EU27	: u	: u	: u	: u	: 	: 
ESTBL,NR,GE250,EU28	: u	: u	: u	: u	: 	: 
ESTBL,NR,GE250,HR	75 	79 	77 	76 	74 	71 
ESTBL,NR,GE250,HU	30 	30 	30 	30 	: 	: 
ESTBL,NR,GE250,IS	3 	3 	4 	8 	9 	3 
ESTBL,NR,GE250,LT	2 	2 	2 	2 	2 	2 
ESTBL,NR,GE250,LV	4 	4 	: c	: c	: 	: c
ESTBL,NR,GE250,ME	12 	: 	: 	: 	: 	: 
ESTBL,NR,GE250,MT	23 	22 	22 	20 	22 	52 
ESTBL,NR,GE250,NO	63 	64 	59 	55 	49 	48 
ESTBL,NR,GE250,PL	38 	39 	39 	37 	36 	35 
ESTBL,NR,GE250,RO	49 	48 	48 	50 	51 	52 
ESTBL,NR,GE250,SE	274 	270 	252 	52 	50 	46 
ESTBL,NR,GE250,UK	: 	291 	1255 	: 	: 	: 
ESTBL,NR,GE250,XK	0 	: 	: 	: 	: 	: 
ESTBL,NR,LT25,BG	427 	448 	512 	531 	496 	453 
ESTBL,NR,LT25,CY	431 	423 	420 	430 	: 	: 
ESTBL,NR,LT25,CZ	4588 	4648 	4645 	4524 	4965 	5019 b
ESTBL,NR,LT25,DE	22394 	22808 	23425 	23803 	24472 	24864 
ESTBL,NR,LT25,EA	: u	: u	: u	: 	: 	: 
ESTBL,NR,LT25,EL	5004 	5190 	5290 	5309 	4992 	5000 
ESTBL,NR,LT25,ES	12112 	12049 	12170 	12072 	12106 	12038 
ESTBL,NR,LT25,EU27	: u	: u	: u	: u	: 	: 
ESTBL,NR,LT25,EU28	: u	: u	: u	: u	: 	: 
ESTBL,NR,LT25,HR	474 	455 	396 	374 	359 	352 
ESTBL,NR,LT25,HU	1443 	1466 	1456 	1405 	: 	: 
ESTBL,NR,LT25,IS	225 	225 	227 	114 	95 	68 
ESTBL,NR,LT25,IT	18076 	18170 	18195 	18338 	18332 	18218 
ESTBL,NR,LT25,LT	247 	257 	252 	256 	256 	238 
ESTBL,NR,LT25,LU	139 	145 	: 	: 	: 	: 
ESTBL,NR,LT25,LV	218 	215 	203 	137 	134 	134 
ESTBL,NR,LT25,ME	193 	: 	: 	: 	: 	: 
ESTBL,NR,LT25,MT	55 	36 	34 	27 	27 	14 
ESTBL,NR,LT25,NO	261 	307 	293 	332 	383 	276 
ESTBL,NR,LT25,PL	1995 	1973 	1917 	1883 	1816 	1800 
ESTBL,NR,LT25,RO	1453 	1358 	1351 	1249 	1196 	1134 
ESTBL,NR,LT25,SE	389 	400 	385 	844 	849 	828 
ESTBL,NR,LT25,UK	: 	32517 	30271 	: 	: 	: 
ESTBL,NR,LT25,XK	129 u	: 	: 	: 	: 	: 
ESTBL,NR,TOTAL,AT	12153 	12366 	12625 	12839 	13073 	13203 
ESTBL,NR,TOTAL,BE	1517 	1522 	1557 	1653 	1713 	1771 
ESTBL,NR,TOTAL,BG	2110 	2158 	2180 	2166 	2055 	1936 
ESTBL,NR,TOTAL,CH	: 	4949 	5055 	5129 	5191 	5257 
ESTBL,NR,TOTAL,CY	794 	783 	786 	799 	792 	799 
ESTBL,NR,TOTAL,CZ	5967 	6022 	5992 	5833 	6301 	6350 b
ESTBL,NR,TOTAL,DE	32749 	33061 	33635 	33997 	34692 	35215 
ESTBL,NR,TOTAL,DK	559 	537 	525 	533 	514 	515 
ESTBL,NR,TOTAL,EA	141095 e	141714 	142793 	: 	: 	: 
ESTBL,NR,TOTAL,EE	422 	413 	414 	410 	404 	390 
ESTBL,NR,TOTAL,EL	9772 	9987 	10111 	10123 	9677 	9666 
ESTBL,NR,TOTAL,ES	19630 	19524 	19718 	19563 	19610 	19532 
ESTBL,NR,TOTAL,EU27	: u	200962 	201845 	201339 e	201895 	201143 
ESTBL,NR,TOTAL,EU28	: u	201973 	202783 	202248 e	202792 	202021 
ESTBL,NR,TOTAL,FI	787 	772 	777 	785 	828 	839 
ESTBL,NR,TOTAL,FR	: 	18424 	18328 	17336 	17171 	17189 
ESTBL,NR,TOTAL,HR	1037 	1011 	938 	909 	897 	878 b
ESTBL,NR,TOTAL,HU	2184 	2202 	2185 	2123 	2064 	2094 
ESTBL,NR,TOTAL,IE	: 	2348 	2348 	2438 	2462 	2945 b
ESTBL,NR,TOTAL,IS	405 	397 	402 	379 	344 	332 
ESTBL,NR,TOTAL,IT	32988 	33166 	33202 	33290 	33316 	33728 
ESTBL,NR,TOTAL,LI	35 	38 	35 	40 	36 	38 
ESTBL,NR,TOTAL,LT	411 	420 	418 	421 	414 	397 
ESTBL,NR,TOTAL,LU	225 	232 	236 	236 	243 	251 b
ESTBL,NR,TOTAL,LV	349 	343 	: c	258 	255 	247 b
ESTBL,NR,TOTAL,ME	331 	311 	: 	: 	: 	351 
ESTBL,NR,TOTAL,MK	274 	263 	249 	233 	225 	209 
ESTBL,NR,TOTAL,MT	183 	164 	161 	149 	153 	150 
ESTBL,NR,TOTAL,NL	3636 	3585 	3525 	3561 	3510 	3155 
ESTBL,NR,TOTAL,NO	1058 	1106 	1082 	1145 	1201 	1102 
ESTBL,NR,TOTAL,PL	4064 	3965 	3723 	3646 	3485 	3414 
ESTBL,NR,TOTAL,PT	2538 	2437 	2430 	2331 	2331 	2028 
ESTBL,NR,TOTAL,RO	2766 	2638 	2626 	2500 	2439 	2216 b
ESTBL,NR,TOTAL,RS	: 	: 	: 	676 	657 	716 
ESTBL,NR,TOTAL,SE	2025 	2011 	1992 	2033 	2045 	2003 
ESTBL,NR,TOTAL,SI	698 	692 	681 	647 	639 	642 
ESTBL,NR,TOTAL,SK	1471 	1475 	1509 	1397 	1439 	1473 
ESTBL,NR,TOTAL,TR	3763 	3634 	: 	3125 	2977 	: 
ESTBL,NR,TOTAL,UK	: 	39715 	39829 	: 	40272 	38996 b
ESTBL,NR,TOTAL,XK	182 u	: 	: 	: 	: 	: 
ESTBL,PCH_PRE,100-249,BG	-0.54 	7.92 	3.02 	2.8 	1.6 	: 
ESTBL,PCH_PRE,100-249,CY	0 	-2.44 	0.82 	: 	: 	: 
ESTBL,PCH_PRE,100-249,CZ	0 	0.65 	-0.65 	-2.53 	4.6 	: 
ESTBL,PCH_PRE,100-249,DE	3.44 	3.36 	3.06 	2.79 	2.2 	: 
ESTBL,PCH_PRE,100-249,EA	: u	: u	: u	: 	: 	: 
ESTBL,PCH_PRE,100-249,EL	-0.17 	0.17 	-0.5 	3.11 	-0.17 	: 
ESTBL,PCH_PRE,100-249,ES	0.17 	-0.34 	0.69 	0.52 	0.4 	: 
ESTBL,PCH_PRE,100-249,EU27	: u	: u	: u	: u	: 	: 
ESTBL,PCH_PRE,100-249,EU28	: u	: u	: u	: u	: 	: 
ESTBL,PCH_PRE,100-249,HR	0 	0 	1.1 	0 	-0.5 	: 
ESTBL,PCH_PRE,100-249,HU	2.46 	2.52 	0.85 	: 	: 	: 
ESTBL,PCH_PRE,100-249,IS	8.7 	43.75 	-73.77 	7.02 	72.7 	: 
ESTBL,PCH_PRE,100-249,LT	0 	3.57 	0 	7.69 	0 	: 
ESTBL,PCH_PRE,100-249,LV	3.85 	4 	4.17 	: 	: 	: 
ESTBL,PCH_PRE,100-249,MT	-6.82 	0 	0 	4.76 	-14.3 	: 
ESTBL,PCH_PRE,100-249,NO	1.3 	2.67 	-0.44 	0 	3.2 	: 
ESTBL,PCH_PRE,100-249,PL	4.28 	2.8 	4.17 	10.09 	7.4 	: 
ESTBL,PCH_PRE,100-249,RO	1.22 	-1.2 	0.4 	2.48 	6.6 	: 
ESTBL,PCH_PRE,100-249,SE	5.23 	-0.45 	42.58 	0.65 	3 	: 
ESTBL,PCH_PRE,100-249,UK	: 	-31.77 	-5.09 	: 	: 	: 
ESTBL,PCH_PRE,25-99,BG	-3.24 	1.6 	1.83 	6.03 	8.1 	: 
ESTBL,PCH_PRE,25-99,CY	0.94 	-1.4 	-1.83 	: 	: 	: 
ESTBL,PCH_PRE,25-99,CZ	0.42 	2.23 	3.28 	-2 	0 	: 
ESTBL,PCH_PRE,25-99,DE	0.52 	-0.15 	-0.35 	-0.77 	-1.9 	: 
ESTBL,PCH_PRE,25-99,EA	: u	: u	: u	: 	: 	: 
ESTBL,PCH_PRE,25-99,EL	-0.67 	-0.6 	0.17 	2.65 	0.49 	: 
ESTBL,PCH_PRE,25-99,ES	0.61 	-1.29 	0.53 	-0.37 	0.1 	: 
ESTBL,PCH_PRE,25-99,EU27	: u	: u	: u	: u	: 	: 
ESTBL,PCH_PRE,25-99,EU28	: u	: u	: u	: u	: 	: 
ESTBL,PCH_PRE,25-99,HR	3.74 	4.26 	1.44 	-1.77 	3.7 	: 
ESTBL,PCH_PRE,25-99,HU	0.34 	0.69 	1.75 	: 	: 	: 
ESTBL,PCH_PRE,25-99,IS	4.11 	-5.81 	-20.51 	6.56 	-19.7 	: 
ESTBL,PCH_PRE,25-99,IT	-0.61 	-0.03 	0.37 	-0.39 	-3.8 	: 
ESTBL,PCH_PRE,25-99,LT	0.76 	-2.94 	0.74 	3.85 	-0.8 	: 
ESTBL,PCH_PRE,25-99,LU	-1.43 	: 	: 	: 	: 	: 
ESTBL,PCH_PRE,25-99,LV	2.04 	-2.97 	7.45 	0 	9.3 	: 
ESTBL,PCH_PRE,25-99,MT	3.23 	1.64 	5.17 	-6.45 	77.1 	: 
ESTBL,PCH_PRE,25-99,NO	-0.79 	-0.2 	-5.08 	-2.03 	-2.9 	: 
ESTBL,PCH_PRE,25-99,PL	3.95 	11.8 	2.09 	5.02 	2.8 	: 
ESTBL,PCH_PRE,25-99,RO	2.94 	0.82 	2.62 	0.32 	18.3 	: 
ESTBL,PCH_PRE,25-99,SE	-0.22 	-1.31 	10.4 	-1.31 	1 	: 
ESTBL,PCH_PRE,25-99,UK	: 	-10.98 	1.77 	: 	: 	: 
ESTBL,PCH_PRE,GE100,BG	0.87 	3.91 	2.31 	3.17 	1 	: 
ESTBL,PCH_PRE,GE100,CY	0.68 	-1.99 	0.67 	: 	: 	: 
ESTBL,PCH_PRE,GE100,CZ	0 	0.55 	0.55 	-2.15 	2.8 	: 
ESTBL,PCH_PRE,GE100,DE	3.2 	3.18 	2.69 	2.39 	2.1 	: 
ESTBL,PCH_PRE,GE100,EA	: u	: u	: u	: 	: 	: 
ESTBL,PCH_PRE,GE100,EL	-0.25 	0 	0 	3.27 	0 	: 
ESTBL,PCH_PRE,GE100,ES	0.49 	-0.29 	1.25 	0.25 	0.2 	: 
ESTBL,PCH_PRE,GE100,EU27	: u	: u	: u	: u	: 	: 
ESTBL,PCH_PRE,GE100,EU28	: u	: u	: u	: u	: 	: 
ESTBL,PCH_PRE,GE100,HR	-1.53 	0.77 	1.17 	0.78 	0.8 	: 
ESTBL,PCH_PRE,GE100,HU	1.97 	2.01 	0.68 	: 	: 	: 
ESTBL,PCH_PRE,GE100,IS	7.69 	30 	-71.43 	6.06 	83.3 	: 
ESTBL,PCH_PRE,GE100,IT	-0.07 	-0.49 	0.35 	1.49 	1.2 	: 
ESTBL,PCH_PRE,GE100,LT	0 	3.33 	0 	7.14 	0 	: 
ESTBL,PCH_PRE,GE100,LU	0 	: 	: 	: 	: 	: 
ESTBL,PCH_PRE,GE100,LV	3.33 	7.14 	3.7 	0 	0 	: 
ESTBL,PCH_PRE,GE100,MT	-3.03 	0 	3.13 	0 	-36.6 	: 
ESTBL,PCH_PRE,GE100,NO	0.68 	3.87 	1.07 	2.18 	3 	: 
ESTBL,PCH_PRE,GE100,PL	3.38 	2.42 	4.33 	9.06 	6.7 	: 
ESTBL,PCH_PRE,GE100,RO	1.36 	-1.01 	-0.34 	1.71 	5 	: 
ESTBL,PCH_PRE,GE100,SE	3.8 	2.31 	91.71 	1.12 	3.8 	: 
ESTBL,PCH_PRE,GE100,UK	: 	-47.54 	-16.75 	: 	: 	: 
ESTBL,PCH_PRE,GE250,BG	2.48 	-0.31 	1.57 	3.57 	0.3 	: 
ESTBL,PCH_PRE,GE250,CY	3.57 	0 	0 	: 	: 	: 
ESTBL,PCH_PRE,GE250,CZ	0 	0 	7.14 	0 	-6.7 	: 
ESTBL,PCH_PRE,GE250,DE	1.62 	2.07 	0.41 	0 	1.3 	: 
ESTBL,PCH_PRE,GE250,EA	: u	: u	: u	: 	: 	: 
ESTBL,PCH_PRE,GE250,EL	-0.51 	-0.51 	1.55 	3.76 	0.54 	: 
ESTBL,PCH_PRE,GE250,ES	1.33 	-0.15 	2.72 	-0.45 	-0.3 	: 
ESTBL,PCH_PRE,GE250,EU27	: u	: u	: u	: u	: 	: 
ESTBL,PCH_PRE,GE250,EU28	: u	: u	: u	: u	: 	: 
ESTBL,PCH_PRE,GE250,HR	-5.06 	2.6 	1.32 	2.7 	4.2 	: 
ESTBL,PCH_PRE,GE250,HU	0 	0 	0 	: 	: 	: 
ESTBL,PCH_PRE,GE250,IS	0 	-25 	-50 	-11.11 	200 	: 
ESTBL,PCH_PRE,GE250,LT	0 	0 	0 	0 	0 	: 
ESTBL,PCH_PRE,GE250,LV	0 	33.33 	: c	: 	: 	: 
ESTBL,PCH_PRE,GE250,MT	4.55 	0 	10 	-9.09 	-57.7 	: 
ESTBL,PCH_PRE,GE250,NO	-1.56 	8.47 	7.27 	12.24 	2.1 	: 
ESTBL,PCH_PRE,GE250,PL	-2.56 	0 	5.41 	2.78 	2.9 	: 
ESTBL,PCH_PRE,GE250,RO	2.08 	0 	-4 	-1.96 	-1.9 	: 
ESTBL,PCH_PRE,GE250,SE	1.48 	7.14 	384.62 	4 	8.7 	: 
ESTBL,PCH_PRE,GE250,UK	: 	-76.81 	-32.2 	: 	: 	: 
ESTBL,PCH_PRE,LT25,BG	-4.69 	-12.5 	-3.58 	7.06 	9.5 	: 
ESTBL,PCH_PRE,LT25,CY	1.89 	0.71 	-2.33 	: 	: 	: 
ESTBL,PCH_PRE,LT25,CZ	-1.29 	0.06 	2.67 	-8.88 	-1.1 	: 
ESTBL,PCH_PRE,LT25,DE	-1.82 	-2.63 	-1.59 	-2.73 	-1.6 	: 
ESTBL,PCH_PRE,LT25,EA	: u	: u	: u	: 	: 	: 
ESTBL,PCH_PRE,LT25,EL	-3.58 	-1.89 	-0.36 	6.35 	-0.16 	: 
ESTBL,PCH_PRE,LT25,ES	0.52 	-0.99 	0.81 	-0.28 	0.6 	: 
ESTBL,PCH_PRE,LT25,EU27	: u	: u	: u	: u	: 	: 
ESTBL,PCH_PRE,LT25,EU28	: u	: u	: u	: u	: 	: 
ESTBL,PCH_PRE,LT25,HR	4.18 	14.9 	5.88 	4.18 	2 	: 
ESTBL,PCH_PRE,LT25,HU	-1.57 	0.69 	3.63 	: 	: 	: 
ESTBL,PCH_PRE,LT25,IS	0 	-0.88 	99.12 	20 	39.7 	: 
ESTBL,PCH_PRE,LT25,IT	-0.52 	-0.14 	-0.78 	0.03 	0.6 	: 
ESTBL,PCH_PRE,LT25,LT	-3.89 	1.98 	-1.56 	0 	7.6 	: 
ESTBL,PCH_PRE,LT25,LU	-4.14 	: 	: 	: 	: 	: 
ESTBL,PCH_PRE,LT25,LV	1.4 	5.91 	48.18 	2.24 	0 	: 
ESTBL,PCH_PRE,LT25,MT	52.78 	5.88 	25.93 	0 	92.9 	: 
ESTBL,PCH_PRE,LT25,NO	-14.98 	4.78 	-11.75 	-13.32 	38.8 	: 
ESTBL,PCH_PRE,LT25,PL	1.12 	2.92 	1.81 	3.69 	0.9 	: 
ESTBL,PCH_PRE,LT25,RO	7 	0.52 	8.17 	4.43 	5.5 	: 
ESTBL,PCH_PRE,LT25,SE	-2.75 	3.9 	-54.38 	-0.59 	2.5 	: 
ESTBL,PCH_PRE,LT25,UK	: 	7.42 	4.53 	: 	: 	: 
ESTBL,PCH_PRE,TOTAL,AT	-1.72 	-2.05 	-1.67 	-1.8 	-0.98 	0.5 
ESTBL,PCH_PRE,TOTAL,BE	-0.33 	-2.25 	-5.81 	-3.5 	-3.3 	-15.3 
ESTBL,PCH_PRE,TOTAL,BG	-2.22 	-1.01 	0.65 	5.4 	6.1 	4 
ESTBL,PCH_PRE,TOTAL,CH	: 	-2.1 	-1.44 	-1.19 	-1.3 	-2.6 
ESTBL,PCH_PRE,TOTAL,CY	1.4 	-0.38 	-1.63 	0.88 	-0.88 	17 
ESTBL,PCH_PRE,TOTAL,CZ	-0.91 	0.5 	2.73 	-7.43 	-0.8 	37.7 b
ESTBL,PCH_PRE,TOTAL,DE	-0.94 	-1.71 	-1.06 	-2 	-1.5 	-1 
ESTBL,PCH_PRE,TOTAL,DK	4.1 	2.29 	-1.5 	3.7 	-0.2 	-0.8 
ESTBL,PCH_PRE,TOTAL,EA	-0.44 e	-0.76 	0.39 	: 	: 	: 
ESTBL,PCH_PRE,TOTAL,EE	2.18 	-0.24 	0.98 	1.49 	3.6 	4.3 
ESTBL,PCH_PRE,TOTAL,EL	-2.15 	-1.23 	-0.12 	4.61 	0.11 	0.2 
ESTBL,PCH_PRE,TOTAL,ES	0.54 	-0.98 	0.79 	-0.24 	0.4 	1.4 
ESTBL,PCH_PRE,TOTAL,EU27	: u	-0.44 	0.47 	-0.28 e	0.37 	-0.4 
ESTBL,PCH_PRE,TOTAL,EU28	: u	-0.4 	0.48 	-0.27 e	0.38 	-0.4 
ESTBL,PCH_PRE,TOTAL,FI	1.94 	-0.64 	-1.02 	-5.19 	-1.3 	1.1 
ESTBL,PCH_PRE,TOTAL,FR	: 	0.52 	5.72 	0.96 	-0.1 	0 
ESTBL,PCH_PRE,TOTAL,HR	2.57 	7.78 	3.19 	1.34 	2.2 	2.5 b
ESTBL,PCH_PRE,TOTAL,HU	-0.82 	0.78 	2.92 	2.86 	-1.4 	8.7 
ESTBL,PCH_PRE,TOTAL,IE	: 	0 	-3.69 	-0.97 	-16.4 	-4.1 b
ESTBL,PCH_PRE,TOTAL,IS	2.02 	-1.24 	6.07 	10.17 	3.6 	: 
ESTBL,PCH_PRE,TOTAL,IT	-0.54 	-0.11 	-0.26 	-0.08 	-1.2 	-0.6 
ESTBL,PCH_PRE,TOTAL,LI	-7.89 	8.57 	-12.5 	11.11 	-5.3 	-5 
ESTBL,PCH_PRE,TOTAL,LT	-2.14 	0.48 	-0.71 	1.69 	4.3 	4.7 
ESTBL,PCH_PRE,TOTAL,LU	-3.02 	-1.69 	0 	-2.9 	-3.2 	-3.1 b
ESTBL,PCH_PRE,TOTAL,LV	1.75 	3.31 	: c	1.18 	3.2 	-50.2 b
ESTBL,PCH_PRE,TOTAL,ME	6.43 	: 	: 	: 	: 	: 
ESTBL,PCH_PRE,TOTAL,MK	4.18 	5.62 	6.87 	3.56 	7.7 	12.4 
ESTBL,PCH_PRE,TOTAL,MT	11.59 	1.86 	8.05 	-2.61 	2 	0.7 
ESTBL,PCH_PRE,TOTAL,NL	1.42 	1.7 	-1.01 	1.45 	11.3 	-1.2 
ESTBL,PCH_PRE,TOTAL,NO	-4.34 	2.22 	-5.5 	-4.66 	9 	-1.2 
ESTBL,PCH_PRE,TOTAL,PL	2.5 	6.5 	2.11 	4.62 	2.1 	3.9 
ESTBL,PCH_PRE,TOTAL,PT	4.14 	0.29 	4.25 	0 	14.9 	0.4 
ESTBL,PCH_PRE,TOTAL,RO	4.85 	0.46 	5.04 	2.5 	10.1 	-52 b
ESTBL,PCH_PRE,TOTAL,RS	: 	: 	: 	2.89 	-8.2 	: 
ESTBL,PCH_PRE,TOTAL,SE	0.7 	0.95 	-2.02 	-0.59 	2.1 	0.3 
ESTBL,PCH_PRE,TOTAL,SI	0.87 	1.62 	5.26 	1.25 	-0.5 	-0.9 
ESTBL,PCH_PRE,TOTAL,SK	-0.27 	-2.25 	8.02 	-2.92 	-2.3 	13.6 
ESTBL,PCH_PRE,TOTAL,TR	3.55 	: 	: 	4.97 	: 	: 
ESTBL,PCH_PRE,TOTAL,UK	: 	-0.29 	1.78 	: 	3.27 	0.1 b
