purpose,age,duration,unit,geo\time	2016 	2013 
FIN,Y15-24,N_GE1,NR,AT	: c	: 
FIN,Y15-24,N_GE1,NR,BE	288854 	: 
FIN,Y15-24,N_GE1,NR,BG	142731 	: 
FIN,Y15-24,N_GE1,NR,CH	9594 u	: 
FIN,Y15-24,N_GE1,NR,CY	10528 u	: 
FIN,Y15-24,N_GE1,NR,CZ	82014 u	: 
FIN,Y15-24,N_GE1,NR,DE	: c	: 
FIN,Y15-24,N_GE1,NR,DK	25686 	: 
FIN,Y15-24,N_GE1,NR,EA	5404405 	: 
FIN,Y15-24,N_GE1,NR,EE	: c	: 
FIN,Y15-24,N_GE1,NR,EL	490472 	: 
FIN,Y15-24,N_GE1,NR,ES	641016 	: 
FIN,Y15-24,N_GE1,NR,EU27	10032135 	: 
FIN,Y15-24,N_GE1,NR,EU28	10118309 	: 
FIN,Y15-24,N_GE1,NR,FI	: c	: 
FIN,Y15-24,N_GE1,NR,FR	870138 	: 
FIN,Y15-24,N_GE1,NR,HR	86174 	: 
FIN,Y15-24,N_GE1,NR,HU	210239 	: 
FIN,Y15-24,N_GE1,NR,IE	109293 	: 
FIN,Y15-24,N_GE1,NR,IT	2004245 	: 
FIN,Y15-24,N_GE1,NR,LT	32504 	: 
FIN,Y15-24,N_GE1,NR,LU	: c	: 
FIN,Y15-24,N_GE1,NR,LV	21640 	: 
FIN,Y15-24,N_GE1,NR,ME	: c	: 
FIN,Y15-24,N_GE1,NR,MT	2550 u	: 
FIN,Y15-24,N_GE1,NR,NL	95141 	: 
FIN,Y15-24,N_GE1,NR,PL	649458 	: 
FIN,Y15-24,N_GE1,NR,PT	385344 	: 
FIN,Y15-24,N_GE1,NR,RO	1044496 	: 
FIN,Y15-24,N_GE1,NR,SE	121722 	: 
FIN,Y15-24,N_GE1,NR,SI	6232 u	: 
FIN,Y15-24,N_GE1,NR,SK	59356 u	: 
FIN,Y15-24,N_GE1,NR,UK	2297240 	: 
FIN,Y25-34,N_GE1,NR,AT	: c	: 
FIN,Y25-34,N_GE1,NR,BE	288693 	: 
FIN,Y25-34,N_GE1,NR,BG	242041 	: 
FIN,Y25-34,N_GE1,NR,CH	25748 u	: 
FIN,Y25-34,N_GE1,NR,CY	17052 e	: 
FIN,Y25-34,N_GE1,NR,CZ	: c	: 
FIN,Y25-34,N_GE1,NR,DE	: c	: 
FIN,Y25-34,N_GE1,NR,DK	52329 	: 
FIN,Y25-34,N_GE1,NR,EA	5839397 	: 
FIN,Y25-34,N_GE1,NR,EE	: c	: 
FIN,Y25-34,N_GE1,NR,EL	548948 	: 
FIN,Y25-34,N_GE1,NR,ES	770319 	: 
FIN,Y25-34,N_GE1,NR,EU27	10061557 	: 
FIN,Y25-34,N_GE1,NR,EU28	10171587 	: 
FIN,Y25-34,N_GE1,NR,FI	: c	: 
FIN,Y25-34,N_GE1,NR,FR	972411 	: 
FIN,Y25-34,N_GE1,NR,HR	110030 	: 
FIN,Y25-34,N_GE1,NR,HU	213800 	: 
FIN,Y25-34,N_GE1,NR,IE	98755 	: 
FIN,Y25-34,N_GE1,NR,IT	1739120 	: 
FIN,Y25-34,N_GE1,NR,LT	8404 	: 
FIN,Y25-34,N_GE1,NR,LU	: c	: 
FIN,Y25-34,N_GE1,NR,LV	34671 	: 
FIN,Y25-34,N_GE1,NR,ME	: c	: 
FIN,Y25-34,N_GE1,NR,MT	8372 u	: 
FIN,Y25-34,N_GE1,NR,NL	108965 	: 
FIN,Y25-34,N_GE1,NR,PL	830397 	: 
FIN,Y25-34,N_GE1,NR,PT	329309 	: 
FIN,Y25-34,N_GE1,NR,RO	992909 	: 
FIN,Y25-34,N_GE1,NR,SE	144451 	: 
FIN,Y25-34,N_GE1,NR,SI	29877 	: 
FIN,Y25-34,N_GE1,NR,SK	98274 	: 
FIN,Y25-34,N_GE1,NR,UK	1609490 	: 
FIN,Y25-44,N_GE1,NR,AT	95447 u	: 
FIN,Y25-44,N_GE1,NR,BE	566163 	: 
FIN,Y25-44,N_GE1,NR,BG	561591 	: 
FIN,Y25-44,N_GE1,NR,CH	61511 u	: 
FIN,Y25-44,N_GE1,NR,CY	36343 e	: 
FIN,Y25-44,N_GE1,NR,CZ	215736 	: 
FIN,Y25-44,N_GE1,NR,DE	1761038 u	: 
FIN,Y25-44,N_GE1,NR,DK	88456 	: 
FIN,Y25-44,N_GE1,NR,EA	13228442 	: 
FIN,Y25-44,N_GE1,NR,EE	: c	: 
FIN,Y25-44,N_GE1,NR,EL	1251978 	: 
FIN,Y25-44,N_GE1,NR,ES	1943918 	: 
FIN,Y25-44,N_GE1,NR,EU27	22335553 	: 
FIN,Y25-44,N_GE1,NR,EU28	22643632 	: 
FIN,Y25-44,N_GE1,NR,FI	: c	: 
FIN,Y25-44,N_GE1,NR,FR	1839203 	: 
FIN,Y25-44,N_GE1,NR,HR	308079 	: 
FIN,Y25-44,N_GE1,NR,HU	457025 	: 
FIN,Y25-44,N_GE1,NR,IE	185819 	: 
FIN,Y25-44,N_GE1,NR,IT	4088867 	: 
FIN,Y25-44,N_GE1,NR,LT	10667 	: 
FIN,Y25-44,N_GE1,NR,LU	: c	: 
FIN,Y25-44,N_GE1,NR,LV	71957 	: 
FIN,Y25-44,N_GE1,NR,ME	: c	: 
FIN,Y25-44,N_GE1,NR,MT	15417 	: 
FIN,Y25-44,N_GE1,NR,NL	208068 	: 
FIN,Y25-44,N_GE1,NR,PL	1888509 	: 
FIN,Y25-44,N_GE1,NR,PT	873695 	: 
FIN,Y25-44,N_GE1,NR,RO	2238891 	: 
FIN,Y25-44,N_GE1,NR,SE	275309 	: 
FIN,Y25-44,N_GE1,NR,SI	53922 	: 
FIN,Y25-44,N_GE1,NR,SK	273693 	: 
FIN,Y25-44,N_GE1,NR,UK	3298970 	: 
FIN,Y35-44,N_GE1,NR,AT	56056 u	: 
FIN,Y35-44,N_GE1,NR,BE	277470 	: 
FIN,Y35-44,N_GE1,NR,BG	319550 	: 
FIN,Y35-44,N_GE1,NR,CH	35763 u	: 
FIN,Y35-44,N_GE1,NR,CY	19292 e	: 
FIN,Y35-44,N_GE1,NR,CZ	122068 u	: 
FIN,Y35-44,N_GE1,NR,DE	988556 u	: 
FIN,Y35-44,N_GE1,NR,DK	36127 	: 
FIN,Y35-44,N_GE1,NR,EA	7389046 	: 
FIN,Y35-44,N_GE1,NR,EE	: c	: 
FIN,Y35-44,N_GE1,NR,EL	703030 	: 
FIN,Y35-44,N_GE1,NR,ES	1173598 	: 
FIN,Y35-44,N_GE1,NR,EU27	12273987 	: 
FIN,Y35-44,N_GE1,NR,EU28	12472036 	: 
FIN,Y35-44,N_GE1,NR,FI	: c	: 
FIN,Y35-44,N_GE1,NR,FR	866792 	: 
FIN,Y35-44,N_GE1,NR,HR	198049 	: 
FIN,Y35-44,N_GE1,NR,HU	243226 	: 
FIN,Y35-44,N_GE1,NR,IE	87064 	: 
FIN,Y35-44,N_GE1,NR,IT	2349747 	: 
FIN,Y35-44,N_GE1,NR,LT	2263 	: 
FIN,Y35-44,N_GE1,NR,LU	: c	: 
FIN,Y35-44,N_GE1,NR,LV	37286 	: 
FIN,Y35-44,N_GE1,NR,ME	: c	: 
FIN,Y35-44,N_GE1,NR,MT	7046 u	: 
FIN,Y35-44,N_GE1,NR,NL	99103 	: 
FIN,Y35-44,N_GE1,NR,PL	1058112 	: 
FIN,Y35-44,N_GE1,NR,PT	544386 	: 
FIN,Y35-44,N_GE1,NR,RO	1245982 	: 
FIN,Y35-44,N_GE1,NR,SE	130857 	: 
FIN,Y35-44,N_GE1,NR,SI	24045 	: 
FIN,Y35-44,N_GE1,NR,SK	175419 	: 
FIN,Y35-44,N_GE1,NR,UK	1689470 	: 
FIN,Y45-54,N_GE1,NR,AT	61632 u	: 
FIN,Y45-54,N_GE1,NR,BE	541687 	: 
FIN,Y45-54,N_GE1,NR,BG	319755 	: 
FIN,Y45-54,N_GE1,NR,CH	49161 u	: 
FIN,Y45-54,N_GE1,NR,CY	25487 e	: 
FIN,Y45-54,N_GE1,NR,CZ	114155 u	: 
FIN,Y45-54,N_GE1,NR,DE	1116284 u	: 
FIN,Y45-54,N_GE1,NR,DK	48993 	: 
FIN,Y45-54,N_GE1,NR,EA	8697587 	: 
FIN,Y45-54,N_GE1,NR,EE	: c	: 
FIN,Y45-54,N_GE1,NR,EL	767288 	: 
FIN,Y45-54,N_GE1,NR,ES	1387862 	: 
FIN,Y45-54,N_GE1,NR,EU27	13787941 	: 
FIN,Y45-54,N_GE1,NR,EU28	14064463 	: 
FIN,Y45-54,N_GE1,NR,FI	: c	: 
FIN,Y45-54,N_GE1,NR,FR	868289 	: 
FIN,Y45-54,N_GE1,NR,HR	276522 	: 
FIN,Y45-54,N_GE1,NR,HU	254300 	: 
FIN,Y45-54,N_GE1,NR,IE	90626 	: 
FIN,Y45-54,N_GE1,NR,IT	2890612 	: 
FIN,Y45-54,N_GE1,NR,LT	18144 	: 
FIN,Y45-54,N_GE1,NR,LU	: c	: 
FIN,Y45-54,N_GE1,NR,LV	61361 	: 
FIN,Y45-54,N_GE1,NR,ME	: c	: 
FIN,Y45-54,N_GE1,NR,MT	8153 u	: 
FIN,Y45-54,N_GE1,NR,NL	150472 	: 
FIN,Y45-54,N_GE1,NR,PL	1229868 	: 
FIN,Y45-54,N_GE1,NR,PT	607821 	: 
FIN,Y45-54,N_GE1,NR,RO	1215468 	: 
FIN,Y45-54,N_GE1,NR,SE	185570 	: 
FIN,Y45-54,N_GE1,NR,SI	47173 	: 
FIN,Y45-54,N_GE1,NR,SK	94198 	: 
FIN,Y45-54,N_GE1,NR,UK	1642740 	: 
FIN,Y45-64,N_GE1,NR,AT	119457 	: 
FIN,Y45-64,N_GE1,NR,BE	994667 	: 
FIN,Y45-64,N_GE1,NR,BG	699954 	: 
FIN,Y45-64,N_GE1,NR,CH	95274 u	: 
FIN,Y45-64,N_GE1,NR,CY	51505 e	: 
FIN,Y45-64,N_GE1,NR,CZ	215503 	: 
FIN,Y45-64,N_GE1,NR,DE	2363940 	: 
FIN,Y45-64,N_GE1,NR,DK	67958 	: 
FIN,Y45-64,N_GE1,NR,EA	16869359 	: 
FIN,Y45-64,N_GE1,NR,EE	55843 u	: 
FIN,Y45-64,N_GE1,NR,EL	1499930 	: 
FIN,Y45-64,N_GE1,NR,ES	2528409 	: 
FIN,Y45-64,N_GE1,NR,EU27	26684385 	: 
FIN,Y45-64,N_GE1,NR,EU28	27254510 	: 
FIN,Y45-64,N_GE1,NR,FI	: c	: 
FIN,Y45-64,N_GE1,NR,FR	1811614 	: 
FIN,Y45-64,N_GE1,NR,HR	570125 	: 
FIN,Y45-64,N_GE1,NR,HU	535265 	: 
FIN,Y45-64,N_GE1,NR,IE	157495 	: 
FIN,Y45-64,N_GE1,NR,IT	5412834 	: 
FIN,Y45-64,N_GE1,NR,LT	72542 	: 
FIN,Y45-64,N_GE1,NR,LU	5039 u	: 
FIN,Y45-64,N_GE1,NR,LV	130502 	: 
FIN,Y45-64,N_GE1,NR,ME	: c	: 
FIN,Y45-64,N_GE1,NR,MT	15039 	: 
FIN,Y45-64,N_GE1,NR,NL	271382 	: 
FIN,Y45-64,N_GE1,NR,PL	2742830 	: 
FIN,Y45-64,N_GE1,NR,PT	1221541 	: 
FIN,Y45-64,N_GE1,NR,RO	2479340 	: 
FIN,Y45-64,N_GE1,NR,SE	267442 	: 
FIN,Y45-64,N_GE1,NR,SI	115964 	: 
FIN,Y45-64,N_GE1,NR,SK	229776 	: 
FIN,Y45-64,N_GE1,NR,UK	2603690 	: 
FIN,Y55-64,N_GE1,NR,AT	57825 u	: 
FIN,Y55-64,N_GE1,NR,BE	452980 	: 
FIN,Y55-64,N_GE1,NR,BG	380199 	: 
FIN,Y55-64,N_GE1,NR,CH	46113 u	: 
FIN,Y55-64,N_GE1,NR,CY	26017 e	: 
FIN,Y55-64,N_GE1,NR,CZ	101348 u	: 
FIN,Y55-64,N_GE1,NR,DE	1247656 u	: 
FIN,Y55-64,N_GE1,NR,DK	18965 	: 
FIN,Y55-64,N_GE1,NR,EA	8171769 	: 
FIN,Y55-64,N_GE1,NR,EE	: c	: 
FIN,Y55-64,N_GE1,NR,EL	732642 	: 
FIN,Y55-64,N_GE1,NR,ES	1140547 	: 
FIN,Y55-64,N_GE1,NR,EU27	12896443 	: 
FIN,Y55-64,N_GE1,NR,EU28	13190047 	: 
FIN,Y55-64,N_GE1,NR,FI	: c	: 
FIN,Y55-64,N_GE1,NR,FR	943324 	: 
FIN,Y55-64,N_GE1,NR,HR	293604 	: 
FIN,Y55-64,N_GE1,NR,HU	280966 	: 
FIN,Y55-64,N_GE1,NR,IE	66868 	: 
FIN,Y55-64,N_GE1,NR,IT	2522222 	: 
FIN,Y55-64,N_GE1,NR,LT	54398 	: 
FIN,Y55-64,N_GE1,NR,LU	: c	: 
FIN,Y55-64,N_GE1,NR,LV	69141 	: 
FIN,Y55-64,N_GE1,NR,ME	: c	: 
FIN,Y55-64,N_GE1,NR,MT	: c	: 
FIN,Y55-64,N_GE1,NR,NL	120910 	: 
FIN,Y55-64,N_GE1,NR,PL	1512962 	: 
FIN,Y55-64,N_GE1,NR,PT	613720 	: 
FIN,Y55-64,N_GE1,NR,RO	1263872 	: 
FIN,Y55-64,N_GE1,NR,SE	81873 	: 
FIN,Y55-64,N_GE1,NR,SI	68791 	: 
FIN,Y55-64,N_GE1,NR,SK	135578 	: 
FIN,Y55-64,N_GE1,NR,UK	960950 	: 
FIN,Y_GE15,N_GE1,NR,AT	369502 	: 
FIN,Y_GE15,N_GE1,NR,BE	2281646 	: 
FIN,Y_GE15,N_GE1,NR,BG	2174640 	: 
FIN,Y_GE15,N_GE1,NR,CH	216719 u	: 
FIN,Y_GE15,N_GE1,NR,CY	124957 e	: 
FIN,Y_GE15,N_GE1,NR,CZ	638601 	: 
FIN,Y_GE15,N_GE1,NR,DE	5796426 	: 
FIN,Y_GE15,N_GE1,NR,DK	204615 	: 
FIN,Y_GE15,N_GE1,NR,EA	45401396 	: 
FIN,Y_GE15,N_GE1,NR,EE	131777 	: 
FIN,Y_GE15,N_GE1,NR,EL	4390266 	: 
FIN,Y_GE15,N_GE1,NR,ES	6253929 	: 
FIN,Y_GE15,N_GE1,NR,EU27	75479226 	: 
FIN,Y_GE15,N_GE1,NR,EU28	76732557 	: 
FIN,Y_GE15,N_GE1,NR,FI	: c	: 
FIN,Y_GE15,N_GE1,NR,FR	5529703 	: 
FIN,Y_GE15,N_GE1,NR,HR	1253331 	: 
FIN,Y_GE15,N_GE1,NR,HU	1778274 	: 
FIN,Y_GE15,N_GE1,NR,IE	520584 	: 
FIN,Y_GE15,N_GE1,NR,IT	14752797 	: 
FIN,Y_GE15,N_GE1,NR,LT	207522 	: 
FIN,Y_GE15,N_GE1,NR,LU	13810 u	: 
FIN,Y_GE15,N_GE1,NR,LV	322121 	: 
FIN,Y_GE15,N_GE1,NR,ME	: c	: 
FIN,Y_GE15,N_GE1,NR,MT	41044 	: 
FIN,Y_GE15,N_GE1,NR,NL	681965 	: 
FIN,Y_GE15,N_GE1,NR,PL	6924680 	: 
FIN,Y_GE15,N_GE1,NR,PT	3399028 	: 
FIN,Y_GE15,N_GE1,NR,RO	6937325 	: 
FIN,Y_GE15,N_GE1,NR,SE	809032 	: 
FIN,Y_GE15,N_GE1,NR,SI	278163 	: 
FIN,Y_GE15,N_GE1,NR,SK	782101 	: 
FIN,Y_GE15,N_GE1,NR,UK	10081020 	: 
FIN,Y_GE65,N_GE1,NR,AT	112607 	: 
FIN,Y_GE65,N_GE1,NR,BE	431962 	: 
FIN,Y_GE65,N_GE1,NR,BG	770364 	: 
FIN,Y_GE65,N_GE1,NR,CH	50340 u	: 
FIN,Y_GE65,N_GE1,NR,CY	26581 e	: 
FIN,Y_GE65,N_GE1,NR,CZ	125348 	: 
FIN,Y_GE65,N_GE1,NR,DE	1280626 u	: 
FIN,Y_GE65,N_GE1,NR,DK	22515 	: 
FIN,Y_GE65,N_GE1,NR,EA	9899193 	: 
FIN,Y_GE65,N_GE1,NR,EE	54785 u	: 
FIN,Y_GE65,N_GE1,NR,EL	1147885 	: 
FIN,Y_GE65,N_GE1,NR,ES	1140588 	: 
FIN,Y_GE65,N_GE1,NR,EU27	16427155 	: 
FIN,Y_GE65,N_GE1,NR,EU28	16716107 	: 
FIN,Y_GE65,N_GE1,NR,FI	: c	: 
FIN,Y_GE65,N_GE1,NR,FR	1008749 	: 
FIN,Y_GE65,N_GE1,NR,HR	288952 	: 
FIN,Y_GE65,N_GE1,NR,HU	575744 	: 
FIN,Y_GE65,N_GE1,NR,IE	67978 	: 
FIN,Y_GE65,N_GE1,NR,IT	3246852 	: 
FIN,Y_GE65,N_GE1,NR,LT	91809 	: 
FIN,Y_GE65,N_GE1,NR,LU	: c	: 
FIN,Y_GE65,N_GE1,NR,LV	98023 	: 
FIN,Y_GE65,N_GE1,NR,ME	: c	: 
FIN,Y_GE65,N_GE1,NR,MT	8037 u	: 
FIN,Y_GE65,N_GE1,NR,NL	107373 	: 
FIN,Y_GE65,N_GE1,NR,PL	1643882 	: 
FIN,Y_GE65,N_GE1,NR,PT	918448 	: 
FIN,Y_GE65,N_GE1,NR,RO	1174598 	: 
FIN,Y_GE65,N_GE1,NR,SE	144559 	: 
FIN,Y_GE65,N_GE1,NR,SI	102045 	: 
FIN,Y_GE65,N_GE1,NR,SK	219276 	: 
FIN,Y_GE65,N_GE1,NR,UK	1881120 	: 
FIN,Y_LT15,N_GE1,NR,CH	5273 u	: 
FIN,Y_LT15,N_GE1,NR,EA	: u	: 
FIN,Y_LT15,N_GE1,NR,EU27	: u	: 
FIN,Y_LT15,N_GE1,NR,EU28	: u	: 
FIN,Y_LT15,N_GE1,NR,HU	219332 	: 
FIN,Y_LT15,N_GE1,NR,NL	58029 	: 
FIN,Y_LT15,N_GE1,NR,PT	39084 	: 
HLTH,Y15-24,N_GE1,NR,AT	: c	: 
HLTH,Y15-24,N_GE1,NR,BE	: c	: 
HLTH,Y15-24,N_GE1,NR,BG	5244 	: 
HLTH,Y15-24,N_GE1,NR,CH	0 u	: 
HLTH,Y15-24,N_GE1,NR,CY	: c	: 
HLTH,Y15-24,N_GE1,NR,CZ	: c	: 
HLTH,Y15-24,N_GE1,NR,DE	: c	: 
HLTH,Y15-24,N_GE1,NR,DK	0 	: 
HLTH,Y15-24,N_GE1,NR,EA	449715 	: 
HLTH,Y15-24,N_GE1,NR,EE	: c	: 
HLTH,Y15-24,N_GE1,NR,EL	: c	: 
HLTH,Y15-24,N_GE1,NR,ES	: c	: 
HLTH,Y15-24,N_GE1,NR,EU27	667135 	: 
HLTH,Y15-24,N_GE1,NR,EU28	671503 	: 
HLTH,Y15-24,N_GE1,NR,FI	: c	: 
HLTH,Y15-24,N_GE1,NR,FR	171367 	: 
HLTH,Y15-24,N_GE1,NR,HR	4368 	: 
HLTH,Y15-24,N_GE1,NR,HU	100169 	: 
HLTH,Y15-24,N_GE1,NR,IE	0 	: 
HLTH,Y15-24,N_GE1,NR,IT	: c	: 
HLTH,Y15-24,N_GE1,NR,LT	1283 	: 
HLTH,Y15-24,N_GE1,NR,LU	: c	: 
HLTH,Y15-24,N_GE1,NR,LV	368 	: 
HLTH,Y15-24,N_GE1,NR,ME	: c	: 
HLTH,Y15-24,N_GE1,NR,MT	: c	: 
HLTH,Y15-24,N_GE1,NR,NL	17503 	: 
HLTH,Y15-24,N_GE1,NR,PL	54834 	: 
HLTH,Y15-24,N_GE1,NR,PT	25342 	: 
HLTH,Y15-24,N_GE1,NR,RO	12912 	: 
HLTH,Y15-24,N_GE1,NR,SE	13650 	: 
HLTH,Y15-24,N_GE1,NR,SI	381 u	: 
HLTH,Y15-24,N_GE1,NR,SK	: c	: 
HLTH,Y15-24,N_GE1,NR,UK	28960 	: 
HLTH,Y25-34,N_GE1,NR,AT	: c	: 
HLTH,Y25-34,N_GE1,NR,BE	: c	: 
HLTH,Y25-34,N_GE1,NR,BG	7843 	: 
HLTH,Y25-34,N_GE1,NR,CH	1764 u	: 
HLTH,Y25-34,N_GE1,NR,CY	: c	: 
HLTH,Y25-34,N_GE1,NR,CZ	: c	: 
HLTH,Y25-34,N_GE1,NR,DE	: c	: 
HLTH,Y25-34,N_GE1,NR,DK	6545 	: 
HLTH,Y25-34,N_GE1,NR,EA	969126 	: 
HLTH,Y25-34,N_GE1,NR,EE	: c	: 
HLTH,Y25-34,N_GE1,NR,EL	: c	: 
HLTH,Y25-34,N_GE1,NR,ES	: c	: 
HLTH,Y25-34,N_GE1,NR,EU27	1356113 	: 
HLTH,Y25-34,N_GE1,NR,EU28	1364797 	: 
HLTH,Y25-34,N_GE1,NR,FI	: c	: 
HLTH,Y25-34,N_GE1,NR,FR	69440 	: 
HLTH,Y25-34,N_GE1,NR,HR	8684 	: 
HLTH,Y25-34,N_GE1,NR,HU	101865 	: 
HLTH,Y25-34,N_GE1,NR,IE	3695 	: 
HLTH,Y25-34,N_GE1,NR,IT	: c	: 
HLTH,Y25-34,N_GE1,NR,LT	438 	: 
HLTH,Y25-34,N_GE1,NR,LU	0 u	: 
HLTH,Y25-34,N_GE1,NR,LV	361 	: 
HLTH,Y25-34,N_GE1,NR,ME	: c	: 
HLTH,Y25-34,N_GE1,NR,MT	: c	: 
HLTH,Y25-34,N_GE1,NR,NL	19933 	: 
HLTH,Y25-34,N_GE1,NR,PL	184803 	: 
HLTH,Y25-34,N_GE1,NR,PT	33749 	: 
HLTH,Y25-34,N_GE1,NR,RO	20328 	: 
HLTH,Y25-34,N_GE1,NR,SE	27122 	: 
HLTH,Y25-34,N_GE1,NR,SI	13455 u	: 
HLTH,Y25-34,N_GE1,NR,SK	: c	: 
HLTH,Y25-34,N_GE1,NR,UK	29080 	: 
HLTH,Y25-44,N_GE1,NR,AT	: c	: 
HLTH,Y25-44,N_GE1,NR,BE	90154 	: 
HLTH,Y25-44,N_GE1,NR,BG	17229 	: 
HLTH,Y25-44,N_GE1,NR,CH	6147 u	: 
HLTH,Y25-44,N_GE1,NR,CY	2046 u	: 
HLTH,Y25-44,N_GE1,NR,CZ	: c	: 
HLTH,Y25-44,N_GE1,NR,DE	997347 u	: 
HLTH,Y25-44,N_GE1,NR,DK	6545 	: 
HLTH,Y25-44,N_GE1,NR,EA	2059033 	: 
HLTH,Y25-44,N_GE1,NR,EE	: c	: 
HLTH,Y25-44,N_GE1,NR,EL	34510 	: 
HLTH,Y25-44,N_GE1,NR,ES	230401 	: 
HLTH,Y25-44,N_GE1,NR,EU27	2838761 	: 
HLTH,Y25-44,N_GE1,NR,EU28	2849664 	: 
HLTH,Y25-44,N_GE1,NR,FI	: c	: 
HLTH,Y25-44,N_GE1,NR,FR	187302 	: 
HLTH,Y25-44,N_GE1,NR,HR	10903 	: 
HLTH,Y25-44,N_GE1,NR,HU	217751 	: 
HLTH,Y25-44,N_GE1,NR,IE	20162 	: 
HLTH,Y25-44,N_GE1,NR,IT	228697 u	: 
HLTH,Y25-44,N_GE1,NR,LT	1035 	: 
HLTH,Y25-44,N_GE1,NR,LU	: c	: 
HLTH,Y25-44,N_GE1,NR,LV	998 	: 
HLTH,Y25-44,N_GE1,NR,ME	: c	: 
HLTH,Y25-44,N_GE1,NR,MT	: c	: 
HLTH,Y25-44,N_GE1,NR,NL	33858 	: 
HLTH,Y25-44,N_GE1,NR,PL	312149 	: 
HLTH,Y25-44,N_GE1,NR,PT	105924 	: 
HLTH,Y25-44,N_GE1,NR,RO	45415 	: 
HLTH,Y25-44,N_GE1,NR,SE	64729 	: 
HLTH,Y25-44,N_GE1,NR,SI	15978 u	: 
HLTH,Y25-44,N_GE1,NR,SK	54915 u	: 
HLTH,Y25-44,N_GE1,NR,UK	83120 	: 
HLTH,Y35-44,N_GE1,NR,AT	: c	: 
HLTH,Y35-44,N_GE1,NR,BE	62393 u	: 
HLTH,Y35-44,N_GE1,NR,BG	9386 	: 
HLTH,Y35-44,N_GE1,NR,CH	4384 u	: 
HLTH,Y35-44,N_GE1,NR,CY	: c	: 
HLTH,Y35-44,N_GE1,NR,CZ	: c	: 
HLTH,Y35-44,N_GE1,NR,DE	: c	: 
HLTH,Y35-44,N_GE1,NR,DK	0 	: 
HLTH,Y35-44,N_GE1,NR,EA	1089905 	: 
HLTH,Y35-44,N_GE1,NR,EE	: c	: 
HLTH,Y35-44,N_GE1,NR,EL	23140 u	: 
HLTH,Y35-44,N_GE1,NR,ES	149887 	: 
HLTH,Y35-44,N_GE1,NR,EU27	1482637 	: 
HLTH,Y35-44,N_GE1,NR,EU28	1484855 	: 
HLTH,Y35-44,N_GE1,NR,FI	: c	: 
HLTH,Y35-44,N_GE1,NR,FR	117862 	: 
HLTH,Y35-44,N_GE1,NR,HR	2218 	: 
HLTH,Y35-44,N_GE1,NR,HU	115885 	: 
HLTH,Y35-44,N_GE1,NR,IE	16467 	: 
HLTH,Y35-44,N_GE1,NR,IT	: c	: 
HLTH,Y35-44,N_GE1,NR,LT	597 	: 
HLTH,Y35-44,N_GE1,NR,LU	: c	: 
HLTH,Y35-44,N_GE1,NR,LV	637 	: 
HLTH,Y35-44,N_GE1,NR,ME	: c	: 
HLTH,Y35-44,N_GE1,NR,MT	: c	: 
HLTH,Y35-44,N_GE1,NR,NL	13925 	: 
HLTH,Y35-44,N_GE1,NR,PL	127347 	: 
HLTH,Y35-44,N_GE1,NR,PT	72175 	: 
HLTH,Y35-44,N_GE1,NR,RO	25087 	: 
HLTH,Y35-44,N_GE1,NR,SE	37608 	: 
HLTH,Y35-44,N_GE1,NR,SI	2523 u	: 
HLTH,Y35-44,N_GE1,NR,SK	: c	: 
HLTH,Y35-44,N_GE1,NR,UK	54030 	: 
HLTH,Y45-54,N_GE1,NR,AT	: c	: 
HLTH,Y45-54,N_GE1,NR,BE	193316 	: 
HLTH,Y45-54,N_GE1,NR,BG	23704 	: 
HLTH,Y45-54,N_GE1,NR,CH	18046 u	: 
HLTH,Y45-54,N_GE1,NR,CY	2155 u	: 
HLTH,Y45-54,N_GE1,NR,CZ	: c	: 
HLTH,Y45-54,N_GE1,NR,DE	816350 u	: 
HLTH,Y45-54,N_GE1,NR,DK	7083 	: 
HLTH,Y45-54,N_GE1,NR,EA	1912168 	: 
HLTH,Y45-54,N_GE1,NR,EE	: c	: 
HLTH,Y45-54,N_GE1,NR,EL	26304 	: 
HLTH,Y45-54,N_GE1,NR,ES	229412 	: 
HLTH,Y45-54,N_GE1,NR,EU27	2565892 	: 
HLTH,Y45-54,N_GE1,NR,EU28	2594278 	: 
HLTH,Y45-54,N_GE1,NR,FI	: c	: 
HLTH,Y45-54,N_GE1,NR,FR	155747 	: 
HLTH,Y45-54,N_GE1,NR,HR	28386 	: 
HLTH,Y45-54,N_GE1,NR,HU	121162 	: 
HLTH,Y45-54,N_GE1,NR,IE	15956 	: 
HLTH,Y45-54,N_GE1,NR,IT	182904 u	: 
HLTH,Y45-54,N_GE1,NR,LT	5828 	: 
HLTH,Y45-54,N_GE1,NR,LU	: c	: 
HLTH,Y45-54,N_GE1,NR,LV	2294 	: 
HLTH,Y45-54,N_GE1,NR,ME	: c	: 
HLTH,Y45-54,N_GE1,NR,MT	: c	: 
HLTH,Y45-54,N_GE1,NR,NL	54581 	: 
HLTH,Y45-54,N_GE1,NR,PL	268023 	: 
HLTH,Y45-54,N_GE1,NR,PT	140419 	: 
HLTH,Y45-54,N_GE1,NR,RO	35104 	: 
HLTH,Y45-54,N_GE1,NR,SE	71176 	: 
HLTH,Y45-54,N_GE1,NR,SI	14574 	: 
HLTH,Y45-54,N_GE1,NR,SK	17186 	: 
HLTH,Y45-54,N_GE1,NR,UK	91390 	: 
HLTH,Y45-64,N_GE1,NR,AT	122403 	: 
HLTH,Y45-64,N_GE1,NR,BE	437767 	: 
HLTH,Y45-64,N_GE1,NR,BG	94211 	: 
HLTH,Y45-64,N_GE1,NR,CH	54031 u	: 
HLTH,Y45-64,N_GE1,NR,CY	8609 e	: 
HLTH,Y45-64,N_GE1,NR,CZ	136547 u	: 
HLTH,Y45-64,N_GE1,NR,DE	2015398 	: 
HLTH,Y45-64,N_GE1,NR,DK	36384 	: 
HLTH,Y45-64,N_GE1,NR,EA	5034203 	: 
HLTH,Y45-64,N_GE1,NR,EE	35027 u	: 
HLTH,Y45-64,N_GE1,NR,EL	96336 	: 
HLTH,Y45-64,N_GE1,NR,ES	572852 	: 
HLTH,Y45-64,N_GE1,NR,EU27	6921443 	: 
HLTH,Y45-64,N_GE1,NR,EU28	7028758 	: 
HLTH,Y45-64,N_GE1,NR,FI	: c	: 
HLTH,Y45-64,N_GE1,NR,FR	403218 	: 
HLTH,Y45-64,N_GE1,NR,HR	107315 	: 
HLTH,Y45-64,N_GE1,NR,HU	255028 	: 
HLTH,Y45-64,N_GE1,NR,IE	39095 	: 
HLTH,Y45-64,N_GE1,NR,IT	639835 	: 
HLTH,Y45-64,N_GE1,NR,LT	24291 	: 
HLTH,Y45-64,N_GE1,NR,LU	: c	: 
HLTH,Y45-64,N_GE1,NR,LV	15331 	: 
HLTH,Y45-64,N_GE1,NR,ME	: c	: 
HLTH,Y45-64,N_GE1,NR,MT	: c	: 
HLTH,Y45-64,N_GE1,NR,NL	143969 	: 
HLTH,Y45-64,N_GE1,NR,PL	680213 	: 
HLTH,Y45-64,N_GE1,NR,PT	361833 	: 
HLTH,Y45-64,N_GE1,NR,RO	239804 	: 
HLTH,Y45-64,N_GE1,NR,SE	119471 	: 
HLTH,Y45-64,N_GE1,NR,SI	40205 	: 
HLTH,Y45-64,N_GE1,NR,SK	95239 	: 
HLTH,Y45-64,N_GE1,NR,UK	285960 	: 
HLTH,Y55-64,N_GE1,NR,AT	85222 	: 
HLTH,Y55-64,N_GE1,NR,BE	244450 	: 
HLTH,Y55-64,N_GE1,NR,BG	70507 	: 
HLTH,Y55-64,N_GE1,NR,CH	35985 u	: 
HLTH,Y55-64,N_GE1,NR,CY	6454 e	: 
HLTH,Y55-64,N_GE1,NR,CZ	108587 u	: 
HLTH,Y55-64,N_GE1,NR,DE	1199047 u	: 
HLTH,Y55-64,N_GE1,NR,DK	29301 	: 
HLTH,Y55-64,N_GE1,NR,EA	3122031 	: 
HLTH,Y55-64,N_GE1,NR,EE	: c	: 
HLTH,Y55-64,N_GE1,NR,EL	70032 	: 
HLTH,Y55-64,N_GE1,NR,ES	343440 	: 
HLTH,Y55-64,N_GE1,NR,EU27	4355548 	: 
HLTH,Y55-64,N_GE1,NR,EU28	4434477 	: 
HLTH,Y55-64,N_GE1,NR,FI	: c	: 
HLTH,Y55-64,N_GE1,NR,FR	247470 	: 
HLTH,Y55-64,N_GE1,NR,HR	78929 	: 
HLTH,Y55-64,N_GE1,NR,HU	133867 	: 
HLTH,Y55-64,N_GE1,NR,IE	23139 	: 
HLTH,Y55-64,N_GE1,NR,IT	456931 	: 
HLTH,Y55-64,N_GE1,NR,LT	18463 	: 
HLTH,Y55-64,N_GE1,NR,LU	: c	: 
HLTH,Y55-64,N_GE1,NR,LV	13037 	: 
HLTH,Y55-64,N_GE1,NR,ME	: c	: 
HLTH,Y55-64,N_GE1,NR,MT	: c	: 
HLTH,Y55-64,N_GE1,NR,NL	89388 	: 
HLTH,Y55-64,N_GE1,NR,PL	412190 	: 
HLTH,Y55-64,N_GE1,NR,PT	221414 	: 
HLTH,Y55-64,N_GE1,NR,RO	204700 	: 
HLTH,Y55-64,N_GE1,NR,SE	48295 	: 
HLTH,Y55-64,N_GE1,NR,SI	25630 	: 
HLTH,Y55-64,N_GE1,NR,SK	78053 	: 
HLTH,Y55-64,N_GE1,NR,UK	194570 	: 
HLTH,Y_GE15,N_GE1,NR,AT	547695 	: 
HLTH,Y_GE15,N_GE1,NR,BE	1012866 	: 
HLTH,Y_GE15,N_GE1,NR,BG	685144 	: 
HLTH,Y_GE15,N_GE1,NR,CH	211732 u	: 
HLTH,Y_GE15,N_GE1,NR,CY	49021 e	: 
HLTH,Y_GE15,N_GE1,NR,CZ	688872 	: 
HLTH,Y_GE15,N_GE1,NR,DE	6889627 	: 
HLTH,Y_GE15,N_GE1,NR,DK	281521 	: 
HLTH,Y_GE15,N_GE1,NR,EA	21880831 	: 
HLTH,Y_GE15,N_GE1,NR,EE	118485 	: 
HLTH,Y_GE15,N_GE1,NR,EL	1031906 	: 
HLTH,Y_GE15,N_GE1,NR,ES	2943142 	: 
HLTH,Y_GE15,N_GE1,NR,EU27	30860800 	: 
HLTH,Y_GE15,N_GE1,NR,EU28	31354754 	: 
HLTH,Y_GE15,N_GE1,NR,FI	81727 u	: 
HLTH,Y_GE15,N_GE1,NR,FR	2164086 	: 
HLTH,Y_GE15,N_GE1,NR,HR	493954 	: 
HLTH,Y_GE15,N_GE1,NR,HU	847262 	: 
HLTH,Y_GE15,N_GE1,NR,IE	178748 	: 
HLTH,Y_GE15,N_GE1,NR,IT	4304022 	: 
HLTH,Y_GE15,N_GE1,NR,LT	155226 	: 
HLTH,Y_GE15,N_GE1,NR,LU	17914 	: 
HLTH,Y_GE15,N_GE1,NR,LV	153987 	: 
HLTH,Y_GE15,N_GE1,NR,ME	: c	: 
HLTH,Y_GE15,N_GE1,NR,MT	31619 	: 
HLTH,Y_GE15,N_GE1,NR,NL	459156 	: 
HLTH,Y_GE15,N_GE1,NR,PL	3254694 	: 
HLTH,Y_GE15,N_GE1,NR,PT	1354838 	: 
HLTH,Y_GE15,N_GE1,NR,RO	1608420 	: 
HLTH,Y_GE15,N_GE1,NR,SE	335513 	: 
HLTH,Y_GE15,N_GE1,NR,SI	201272 	: 
HLTH,Y_GE15,N_GE1,NR,SK	498848 	: 
HLTH,Y_GE15,N_GE1,NR,UK	969330 	: 
HLTH,Y_GE65,N_GE1,NR,AT	361054 	: 
HLTH,Y_GE65,N_GE1,NR,BE	455327 	: 
HLTH,Y_GE65,N_GE1,NR,BG	568460 	: 
HLTH,Y_GE65,N_GE1,NR,CH	151554 u	: 
HLTH,Y_GE65,N_GE1,NR,CY	37050 e	: 
HLTH,Y_GE65,N_GE1,NR,CZ	521568 	: 
HLTH,Y_GE65,N_GE1,NR,DE	3741893 	: 
HLTH,Y_GE65,N_GE1,NR,DK	238592 	: 
HLTH,Y_GE65,N_GE1,NR,EA	14337884 	: 
HLTH,Y_GE65,N_GE1,NR,EE	75720 u	: 
HLTH,Y_GE65,N_GE1,NR,EL	893521 	: 
HLTH,Y_GE65,N_GE1,NR,ES	2134963 	: 
HLTH,Y_GE65,N_GE1,NR,EU27	20433463 	: 
HLTH,Y_GE65,N_GE1,NR,EU28	20804831 	: 
HLTH,Y_GE65,N_GE1,NR,FI	67077 u	: 
HLTH,Y_GE65,N_GE1,NR,FR	1402199 	: 
HLTH,Y_GE65,N_GE1,NR,HR	371368 	: 
HLTH,Y_GE65,N_GE1,NR,HU	274314 	: 
HLTH,Y_GE65,N_GE1,NR,IE	119491 	: 
HLTH,Y_GE65,N_GE1,NR,IT	3397227 	: 
HLTH,Y_GE65,N_GE1,NR,LT	128617 	: 
HLTH,Y_GE65,N_GE1,NR,LU	12127 	: 
HLTH,Y_GE65,N_GE1,NR,LV	137290 	: 
HLTH,Y_GE65,N_GE1,NR,ME	: c	: 
HLTH,Y_GE65,N_GE1,NR,MT	25264 	: 
HLTH,Y_GE65,N_GE1,NR,NL	263826 	: 
HLTH,Y_GE65,N_GE1,NR,PL	2207497 	: 
HLTH,Y_GE65,N_GE1,NR,PT	861740 	: 
HLTH,Y_GE65,N_GE1,NR,RO	1310289 	: 
HLTH,Y_GE65,N_GE1,NR,SE	137662 	: 
HLTH,Y_GE65,N_GE1,NR,SI	144709 	: 
HLTH,Y_GE65,N_GE1,NR,SK	348694 	: 
HLTH,Y_GE65,N_GE1,NR,UK	571290 	: 
HLTH,Y_LT15,N_GE1,NR,CH	0 u	: 
HLTH,Y_LT15,N_GE1,NR,EA	: u	: 
HLTH,Y_LT15,N_GE1,NR,EU27	: u	: 
HLTH,Y_LT15,N_GE1,NR,EU28	: u	: 
HLTH,Y_LT15,N_GE1,NR,HU	104501 	: 
HLTH,Y_LT15,N_GE1,NR,NL	6461 	: 
HLTH,Y_LT15,N_GE1,NR,PT	1072 	: 
NINT,Y15-24,N_GE1,NR,AT	: c	: 
NINT,Y15-24,N_GE1,NR,BE	193166 	: 
NINT,Y15-24,N_GE1,NR,BG	1822 	: 
NINT,Y15-24,N_GE1,NR,CH	4678 u	: 
NINT,Y15-24,N_GE1,NR,CY	: c	: 
NINT,Y15-24,N_GE1,NR,CZ	: c	: 
NINT,Y15-24,N_GE1,NR,DE	: c	: 
NINT,Y15-24,N_GE1,NR,DK	0 	: 
NINT,Y15-24,N_GE1,NR,EA	1744090 	: 
NINT,Y15-24,N_GE1,NR,EE	: c	: 
NINT,Y15-24,N_GE1,NR,EL	35249 u	: 
NINT,Y15-24,N_GE1,NR,ES	141815 u	: 
NINT,Y15-24,N_GE1,NR,EU27	2248846 	: 
NINT,Y15-24,N_GE1,NR,EU28	2284247 	: 
NINT,Y15-24,N_GE1,NR,FI	: c	: 
NINT,Y15-24,N_GE1,NR,FR	159974 	: 
NINT,Y15-24,N_GE1,NR,HR	35401 	: 
NINT,Y15-24,N_GE1,NR,HU	13144 	: 
NINT,Y15-24,N_GE1,NR,IE	23717 	: 
NINT,Y15-24,N_GE1,NR,IT	239246 u	: 
NINT,Y15-24,N_GE1,NR,LT	4431 	: 
NINT,Y15-24,N_GE1,NR,LU	: c	: 
NINT,Y15-24,N_GE1,NR,LV	5809 	: 
NINT,Y15-24,N_GE1,NR,ME	: c	: 
NINT,Y15-24,N_GE1,NR,MT	3654 u	: 
NINT,Y15-24,N_GE1,NR,NL	33835 	: 
NINT,Y15-24,N_GE1,NR,PL	82816 	: 
NINT,Y15-24,N_GE1,NR,PT	288034 	: 
NINT,Y15-24,N_GE1,NR,RO	62764 	: 
NINT,Y15-24,N_GE1,NR,SE	167205 	: 
NINT,Y15-24,N_GE1,NR,SI	8342 u	: 
NINT,Y15-24,N_GE1,NR,SK	111689 u	: 
NINT,Y15-24,N_GE1,NR,UK	155470 	: 
NINT,Y25-34,N_GE1,NR,AT	62191 u	: 
NINT,Y25-34,N_GE1,NR,BE	157569 	: 
NINT,Y25-34,N_GE1,NR,BG	2227 	: 
NINT,Y25-34,N_GE1,NR,CH	0 u	: 
NINT,Y25-34,N_GE1,NR,CY	: c	: 
NINT,Y25-34,N_GE1,NR,CZ	: c	: 
NINT,Y25-34,N_GE1,NR,DE	804338 u	: 
NINT,Y25-34,N_GE1,NR,DK	0 	: 
NINT,Y25-34,N_GE1,NR,EA	2087459 	: 
NINT,Y25-34,N_GE1,NR,EE	: c	: 
NINT,Y25-34,N_GE1,NR,EL	37145 u	: 
NINT,Y25-34,N_GE1,NR,ES	142006 	: 
NINT,Y25-34,N_GE1,NR,EU27	2712385 	: 
NINT,Y25-34,N_GE1,NR,EU28	2732445 	: 
NINT,Y25-34,N_GE1,NR,FI	: c	: 
NINT,Y25-34,N_GE1,NR,FR	133391 	: 
NINT,Y25-34,N_GE1,NR,HR	20060 	: 
NINT,Y25-34,N_GE1,NR,HU	13366 	: 
NINT,Y25-34,N_GE1,NR,IE	12099 	: 
NINT,Y25-34,N_GE1,NR,IT	331429 u	: 
NINT,Y25-34,N_GE1,NR,LT	1192 	: 
NINT,Y25-34,N_GE1,NR,LU	: c	: 
NINT,Y25-34,N_GE1,NR,LV	4993 	: 
NINT,Y25-34,N_GE1,NR,ME	: c	: 
NINT,Y25-34,N_GE1,NR,MT	3344 u	: 
NINT,Y25-34,N_GE1,NR,NL	60381 	: 
NINT,Y25-34,N_GE1,NR,PL	179658 	: 
NINT,Y25-34,N_GE1,NR,PT	247414 	: 
NINT,Y25-34,N_GE1,NR,RO	40943 	: 
NINT,Y25-34,N_GE1,NR,SE	158022 	: 
NINT,Y25-34,N_GE1,NR,SI	8947 u	: 
NINT,Y25-34,N_GE1,NR,SK	57136 	: 
NINT,Y25-34,N_GE1,NR,UK	186830 	: 
NINT,Y25-44,N_GE1,NR,AT	132114 	: 
NINT,Y25-44,N_GE1,NR,BE	316990 	: 
NINT,Y25-44,N_GE1,NR,BG	3766 	: 
NINT,Y25-44,N_GE1,NR,CH	15323 u	: 
NINT,Y25-44,N_GE1,NR,CY	2681 u	: 
NINT,Y25-44,N_GE1,NR,CZ	: c	: 
NINT,Y25-44,N_GE1,NR,DE	1286434 u	: 
NINT,Y25-44,N_GE1,NR,DK	0 	: 
NINT,Y25-44,N_GE1,NR,EA	4283478 	: 
NINT,Y25-44,N_GE1,NR,EE	: c	: 
NINT,Y25-44,N_GE1,NR,EL	65600 	: 
NINT,Y25-44,N_GE1,NR,ES	327064 	: 
NINT,Y25-44,N_GE1,NR,EU27	5616450 	: 
NINT,Y25-44,N_GE1,NR,EU28	5670178 	: 
NINT,Y25-44,N_GE1,NR,FI	: c	: 
NINT,Y25-44,N_GE1,NR,FR	281171 	: 
NINT,Y25-44,N_GE1,NR,HR	53728 	: 
NINT,Y25-44,N_GE1,NR,HU	28572 	: 
NINT,Y25-44,N_GE1,NR,IE	48565 	: 
NINT,Y25-44,N_GE1,NR,IT	815833 	: 
NINT,Y25-44,N_GE1,NR,LT	1882 	: 
NINT,Y25-44,N_GE1,NR,LU	: c	: 
NINT,Y25-44,N_GE1,NR,LV	12198 	: 
NINT,Y25-44,N_GE1,NR,ME	: c	: 
NINT,Y25-44,N_GE1,NR,MT	8057 u	: 
NINT,Y25-44,N_GE1,NR,NL	122771 	: 
NINT,Y25-44,N_GE1,NR,PL	371626 	: 
NINT,Y25-44,N_GE1,NR,PT	632441 	: 
NINT,Y25-44,N_GE1,NR,RO	97458 	: 
NINT,Y25-44,N_GE1,NR,SE	287337 	: 
NINT,Y25-44,N_GE1,NR,SI	19272 u	: 
NINT,Y25-44,N_GE1,NR,SK	189143 	: 
NINT,Y25-44,N_GE1,NR,UK	457570 	: 
NINT,Y35-44,N_GE1,NR,AT	69923 u	: 
NINT,Y35-44,N_GE1,NR,BE	159421 	: 
NINT,Y35-44,N_GE1,NR,BG	1539 	: 
NINT,Y35-44,N_GE1,NR,CH	15323 u	: 
NINT,Y35-44,N_GE1,NR,CY	: c	: 
NINT,Y35-44,N_GE1,NR,CZ	: c	: 
NINT,Y35-44,N_GE1,NR,DE	: c	: 
NINT,Y35-44,N_GE1,NR,DK	0 	: 
NINT,Y35-44,N_GE1,NR,EA	2196021 	: 
NINT,Y35-44,N_GE1,NR,EE	: c	: 
NINT,Y35-44,N_GE1,NR,EL	28455 	: 
NINT,Y35-44,N_GE1,NR,ES	185059 	: 
NINT,Y35-44,N_GE1,NR,EU27	2904066 	: 
NINT,Y35-44,N_GE1,NR,EU28	2937734 	: 
NINT,Y35-44,N_GE1,NR,FI	0 	: 
NINT,Y35-44,N_GE1,NR,FR	147780 	: 
NINT,Y35-44,N_GE1,NR,HR	33668 	: 
NINT,Y35-44,N_GE1,NR,HU	15206 	: 
NINT,Y35-44,N_GE1,NR,IE	36466 	: 
NINT,Y35-44,N_GE1,NR,IT	484404 	: 
NINT,Y35-44,N_GE1,NR,LT	690 	: 
NINT,Y35-44,N_GE1,NR,LU	: c	: 
NINT,Y35-44,N_GE1,NR,LV	7205 	: 
NINT,Y35-44,N_GE1,NR,ME	: c	: 
NINT,Y35-44,N_GE1,NR,MT	: c	: 
NINT,Y35-44,N_GE1,NR,NL	62390 	: 
NINT,Y35-44,N_GE1,NR,PL	191968 	: 
NINT,Y35-44,N_GE1,NR,PT	385027 	: 
NINT,Y35-44,N_GE1,NR,RO	56515 	: 
NINT,Y35-44,N_GE1,NR,SE	129314 	: 
NINT,Y35-44,N_GE1,NR,SI	10326 u	: 
NINT,Y35-44,N_GE1,NR,SK	132007 	: 
NINT,Y35-44,N_GE1,NR,UK	270740 	: 
NINT,Y45-54,N_GE1,NR,AT	103162 	: 
NINT,Y45-54,N_GE1,NR,BE	328416 	: 
NINT,Y45-54,N_GE1,NR,BG	6740 	: 
NINT,Y45-54,N_GE1,NR,CH	19267 u	: 
NINT,Y45-54,N_GE1,NR,CY	: c	: 
NINT,Y45-54,N_GE1,NR,CZ	: c	: 
NINT,Y45-54,N_GE1,NR,DE	987323 u	: 
NINT,Y45-54,N_GE1,NR,DK	0 	: 
NINT,Y45-54,N_GE1,NR,EA	3405118 	: 
NINT,Y45-54,N_GE1,NR,EE	: c	: 
NINT,Y45-54,N_GE1,NR,EL	50726 	: 
NINT,Y45-54,N_GE1,NR,ES	292510 	: 
NINT,Y45-54,N_GE1,NR,EU27	4428704 	: 
NINT,Y45-54,N_GE1,NR,EU28	4458703 	: 
NINT,Y45-54,N_GE1,NR,FI	: c	: 
NINT,Y45-54,N_GE1,NR,FR	275300 	: 
NINT,Y45-54,N_GE1,NR,HR	29999 	: 
NINT,Y45-54,N_GE1,NR,HU	15898 	: 
NINT,Y45-54,N_GE1,NR,IE	26405 	: 
NINT,Y45-54,N_GE1,NR,IT	704978 	: 
NINT,Y45-54,N_GE1,NR,LT	6988 	: 
NINT,Y45-54,N_GE1,NR,LU	: c	: 
NINT,Y45-54,N_GE1,NR,LV	8826 	: 
NINT,Y45-54,N_GE1,NR,ME	: c	: 
NINT,Y45-54,N_GE1,NR,MT	6034 u	: 
NINT,Y45-54,N_GE1,NR,NL	64855 	: 
NINT,Y45-54,N_GE1,NR,PL	298678 	: 
NINT,Y45-54,N_GE1,NR,PT	416915 	: 
NINT,Y45-54,N_GE1,NR,RO	74531 	: 
NINT,Y45-54,N_GE1,NR,SE	212342 	: 
NINT,Y45-54,N_GE1,NR,SI	18561 	: 
NINT,Y45-54,N_GE1,NR,SK	97842 	: 
NINT,Y45-54,N_GE1,NR,UK	378070 	: 
NINT,Y45-64,N_GE1,NR,AT	208227 	: 
NINT,Y45-64,N_GE1,NR,BE	698609 	: 
NINT,Y45-64,N_GE1,NR,BG	12212 	: 
NINT,Y45-64,N_GE1,NR,CH	39750 u	: 
NINT,Y45-64,N_GE1,NR,CY	4475 e	: 
NINT,Y45-64,N_GE1,NR,CZ	98023 u	: 
NINT,Y45-64,N_GE1,NR,DE	2126488 	: 
NINT,Y45-64,N_GE1,NR,DK	6340 	: 
NINT,Y45-64,N_GE1,NR,EA	7821016 	: 
NINT,Y45-64,N_GE1,NR,EE	30774 u	: 
NINT,Y45-64,N_GE1,NR,EL	152535 	: 
NINT,Y45-64,N_GE1,NR,ES	702800 	: 
NINT,Y45-64,N_GE1,NR,EU27	10407613 	: 
NINT,Y45-64,N_GE1,NR,EU28	10489649 	: 
NINT,Y45-64,N_GE1,NR,FI	: c	: 
NINT,Y45-64,N_GE1,NR,FR	681491 	: 
NINT,Y45-64,N_GE1,NR,HR	82036 	: 
NINT,Y45-64,N_GE1,NR,HU	33463 	: 
NINT,Y45-64,N_GE1,NR,IE	61520 	: 
NINT,Y45-64,N_GE1,NR,IT	1732423 	: 
NINT,Y45-64,N_GE1,NR,LT	29796 	: 
NINT,Y45-64,N_GE1,NR,LU	6466 u	: 
NINT,Y45-64,N_GE1,NR,LV	21794 	: 
NINT,Y45-64,N_GE1,NR,ME	: c	: 
NINT,Y45-64,N_GE1,NR,MT	11601 u	: 
NINT,Y45-64,N_GE1,NR,NL	161774 	: 
NINT,Y45-64,N_GE1,NR,PL	1038916 	: 
NINT,Y45-64,N_GE1,NR,PT	865215 	: 
NINT,Y45-64,N_GE1,NR,RO	223745 	: 
NINT,Y45-64,N_GE1,NR,SE	332158 	: 
NINT,Y45-64,N_GE1,NR,SI	48940 	: 
NINT,Y45-64,N_GE1,NR,SK	287528 	: 
NINT,Y45-64,N_GE1,NR,UK	790150 	: 
NINT,Y55-64,N_GE1,NR,AT	105065 	: 
NINT,Y55-64,N_GE1,NR,BE	370194 	: 
NINT,Y55-64,N_GE1,NR,BG	5472 	: 
NINT,Y55-64,N_GE1,NR,CH	20482 u	: 
NINT,Y55-64,N_GE1,NR,CY	3294 u	: 
NINT,Y55-64,N_GE1,NR,CZ	76510 u	: 
NINT,Y55-64,N_GE1,NR,DE	1139166 u	: 
NINT,Y55-64,N_GE1,NR,DK	6340 	: 
NINT,Y55-64,N_GE1,NR,EA	4415901 	: 
NINT,Y55-64,N_GE1,NR,EE	: c	: 
NINT,Y55-64,N_GE1,NR,EL	101809 	: 
NINT,Y55-64,N_GE1,NR,ES	410291 	: 
NINT,Y55-64,N_GE1,NR,EU27	5978912 	: 
NINT,Y55-64,N_GE1,NR,EU28	6030949 	: 
NINT,Y55-64,N_GE1,NR,FI	: c	: 
NINT,Y55-64,N_GE1,NR,FR	406192 	: 
NINT,Y55-64,N_GE1,NR,HR	52037 	: 
NINT,Y55-64,N_GE1,NR,HU	17565 	: 
NINT,Y55-64,N_GE1,NR,IE	35115 	: 
NINT,Y55-64,N_GE1,NR,IT	1027445 	: 
NINT,Y55-64,N_GE1,NR,LT	22808 	: 
NINT,Y55-64,N_GE1,NR,LU	5490 u	: 
NINT,Y55-64,N_GE1,NR,LV	12968 	: 
NINT,Y55-64,N_GE1,NR,ME	: c	: 
NINT,Y55-64,N_GE1,NR,MT	: c	: 
NINT,Y55-64,N_GE1,NR,NL	96918 	: 
NINT,Y55-64,N_GE1,NR,PL	740238 	: 
NINT,Y55-64,N_GE1,NR,PT	448300 	: 
NINT,Y55-64,N_GE1,NR,RO	149214 	: 
NINT,Y55-64,N_GE1,NR,SE	119816 	: 
NINT,Y55-64,N_GE1,NR,SI	30379 	: 
NINT,Y55-64,N_GE1,NR,SK	189686 	: 
NINT,Y55-64,N_GE1,NR,UK	412080 	: 
NINT,Y_GE15,N_GE1,NR,AT	655762 	: 
NINT,Y_GE15,N_GE1,NR,BE	1823948 	: 
NINT,Y_GE15,N_GE1,NR,BG	31263 	: 
NINT,Y_GE15,N_GE1,NR,CH	147936 u	: 
NINT,Y_GE15,N_GE1,NR,CY	16949 e	: 
NINT,Y_GE15,N_GE1,NR,CZ	387063 	: 
NINT,Y_GE15,N_GE1,NR,DE	6134888 	: 
NINT,Y_GE15,N_GE1,NR,DK	25825 	: 
NINT,Y_GE15,N_GE1,NR,EA	24477382 	: 
NINT,Y_GE15,N_GE1,NR,EE	96490 	: 
NINT,Y_GE15,N_GE1,NR,EL	639400 	: 
NINT,Y_GE15,N_GE1,NR,ES	2575316 	: 
NINT,Y_GE15,N_GE1,NR,EU27	32161001 	: 
NINT,Y_GE15,N_GE1,NR,EU28	32451914 	: 
NINT,Y_GE15,N_GE1,NR,FI	131789 u	: 
NINT,Y_GE15,N_GE1,NR,FR	1897080 	: 
NINT,Y_GE15,N_GE1,NR,HR	290913 	: 
NINT,Y_GE15,N_GE1,NR,HU	111173 	: 
NINT,Y_GE15,N_GE1,NR,IE	235563 	: 
NINT,Y_GE15,N_GE1,NR,IT	5920208 	: 
NINT,Y_GE15,N_GE1,NR,LT	77352 	: 
NINT,Y_GE15,N_GE1,NR,LU	22319 	: 
NINT,Y_GE15,N_GE1,NR,LV	62220 	: 
NINT,Y_GE15,N_GE1,NR,ME	: c	: 
NINT,Y_GE15,N_GE1,NR,MT	39688 	: 
NINT,Y_GE15,N_GE1,NR,NL	548545 	: 
NINT,Y_GE15,N_GE1,NR,PL	2990258 	: 
NINT,Y_GE15,N_GE1,NR,PT	2717497 	: 
NINT,Y_GE15,N_GE1,NR,RO	617053 	: 
NINT,Y_GE15,N_GE1,NR,SE	1055022 	: 
NINT,Y_GE15,N_GE1,NR,SI	137075 	: 
NINT,Y_GE15,N_GE1,NR,SK	887556 	: 
NINT,Y_GE15,N_GE1,NR,UK	2326390 	: 
NINT,Y_GE65,N_GE1,NR,AT	269371 	: 
NINT,Y_GE65,N_GE1,NR,BE	615183 	: 
NINT,Y_GE65,N_GE1,NR,BG	13463 	: 
NINT,Y_GE65,N_GE1,NR,CH	88185 u	: 
NINT,Y_GE65,N_GE1,NR,CY	8228 e	: 
NINT,Y_GE65,N_GE1,NR,CZ	205182 	: 
NINT,Y_GE65,N_GE1,NR,DE	2275323 	: 
NINT,Y_GE65,N_GE1,NR,DK	19485 	: 
NINT,Y_GE65,N_GE1,NR,EA	10628796 	: 
NINT,Y_GE65,N_GE1,NR,EE	41635 u	: 
NINT,Y_GE65,N_GE1,NR,EL	386016 	: 
NINT,Y_GE65,N_GE1,NR,ES	1403636 	: 
NINT,Y_GE65,N_GE1,NR,EU27	13888091 	: 
NINT,Y_GE65,N_GE1,NR,EU28	14007840 	: 
NINT,Y_GE65,N_GE1,NR,FI	77786 u	: 
NINT,Y_GE65,N_GE1,NR,FR	774444 	: 
NINT,Y_GE65,N_GE1,NR,HR	119749 	: 
NINT,Y_GE65,N_GE1,NR,HU	35994 	: 
NINT,Y_GE65,N_GE1,NR,IE	101761 	: 
NINT,Y_GE65,N_GE1,NR,IT	3132705 	: 
NINT,Y_GE65,N_GE1,NR,LT	41243 	: 
NINT,Y_GE65,N_GE1,NR,LU	6790 u	: 
NINT,Y_GE65,N_GE1,NR,LV	22419 	: 
NINT,Y_GE65,N_GE1,NR,ME	: c	: 
NINT,Y_GE65,N_GE1,NR,MT	16377 	: 
NINT,Y_GE65,N_GE1,NR,NL	230165 	: 
NINT,Y_GE65,N_GE1,NR,PL	1496900 	: 
NINT,Y_GE65,N_GE1,NR,PT	931807 	: 
NINT,Y_GE65,N_GE1,NR,RO	233086 	: 
NINT,Y_GE65,N_GE1,NR,SE	268323 	: 
NINT,Y_GE65,N_GE1,NR,SI	60521 	: 
NINT,Y_GE65,N_GE1,NR,SK	299196 	: 
NINT,Y_GE65,N_GE1,NR,UK	923200 	: 
NINT,Y_LT15,N_GE1,NR,CH	0 u	: 
NINT,Y_LT15,N_GE1,NR,EA	: u	: 
NINT,Y_LT15,N_GE1,NR,EU27	: u	: 
NINT,Y_LT15,N_GE1,NR,EU28	: u	: 
NINT,Y_LT15,N_GE1,NR,HU	13712 	: 
NINT,Y_LT15,N_GE1,NR,NL	28268 	: 
NINT,Y_LT15,N_GE1,NR,PT	27456 	: 
NTIME_FAM,Y15-24,N_GE1,NR,AT	: c	: 
NTIME_FAM,Y15-24,N_GE1,NR,BE	95506 	: 
NTIME_FAM,Y15-24,N_GE1,NR,BG	35011 	: 
NTIME_FAM,Y15-24,N_GE1,NR,CH	7726 u	: 
NTIME_FAM,Y15-24,N_GE1,NR,CY	: c	: 
NTIME_FAM,Y15-24,N_GE1,NR,CZ	: c	: 
NTIME_FAM,Y15-24,N_GE1,NR,DE	: c	: 
NTIME_FAM,Y15-24,N_GE1,NR,DK	0 	: 
NTIME_FAM,Y15-24,N_GE1,NR,EA	1048008 	: 
NTIME_FAM,Y15-24,N_GE1,NR,EE	: c	: 
NTIME_FAM,Y15-24,N_GE1,NR,EL	24198 u	: 
NTIME_FAM,Y15-24,N_GE1,NR,ES	: c	: 
NTIME_FAM,Y15-24,N_GE1,NR,EU27	1647511 	: 
NTIME_FAM,Y15-24,N_GE1,NR,EU28	1689981 	: 
NTIME_FAM,Y15-24,N_GE1,NR,FI	: c	: 
NTIME_FAM,Y15-24,N_GE1,NR,FR	34844 	: 
NTIME_FAM,Y15-24,N_GE1,NR,HR	42470 	: 
NTIME_FAM,Y15-24,N_GE1,NR,HU	15891 	: 
NTIME_FAM,Y15-24,N_GE1,NR,IE	6485 	: 
NTIME_FAM,Y15-24,N_GE1,NR,IT	345074 u	: 
NTIME_FAM,Y15-24,N_GE1,NR,LT	2302 	: 
NTIME_FAM,Y15-24,N_GE1,NR,LU	: c	: 
NTIME_FAM,Y15-24,N_GE1,NR,LV	3578 	: 
NTIME_FAM,Y15-24,N_GE1,NR,ME	: c	: 
NTIME_FAM,Y15-24,N_GE1,NR,MT	: c	: 
NTIME_FAM,Y15-24,N_GE1,NR,NL	19285 	: 
NTIME_FAM,Y15-24,N_GE1,NR,PL	84746 	: 
NTIME_FAM,Y15-24,N_GE1,NR,PT	75830 	: 
NTIME_FAM,Y15-24,N_GE1,NR,RO	104601 	: 
NTIME_FAM,Y15-24,N_GE1,NR,SE	13530 	: 
NTIME_FAM,Y15-24,N_GE1,NR,SI	1585 u	: 
NTIME_FAM,Y15-24,N_GE1,NR,SK	: c	: 
NTIME_FAM,Y15-24,N_GE1,NR,UK	326300 	: 
NTIME_FAM,Y25-34,N_GE1,NR,AT	58024 u	: 
NTIME_FAM,Y25-34,N_GE1,NR,BE	92343 	: 
NTIME_FAM,Y25-34,N_GE1,NR,BG	91372 	: 
NTIME_FAM,Y25-34,N_GE1,NR,CH	17180 u	: 
NTIME_FAM,Y25-34,N_GE1,NR,CY	7370 e	: 
NTIME_FAM,Y25-34,N_GE1,NR,CZ	: c	: 
NTIME_FAM,Y25-34,N_GE1,NR,DE	: c	: 
NTIME_FAM,Y25-34,N_GE1,NR,DK	0 	: 
NTIME_FAM,Y25-34,N_GE1,NR,EA	1832595 	: 
NTIME_FAM,Y25-34,N_GE1,NR,EE	: c	: 
NTIME_FAM,Y25-34,N_GE1,NR,EL	74578 	: 
NTIME_FAM,Y25-34,N_GE1,NR,ES	145539 u	: 
NTIME_FAM,Y25-34,N_GE1,NR,EU27	3096451 	: 
NTIME_FAM,Y25-34,N_GE1,NR,EU28	3151940 	: 
NTIME_FAM,Y25-34,N_GE1,NR,FI	: c	: 
NTIME_FAM,Y25-34,N_GE1,NR,FR	194872 	: 
NTIME_FAM,Y25-34,N_GE1,NR,HR	55489 	: 
NTIME_FAM,Y25-34,N_GE1,NR,HU	16160 	: 
NTIME_FAM,Y25-34,N_GE1,NR,IE	28848 	: 
NTIME_FAM,Y25-34,N_GE1,NR,IT	460947 	: 
NTIME_FAM,Y25-34,N_GE1,NR,LT	3203 	: 
NTIME_FAM,Y25-34,N_GE1,NR,LU	: c	: 
NTIME_FAM,Y25-34,N_GE1,NR,LV	15817 	: 
NTIME_FAM,Y25-34,N_GE1,NR,ME	: c	: 
NTIME_FAM,Y25-34,N_GE1,NR,MT	: c	: 
NTIME_FAM,Y25-34,N_GE1,NR,NL	21538 	: 
NTIME_FAM,Y25-34,N_GE1,NR,PL	471008 	: 
NTIME_FAM,Y25-34,N_GE1,NR,PT	85442 	: 
NTIME_FAM,Y25-34,N_GE1,NR,RO	183126 	: 
NTIME_FAM,Y25-34,N_GE1,NR,SE	26015 	: 
NTIME_FAM,Y25-34,N_GE1,NR,SI	3036 u	: 
NTIME_FAM,Y25-34,N_GE1,NR,SK	79707 	: 
NTIME_FAM,Y25-34,N_GE1,NR,UK	400600 	: 
NTIME_FAM,Y25-44,N_GE1,NR,AT	147226 	: 
NTIME_FAM,Y25-44,N_GE1,NR,BE	199258 	: 
NTIME_FAM,Y25-44,N_GE1,NR,BG	154916 	: 
NTIME_FAM,Y25-44,N_GE1,NR,CH	25399 u	: 
NTIME_FAM,Y25-44,N_GE1,NR,CY	14553 e	: 
NTIME_FAM,Y25-44,N_GE1,NR,CZ	136196 u	: 
NTIME_FAM,Y25-44,N_GE1,NR,DE	1310613 u	: 
NTIME_FAM,Y25-44,N_GE1,NR,DK	3415 	: 
NTIME_FAM,Y25-44,N_GE1,NR,EA	4233294 	: 
NTIME_FAM,Y25-44,N_GE1,NR,EE	: c	: 
NTIME_FAM,Y25-44,N_GE1,NR,EL	191502 	: 
NTIME_FAM,Y25-44,N_GE1,NR,ES	381941 	: 
NTIME_FAM,Y25-44,N_GE1,NR,EU27	6845226 	: 
NTIME_FAM,Y25-44,N_GE1,NR,EU28	6991393 	: 
NTIME_FAM,Y25-44,N_GE1,NR,FI	0 	: 
NTIME_FAM,Y25-44,N_GE1,NR,FR	375541 	: 
NTIME_FAM,Y25-44,N_GE1,NR,HR	146167 	: 
NTIME_FAM,Y25-44,N_GE1,NR,HU	34545 	: 
NTIME_FAM,Y25-44,N_GE1,NR,IE	64959 	: 
NTIME_FAM,Y25-44,N_GE1,NR,IT	1023900 	: 
NTIME_FAM,Y25-44,N_GE1,NR,LT	3872 	: 
NTIME_FAM,Y25-44,N_GE1,NR,LU	: c	: 
NTIME_FAM,Y25-44,N_GE1,NR,LV	28565 	: 
NTIME_FAM,Y25-44,N_GE1,NR,ME	: c	: 
NTIME_FAM,Y25-44,N_GE1,NR,MT	3677 u	: 
NTIME_FAM,Y25-44,N_GE1,NR,NL	40133 	: 
NTIME_FAM,Y25-44,N_GE1,NR,PL	938767 	: 
NTIME_FAM,Y25-44,N_GE1,NR,PT	239736 	: 
NTIME_FAM,Y25-44,N_GE1,NR,RO	446166 	: 
NTIME_FAM,Y25-44,N_GE1,NR,SE	40530 	: 
NTIME_FAM,Y25-44,N_GE1,NR,SI	7952 u	: 
NTIME_FAM,Y25-44,N_GE1,NR,SK	208679 	: 
NTIME_FAM,Y25-44,N_GE1,NR,UK	824960 	: 
NTIME_FAM,Y35-44,N_GE1,NR,AT	89202 u	: 
NTIME_FAM,Y35-44,N_GE1,NR,BE	106915 	: 
NTIME_FAM,Y35-44,N_GE1,NR,BG	63544 	: 
NTIME_FAM,Y35-44,N_GE1,NR,CH	8219 u	: 
NTIME_FAM,Y35-44,N_GE1,NR,CY	7182 e	: 
NTIME_FAM,Y35-44,N_GE1,NR,CZ	79641 u	: 
NTIME_FAM,Y35-44,N_GE1,NR,DE	741146 u	: 
NTIME_FAM,Y35-44,N_GE1,NR,DK	3415 	: 
NTIME_FAM,Y35-44,N_GE1,NR,EA	2400698 	: 
NTIME_FAM,Y35-44,N_GE1,NR,EE	: c	: 
NTIME_FAM,Y35-44,N_GE1,NR,EL	116924 	: 
NTIME_FAM,Y35-44,N_GE1,NR,ES	236402 	: 
NTIME_FAM,Y35-44,N_GE1,NR,EU27	3748772 	: 
NTIME_FAM,Y35-44,N_GE1,NR,EU28	3839450 	: 
NTIME_FAM,Y35-44,N_GE1,NR,FI	: c	: 
NTIME_FAM,Y35-44,N_GE1,NR,FR	180669 	: 
NTIME_FAM,Y35-44,N_GE1,NR,HR	90678 	: 
NTIME_FAM,Y35-44,N_GE1,NR,HU	18384 	: 
NTIME_FAM,Y35-44,N_GE1,NR,IE	36111 	: 
NTIME_FAM,Y35-44,N_GE1,NR,IT	562952 	: 
NTIME_FAM,Y35-44,N_GE1,NR,LT	669 	: 
NTIME_FAM,Y35-44,N_GE1,NR,LU	: c	: 
NTIME_FAM,Y35-44,N_GE1,NR,LV	12748 	: 
NTIME_FAM,Y35-44,N_GE1,NR,ME	: c	: 
NTIME_FAM,Y35-44,N_GE1,NR,MT	: c	: 
NTIME_FAM,Y35-44,N_GE1,NR,NL	18595 	: 
NTIME_FAM,Y35-44,N_GE1,NR,PL	467759 	: 
NTIME_FAM,Y35-44,N_GE1,NR,PT	154294 	: 
NTIME_FAM,Y35-44,N_GE1,NR,RO	263040 	: 
NTIME_FAM,Y35-44,N_GE1,NR,SE	14514 	: 
NTIME_FAM,Y35-44,N_GE1,NR,SI	4916 u	: 
NTIME_FAM,Y35-44,N_GE1,NR,SK	128972 	: 
NTIME_FAM,Y35-44,N_GE1,NR,UK	424360 	: 
NTIME_FAM,Y45-54,N_GE1,NR,AT	70423 u	: 
NTIME_FAM,Y45-54,N_GE1,NR,BE	190307 	: 
NTIME_FAM,Y45-54,N_GE1,NR,BG	69868 	: 
NTIME_FAM,Y45-54,N_GE1,NR,CH	4359 u	: 
NTIME_FAM,Y45-54,N_GE1,NR,CY	5787 e	: 
NTIME_FAM,Y45-54,N_GE1,NR,CZ	: c	: 
NTIME_FAM,Y45-54,N_GE1,NR,DE	830688 u	: 
NTIME_FAM,Y45-54,N_GE1,NR,DK	0 	: 
NTIME_FAM,Y45-54,N_GE1,NR,EA	2694597 	: 
NTIME_FAM,Y45-54,N_GE1,NR,EE	: c	: 
NTIME_FAM,Y45-54,N_GE1,NR,EL	115741 	: 
NTIME_FAM,Y45-54,N_GE1,NR,ES	317030 	: 
NTIME_FAM,Y45-54,N_GE1,NR,EU27	3835296 	: 
NTIME_FAM,Y45-54,N_GE1,NR,EU28	3932064 	: 
NTIME_FAM,Y45-54,N_GE1,NR,FI	: c	: 
NTIME_FAM,Y45-54,N_GE1,NR,FR	125540 	: 
NTIME_FAM,Y45-54,N_GE1,NR,HR	96768 	: 
NTIME_FAM,Y45-54,N_GE1,NR,HU	19221 	: 
NTIME_FAM,Y45-54,N_GE1,NR,IE	20759 	: 
NTIME_FAM,Y45-54,N_GE1,NR,IT	747883 	: 
NTIME_FAM,Y45-54,N_GE1,NR,LT	3368 	: 
NTIME_FAM,Y45-54,N_GE1,NR,LU	: c	: 
NTIME_FAM,Y45-54,N_GE1,NR,LV	5916 	: 
NTIME_FAM,Y45-54,N_GE1,NR,ME	: c	: 
NTIME_FAM,Y45-54,N_GE1,NR,MT	: c	: 
NTIME_FAM,Y45-54,N_GE1,NR,NL	16266 	: 
NTIME_FAM,Y45-54,N_GE1,NR,PL	357987 	: 
NTIME_FAM,Y45-54,N_GE1,NR,PT	171940 	: 
NTIME_FAM,Y45-54,N_GE1,NR,RO	224247 	: 
NTIME_FAM,Y45-54,N_GE1,NR,SE	24056 	: 
NTIME_FAM,Y45-54,N_GE1,NR,SI	6383 u	: 
NTIME_FAM,Y45-54,N_GE1,NR,SK	52927 	: 
NTIME_FAM,Y45-54,N_GE1,NR,UK	398250 	: 
NTIME_FAM,Y45-64,N_GE1,NR,AT	146486 	: 
NTIME_FAM,Y45-64,N_GE1,NR,BE	372821 	: 
NTIME_FAM,Y45-64,N_GE1,NR,BG	135517 	: 
NTIME_FAM,Y45-64,N_GE1,NR,CH	6513 u	: 
NTIME_FAM,Y45-64,N_GE1,NR,CY	14378 e	: 
NTIME_FAM,Y45-64,N_GE1,NR,CZ	75445 u	: 
NTIME_FAM,Y45-64,N_GE1,NR,DE	1523719 	: 
NTIME_FAM,Y45-64,N_GE1,NR,DK	5011 	: 
NTIME_FAM,Y45-64,N_GE1,NR,EA	5487932 	: 
NTIME_FAM,Y45-64,N_GE1,NR,EE	: c	: 
NTIME_FAM,Y45-64,N_GE1,NR,EL	214583 	: 
NTIME_FAM,Y45-64,N_GE1,NR,ES	634840 	: 
NTIME_FAM,Y45-64,N_GE1,NR,EU27	7585724 	: 
NTIME_FAM,Y45-64,N_GE1,NR,EU28	7717256 	: 
NTIME_FAM,Y45-64,N_GE1,NR,FI	: c	: 
NTIME_FAM,Y45-64,N_GE1,NR,FR	385458 	: 
NTIME_FAM,Y45-64,N_GE1,NR,HR	131532 	: 
NTIME_FAM,Y45-64,N_GE1,NR,HU	40459 	: 
NTIME_FAM,Y45-64,N_GE1,NR,IE	40485 	: 
NTIME_FAM,Y45-64,N_GE1,NR,IT	1553941 	: 
NTIME_FAM,Y45-64,N_GE1,NR,LT	20913 	: 
NTIME_FAM,Y45-64,N_GE1,NR,LU	5367 u	: 
NTIME_FAM,Y45-64,N_GE1,NR,LV	15255 	: 
NTIME_FAM,Y45-64,N_GE1,NR,ME	: c	: 
NTIME_FAM,Y45-64,N_GE1,NR,MT	: c	: 
NTIME_FAM,Y45-64,N_GE1,NR,NL	48114 	: 
NTIME_FAM,Y45-64,N_GE1,NR,PL	705434 	: 
NTIME_FAM,Y45-64,N_GE1,NR,PT	369396 	: 
NTIME_FAM,Y45-64,N_GE1,NR,RO	433129 	: 
NTIME_FAM,Y45-64,N_GE1,NR,SE	25849 	: 
NTIME_FAM,Y45-64,N_GE1,NR,SI	15599 	: 
NTIME_FAM,Y45-64,N_GE1,NR,SK	126178 	: 
NTIME_FAM,Y45-64,N_GE1,NR,UK	640780 	: 
NTIME_FAM,Y55-64,N_GE1,NR,AT	76063 u	: 
NTIME_FAM,Y55-64,N_GE1,NR,BE	182514 	: 
NTIME_FAM,Y55-64,N_GE1,NR,BG	65649 	: 
NTIME_FAM,Y55-64,N_GE1,NR,CH	2155 u	: 
NTIME_FAM,Y55-64,N_GE1,NR,CY	8591 e	: 
NTIME_FAM,Y55-64,N_GE1,NR,CZ	: c	: 
NTIME_FAM,Y55-64,N_GE1,NR,DE	693031 u	: 
NTIME_FAM,Y55-64,N_GE1,NR,DK	5011 	: 
NTIME_FAM,Y55-64,N_GE1,NR,EA	2793334 	: 
NTIME_FAM,Y55-64,N_GE1,NR,EE	: c	: 
NTIME_FAM,Y55-64,N_GE1,NR,EL	98842 	: 
NTIME_FAM,Y55-64,N_GE1,NR,ES	317809 	: 
NTIME_FAM,Y55-64,N_GE1,NR,EU27	3750415 	: 
NTIME_FAM,Y55-64,N_GE1,NR,EU28	3785179 	: 
NTIME_FAM,Y55-64,N_GE1,NR,FI	: c	: 
NTIME_FAM,Y55-64,N_GE1,NR,FR	259918 	: 
NTIME_FAM,Y55-64,N_GE1,NR,HR	34764 	: 
NTIME_FAM,Y55-64,N_GE1,NR,HU	21237 	: 
NTIME_FAM,Y55-64,N_GE1,NR,IE	19726 	: 
NTIME_FAM,Y55-64,N_GE1,NR,IT	806058 	: 
NTIME_FAM,Y55-64,N_GE1,NR,LT	17545 	: 
NTIME_FAM,Y55-64,N_GE1,NR,LU	: c	: 
NTIME_FAM,Y55-64,N_GE1,NR,LV	9339 	: 
NTIME_FAM,Y55-64,N_GE1,NR,ME	: c	: 
NTIME_FAM,Y55-64,N_GE1,NR,MT	: c	: 
NTIME_FAM,Y55-64,N_GE1,NR,NL	31848 	: 
NTIME_FAM,Y55-64,N_GE1,NR,PL	347447 	: 
NTIME_FAM,Y55-64,N_GE1,NR,PT	197456 	: 
NTIME_FAM,Y55-64,N_GE1,NR,RO	208882 	: 
NTIME_FAM,Y55-64,N_GE1,NR,SE	1792 	: 
NTIME_FAM,Y55-64,N_GE1,NR,SI	9217 u	: 
NTIME_FAM,Y55-64,N_GE1,NR,SK	73251 	: 
NTIME_FAM,Y55-64,N_GE1,NR,UK	242520 	: 
NTIME_FAM,Y_GE15,N_GE1,NR,AT	422071 	: 
NTIME_FAM,Y_GE15,N_GE1,NR,BE	808684 	: 
NTIME_FAM,Y_GE15,N_GE1,NR,BG	404004 	: 
NTIME_FAM,Y_GE15,N_GE1,NR,CH	81401 u	: 
NTIME_FAM,Y_GE15,N_GE1,NR,CY	39439 e	: 
NTIME_FAM,Y_GE15,N_GE1,NR,CZ	248022 	: 
NTIME_FAM,Y_GE15,N_GE1,NR,DE	4156299 	: 
NTIME_FAM,Y_GE15,N_GE1,NR,DK	10870 	: 
NTIME_FAM,Y_GE15,N_GE1,NR,EA	14632072 	: 
NTIME_FAM,Y_GE15,N_GE1,NR,EE	47485 u	: 
NTIME_FAM,Y_GE15,N_GE1,NR,EL	525572 	: 
NTIME_FAM,Y_GE15,N_GE1,NR,ES	1464190 	: 
NTIME_FAM,Y_GE15,N_GE1,NR,EU27	20985276 	: 
NTIME_FAM,Y_GE15,N_GE1,NR,EU28	21308551 	: 
NTIME_FAM,Y_GE15,N_GE1,NR,FI	: c	: 
NTIME_FAM,Y_GE15,N_GE1,NR,FR	1151056 	: 
NTIME_FAM,Y_GE15,N_GE1,NR,HR	323275 	: 
NTIME_FAM,Y_GE15,N_GE1,NR,HU	134412 	: 
NTIME_FAM,Y_GE15,N_GE1,NR,IE	121996 	: 
NTIME_FAM,Y_GE15,N_GE1,NR,IT	4342547 	: 
NTIME_FAM,Y_GE15,N_GE1,NR,LT	51422 	: 
NTIME_FAM,Y_GE15,N_GE1,NR,LU	18326 	: 
NTIME_FAM,Y_GE15,N_GE1,NR,LV	57419 	: 
NTIME_FAM,Y_GE15,N_GE1,NR,ME	: c	: 
NTIME_FAM,Y_GE15,N_GE1,NR,MT	10374 u	: 
NTIME_FAM,Y_GE15,N_GE1,NR,NL	139791 	: 
NTIME_FAM,Y_GE15,N_GE1,NR,PL	1913097 	: 
NTIME_FAM,Y_GE15,N_GE1,NR,PT	956068 	: 
NTIME_FAM,Y_GE15,N_GE1,NR,RO	1116372 	: 
NTIME_FAM,Y_GE15,N_GE1,NR,SE	91196 	: 
NTIME_FAM,Y_GE15,N_GE1,NR,SI	34087 	: 
NTIME_FAM,Y_GE15,N_GE1,NR,SK	378294 	: 
NTIME_FAM,Y_GE15,N_GE1,NR,UK	2326390 	: 
NTIME_FAM,Y_GE65,N_GE1,NR,AT	105523 	: 
NTIME_FAM,Y_GE65,N_GE1,NR,BE	141099 	: 
NTIME_FAM,Y_GE65,N_GE1,NR,BG	78560 	: 
NTIME_FAM,Y_GE65,N_GE1,NR,CH	41762 u	: 
NTIME_FAM,Y_GE65,N_GE1,NR,CY	7771 e	: 
NTIME_FAM,Y_GE65,N_GE1,NR,CZ	: c	: 
NTIME_FAM,Y_GE65,N_GE1,NR,DE	945337 u	: 
NTIME_FAM,Y_GE65,N_GE1,NR,DK	2444 	: 
NTIME_FAM,Y_GE65,N_GE1,NR,EA	3862840 	: 
NTIME_FAM,Y_GE65,N_GE1,NR,EE	: c	: 
NTIME_FAM,Y_GE65,N_GE1,NR,EL	95289 	: 
NTIME_FAM,Y_GE65,N_GE1,NR,ES	407527 	: 
NTIME_FAM,Y_GE65,N_GE1,NR,EU27	4906822 	: 
NTIME_FAM,Y_GE65,N_GE1,NR,EU28	4909929 	: 
NTIME_FAM,Y_GE65,N_GE1,NR,FI	: c	: 
NTIME_FAM,Y_GE65,N_GE1,NR,FR	355213 	: 
NTIME_FAM,Y_GE65,N_GE1,NR,HR	3107 	: 
NTIME_FAM,Y_GE65,N_GE1,NR,HU	43518 	: 
NTIME_FAM,Y_GE65,N_GE1,NR,IE	10068 	: 
NTIME_FAM,Y_GE65,N_GE1,NR,IT	1419631 	: 
NTIME_FAM,Y_GE65,N_GE1,NR,LT	24335 	: 
NTIME_FAM,Y_GE65,N_GE1,NR,LU	: c	: 
NTIME_FAM,Y_GE65,N_GE1,NR,LV	10022 	: 
NTIME_FAM,Y_GE65,N_GE1,NR,ME	: c	: 
NTIME_FAM,Y_GE65,N_GE1,NR,MT	: c	: 
NTIME_FAM,Y_GE65,N_GE1,NR,NL	32260 	: 
NTIME_FAM,Y_GE65,N_GE1,NR,PL	184151 	: 
NTIME_FAM,Y_GE65,N_GE1,NR,PT	271106 	: 
NTIME_FAM,Y_GE65,N_GE1,NR,RO	132476 	: 
NTIME_FAM,Y_GE65,N_GE1,NR,SE	11289 	: 
NTIME_FAM,Y_GE65,N_GE1,NR,SI	8950 	: 
NTIME_FAM,Y_GE65,N_GE1,NR,SK	: c	: 
NTIME_FAM,Y_GE65,N_GE1,NR,UK	534350 	: 
NTIME_FAM,Y_LT15,N_GE1,NR,CH	8489 u	: 
NTIME_FAM,Y_LT15,N_GE1,NR,EA	: u	: 
NTIME_FAM,Y_LT15,N_GE1,NR,EU27	: u	: 
NTIME_FAM,Y_LT15,N_GE1,NR,EU28	: u	: 
NTIME_FAM,Y_LT15,N_GE1,NR,HU	16578 	: 
NTIME_FAM,Y_LT15,N_GE1,NR,NL	6548 	: 
NTIME_FAM,Y_LT15,N_GE1,NR,PT	9159 	: 
NTIME_WRK_STU,Y15-24,N_GE1,NR,AT	72893 u	: 
NTIME_WRK_STU,Y15-24,N_GE1,NR,BE	333359 	: 
NTIME_WRK_STU,Y15-24,N_GE1,NR,BG	168148 	: 
NTIME_WRK_STU,Y15-24,N_GE1,NR,CH	20391 u	: 
NTIME_WRK_STU,Y15-24,N_GE1,NR,CY	: c	: 
NTIME_WRK_STU,Y15-24,N_GE1,NR,CZ	: c	: 
NTIME_WRK_STU,Y15-24,N_GE1,NR,DE	: c	: 
NTIME_WRK_STU,Y15-24,N_GE1,NR,DK	21750 	: 
NTIME_WRK_STU,Y15-24,N_GE1,NR,EA	3534402 	: 
NTIME_WRK_STU,Y15-24,N_GE1,NR,EE	: c	: 
NTIME_WRK_STU,Y15-24,N_GE1,NR,EL	74726 	: 
NTIME_WRK_STU,Y15-24,N_GE1,NR,ES	280456 	: 
NTIME_WRK_STU,Y15-24,N_GE1,NR,EU27	4883226 	: 
NTIME_WRK_STU,Y15-24,N_GE1,NR,EU28	4901774 	: 
NTIME_WRK_STU,Y15-24,N_GE1,NR,FI	: c	: 
NTIME_WRK_STU,Y15-24,N_GE1,NR,FR	595040 	: 
NTIME_WRK_STU,Y15-24,N_GE1,NR,HR	18548 	: 
NTIME_WRK_STU,Y15-24,N_GE1,NR,HU	68961 	: 
NTIME_WRK_STU,Y15-24,N_GE1,NR,IE	32278 	: 
NTIME_WRK_STU,Y15-24,N_GE1,NR,IT	1030983 	: 
NTIME_WRK_STU,Y15-24,N_GE1,NR,LT	20154 	: 
NTIME_WRK_STU,Y15-24,N_GE1,NR,LU	: c	: 
NTIME_WRK_STU,Y15-24,N_GE1,NR,LV	9173 	: 
NTIME_WRK_STU,Y15-24,N_GE1,NR,ME	: c	: 
NTIME_WRK_STU,Y15-24,N_GE1,NR,MT	4354 u	: 
NTIME_WRK_STU,Y15-24,N_GE1,NR,NL	77342 	: 
NTIME_WRK_STU,Y15-24,N_GE1,NR,PL	409291 	: 
NTIME_WRK_STU,Y15-24,N_GE1,NR,PT	312612 	: 
NTIME_WRK_STU,Y15-24,N_GE1,NR,RO	125327 	: 
NTIME_WRK_STU,Y15-24,N_GE1,NR,SE	60113 	: 
NTIME_WRK_STU,Y15-24,N_GE1,NR,SI	11065 u	: 
NTIME_WRK_STU,Y15-24,N_GE1,NR,SK	: c	: 
NTIME_WRK_STU,Y15-24,N_GE1,NR,UK	446100 	: 
NTIME_WRK_STU,Y25-34,N_GE1,NR,AT	69330 u	: 
NTIME_WRK_STU,Y25-34,N_GE1,NR,BE	148973 	: 
NTIME_WRK_STU,Y25-34,N_GE1,NR,BG	105687 	: 
NTIME_WRK_STU,Y25-34,N_GE1,NR,CH	11782 u	: 
NTIME_WRK_STU,Y25-34,N_GE1,NR,CY	5578 u	: 
NTIME_WRK_STU,Y25-34,N_GE1,NR,CZ	: c	: 
NTIME_WRK_STU,Y25-34,N_GE1,NR,DE	948785 u	: 
NTIME_WRK_STU,Y25-34,N_GE1,NR,DK	14448 	: 
NTIME_WRK_STU,Y25-34,N_GE1,NR,EA	3179886 	: 
NTIME_WRK_STU,Y25-34,N_GE1,NR,EE	: c	: 
NTIME_WRK_STU,Y25-34,N_GE1,NR,EL	102429 	: 
NTIME_WRK_STU,Y25-34,N_GE1,NR,ES	374273 	: 
NTIME_WRK_STU,Y25-34,N_GE1,NR,EU27	4809084 	: 
NTIME_WRK_STU,Y25-34,N_GE1,NR,EU28	4853064 	: 
NTIME_WRK_STU,Y25-34,N_GE1,NR,FI	: c	: 
NTIME_WRK_STU,Y25-34,N_GE1,NR,FR	324139 	: 
NTIME_WRK_STU,Y25-34,N_GE1,NR,HR	43980 	: 
NTIME_WRK_STU,Y25-34,N_GE1,NR,HU	70129 	: 
NTIME_WRK_STU,Y25-34,N_GE1,NR,IE	50548 	: 
NTIME_WRK_STU,Y25-34,N_GE1,NR,IT	749279 	: 
NTIME_WRK_STU,Y25-34,N_GE1,NR,LT	6904 	: 
NTIME_WRK_STU,Y25-34,N_GE1,NR,LU	0 u	: 
NTIME_WRK_STU,Y25-34,N_GE1,NR,LV	9583 	: 
NTIME_WRK_STU,Y25-34,N_GE1,NR,ME	: c	: 
NTIME_WRK_STU,Y25-34,N_GE1,NR,MT	: c	: 
NTIME_WRK_STU,Y25-34,N_GE1,NR,NL	64048 	: 
NTIME_WRK_STU,Y25-34,N_GE1,NR,PL	575577 	: 
NTIME_WRK_STU,Y25-34,N_GE1,NR,PT	277193 	: 
NTIME_WRK_STU,Y25-34,N_GE1,NR,RO	354810 	: 
NTIME_WRK_STU,Y25-34,N_GE1,NR,SE	62254 	: 
NTIME_WRK_STU,Y25-34,N_GE1,NR,SI	17022 u	: 
NTIME_WRK_STU,Y25-34,N_GE1,NR,SK	36161 	: 
NTIME_WRK_STU,Y25-34,N_GE1,NR,UK	391170 	: 
NTIME_WRK_STU,Y25-44,N_GE1,NR,AT	161996 	: 
NTIME_WRK_STU,Y25-44,N_GE1,NR,BE	269411 	: 
NTIME_WRK_STU,Y25-44,N_GE1,NR,BG	286625 	: 
NTIME_WRK_STU,Y25-44,N_GE1,NR,CH	23994 u	: 
NTIME_WRK_STU,Y25-44,N_GE1,NR,CY	11466 e	: 
NTIME_WRK_STU,Y25-44,N_GE1,NR,CZ	93539 u	: 
NTIME_WRK_STU,Y25-44,N_GE1,NR,DE	1934104 u	: 
NTIME_WRK_STU,Y25-44,N_GE1,NR,DK	43281 	: 
NTIME_WRK_STU,Y25-44,N_GE1,NR,EA	6570468 	: 
NTIME_WRK_STU,Y25-44,N_GE1,NR,EE	: c	: 
NTIME_WRK_STU,Y25-44,N_GE1,NR,EL	248781 	: 
NTIME_WRK_STU,Y25-44,N_GE1,NR,ES	846967 	: 
NTIME_WRK_STU,Y25-44,N_GE1,NR,EU27	10244104 	: 
NTIME_WRK_STU,Y25-44,N_GE1,NR,EU28	10334143 	: 
NTIME_WRK_STU,Y25-44,N_GE1,NR,FI	: c	: 
NTIME_WRK_STU,Y25-44,N_GE1,NR,FR	561708 	: 
NTIME_WRK_STU,Y25-44,N_GE1,NR,HR	90039 	: 
NTIME_WRK_STU,Y25-44,N_GE1,NR,HU	149911 	: 
NTIME_WRK_STU,Y25-44,N_GE1,NR,IE	71512 	: 
NTIME_WRK_STU,Y25-44,N_GE1,NR,IT	1546723 	: 
NTIME_WRK_STU,Y25-44,N_GE1,NR,LT	10264 	: 
NTIME_WRK_STU,Y25-44,N_GE1,NR,LU	: c	: 
NTIME_WRK_STU,Y25-44,N_GE1,NR,LV	24740 	: 
NTIME_WRK_STU,Y25-44,N_GE1,NR,ME	: c	: 
NTIME_WRK_STU,Y25-44,N_GE1,NR,MT	6228 u	: 
NTIME_WRK_STU,Y25-44,N_GE1,NR,NL	89376 	: 
NTIME_WRK_STU,Y25-44,N_GE1,NR,PL	1350604 	: 
NTIME_WRK_STU,Y25-44,N_GE1,NR,PT	667561 	: 
NTIME_WRK_STU,Y25-44,N_GE1,NR,RO	806662 	: 
NTIME_WRK_STU,Y25-44,N_GE1,NR,SE	82730 	: 
NTIME_WRK_STU,Y25-44,N_GE1,NR,SI	36446 	: 
NTIME_WRK_STU,Y25-44,N_GE1,NR,SK	99999 	: 
NTIME_WRK_STU,Y25-44,N_GE1,NR,UK	825280 	: 
NTIME_WRK_STU,Y35-44,N_GE1,NR,AT	92666 u	: 
NTIME_WRK_STU,Y35-44,N_GE1,NR,BE	120438 	: 
NTIME_WRK_STU,Y35-44,N_GE1,NR,BG	180938 	: 
NTIME_WRK_STU,Y35-44,N_GE1,NR,CH	12212 u	: 
NTIME_WRK_STU,Y35-44,N_GE1,NR,CY	5887 e	: 
NTIME_WRK_STU,Y35-44,N_GE1,NR,CZ	: c	: 
NTIME_WRK_STU,Y35-44,N_GE1,NR,DE	985319 u	: 
NTIME_WRK_STU,Y35-44,N_GE1,NR,DK	28833 	: 
NTIME_WRK_STU,Y35-44,N_GE1,NR,EA	3390584 	: 
NTIME_WRK_STU,Y35-44,N_GE1,NR,EE	: c	: 
NTIME_WRK_STU,Y35-44,N_GE1,NR,EL	146352 	: 
NTIME_WRK_STU,Y35-44,N_GE1,NR,ES	472695 	: 
NTIME_WRK_STU,Y35-44,N_GE1,NR,EU27	5435021 	: 
NTIME_WRK_STU,Y35-44,N_GE1,NR,EU28	5481081 	: 
NTIME_WRK_STU,Y35-44,N_GE1,NR,FI	0 	: 
NTIME_WRK_STU,Y35-44,N_GE1,NR,FR	237569 	: 
NTIME_WRK_STU,Y35-44,N_GE1,NR,HR	46060 	: 
NTIME_WRK_STU,Y35-44,N_GE1,NR,HU	79781 	: 
NTIME_WRK_STU,Y35-44,N_GE1,NR,IE	20965 	: 
NTIME_WRK_STU,Y35-44,N_GE1,NR,IT	797443 	: 
NTIME_WRK_STU,Y35-44,N_GE1,NR,LT	3360 	: 
NTIME_WRK_STU,Y35-44,N_GE1,NR,LU	: c	: 
NTIME_WRK_STU,Y35-44,N_GE1,NR,LV	15157 	: 
NTIME_WRK_STU,Y35-44,N_GE1,NR,ME	: c	: 
NTIME_WRK_STU,Y35-44,N_GE1,NR,MT	: c	: 
NTIME_WRK_STU,Y35-44,N_GE1,NR,NL	25328 	: 
NTIME_WRK_STU,Y35-44,N_GE1,NR,PL	775027 	: 
NTIME_WRK_STU,Y35-44,N_GE1,NR,PT	390368 	: 
NTIME_WRK_STU,Y35-44,N_GE1,NR,RO	451852 	: 
NTIME_WRK_STU,Y35-44,N_GE1,NR,SE	20476 	: 
NTIME_WRK_STU,Y35-44,N_GE1,NR,SI	19425 	: 
NTIME_WRK_STU,Y35-44,N_GE1,NR,SK	63838 	: 
NTIME_WRK_STU,Y35-44,N_GE1,NR,UK	434110 	: 
NTIME_WRK_STU,Y45-54,N_GE1,NR,AT	112477 	: 
NTIME_WRK_STU,Y45-54,N_GE1,NR,BE	247637 	: 
NTIME_WRK_STU,Y45-54,N_GE1,NR,BG	203864 	: 
NTIME_WRK_STU,Y45-54,N_GE1,NR,CH	32017 u	: 
NTIME_WRK_STU,Y45-54,N_GE1,NR,CY	6688 e	: 
NTIME_WRK_STU,Y45-54,N_GE1,NR,CZ	: c	: 
NTIME_WRK_STU,Y45-54,N_GE1,NR,DE	878369 u	: 
NTIME_WRK_STU,Y45-54,N_GE1,NR,DK	17112 	: 
NTIME_WRK_STU,Y45-54,N_GE1,NR,EA	3398859 	: 
NTIME_WRK_STU,Y45-54,N_GE1,NR,EE	: c	: 
NTIME_WRK_STU,Y45-54,N_GE1,NR,EL	146448 	: 
NTIME_WRK_STU,Y45-54,N_GE1,NR,ES	469153 	: 
NTIME_WRK_STU,Y45-54,N_GE1,NR,EU27	5407417 	: 
NTIME_WRK_STU,Y45-54,N_GE1,NR,EU28	5467409 	: 
NTIME_WRK_STU,Y45-54,N_GE1,NR,FI	: c	: 
NTIME_WRK_STU,Y45-54,N_GE1,NR,FR	259313 	: 
NTIME_WRK_STU,Y45-54,N_GE1,NR,HR	59992 	: 
NTIME_WRK_STU,Y45-54,N_GE1,NR,HU	83414 	: 
NTIME_WRK_STU,Y45-54,N_GE1,NR,IE	15723 	: 
NTIME_WRK_STU,Y45-54,N_GE1,NR,IT	782704 	: 
NTIME_WRK_STU,Y45-54,N_GE1,NR,LT	22387 	: 
NTIME_WRK_STU,Y45-54,N_GE1,NR,LU	: c	: 
NTIME_WRK_STU,Y45-54,N_GE1,NR,LV	12617 	: 
NTIME_WRK_STU,Y45-54,N_GE1,NR,ME	: c	: 
NTIME_WRK_STU,Y45-54,N_GE1,NR,MT	: c	: 
NTIME_WRK_STU,Y45-54,N_GE1,NR,NL	31325 	: 
NTIME_WRK_STU,Y45-54,N_GE1,NR,PL	714537 	: 
NTIME_WRK_STU,Y45-54,N_GE1,NR,PT	353358 	: 
NTIME_WRK_STU,Y45-54,N_GE1,NR,RO	457523 	: 
NTIME_WRK_STU,Y45-54,N_GE1,NR,SE	24380 	: 
NTIME_WRK_STU,Y45-54,N_GE1,NR,SI	34603 	: 
NTIME_WRK_STU,Y45-54,N_GE1,NR,SK	33549 	: 
NTIME_WRK_STU,Y45-54,N_GE1,NR,UK	437600 	: 
NTIME_WRK_STU,Y45-64,N_GE1,NR,AT	176745 	: 
NTIME_WRK_STU,Y45-64,N_GE1,NR,BE	394295 	: 
NTIME_WRK_STU,Y45-64,N_GE1,NR,BG	319539 	: 
NTIME_WRK_STU,Y45-64,N_GE1,NR,CH	46992 u	: 
NTIME_WRK_STU,Y45-64,N_GE1,NR,CY	11192 e	: 
NTIME_WRK_STU,Y45-64,N_GE1,NR,CZ	61093 u	: 
NTIME_WRK_STU,Y45-64,N_GE1,NR,DE	1745569 	: 
NTIME_WRK_STU,Y45-64,N_GE1,NR,DK	36445 	: 
NTIME_WRK_STU,Y45-64,N_GE1,NR,EA	5831488 	: 
NTIME_WRK_STU,Y45-64,N_GE1,NR,EE	: c	: 
NTIME_WRK_STU,Y45-64,N_GE1,NR,EL	241922 	: 
NTIME_WRK_STU,Y45-64,N_GE1,NR,ES	688401 	: 
NTIME_WRK_STU,Y45-64,N_GE1,NR,EU27	9109840 	: 
NTIME_WRK_STU,Y45-64,N_GE1,NR,EU28	9231893 	: 
NTIME_WRK_STU,Y45-64,N_GE1,NR,FI	: c	: 
NTIME_WRK_STU,Y45-64,N_GE1,NR,FR	411124 	: 
NTIME_WRK_STU,Y45-64,N_GE1,NR,HR	122053 	: 
NTIME_WRK_STU,Y45-64,N_GE1,NR,HU	175575 	: 
NTIME_WRK_STU,Y45-64,N_GE1,NR,IE	26375 	: 
NTIME_WRK_STU,Y45-64,N_GE1,NR,IT	1386293 	: 
NTIME_WRK_STU,Y45-64,N_GE1,NR,LT	55577 	: 
NTIME_WRK_STU,Y45-64,N_GE1,NR,LU	: c	: 
NTIME_WRK_STU,Y45-64,N_GE1,NR,LV	25382 	: 
NTIME_WRK_STU,Y45-64,N_GE1,NR,ME	: c	: 
NTIME_WRK_STU,Y45-64,N_GE1,NR,MT	: c	: 
NTIME_WRK_STU,Y45-64,N_GE1,NR,NL	56101 	: 
NTIME_WRK_STU,Y45-64,N_GE1,NR,PL	1193926 	: 
NTIME_WRK_STU,Y45-64,N_GE1,NR,PT	555025 	: 
NTIME_WRK_STU,Y45-64,N_GE1,NR,RO	655363 	: 
NTIME_WRK_STU,Y45-64,N_GE1,NR,SE	33502 	: 
NTIME_WRK_STU,Y45-64,N_GE1,NR,SI	52744 	: 
NTIME_WRK_STU,Y45-64,N_GE1,NR,SK	33549 	: 
NTIME_WRK_STU,Y45-64,N_GE1,NR,UK	721950 	: 
NTIME_WRK_STU,Y55-64,N_GE1,NR,AT	64268 u	: 
NTIME_WRK_STU,Y55-64,N_GE1,NR,BE	146659 	: 
NTIME_WRK_STU,Y55-64,N_GE1,NR,BG	115675 	: 
NTIME_WRK_STU,Y55-64,N_GE1,NR,CH	14975 u	: 
NTIME_WRK_STU,Y55-64,N_GE1,NR,CY	4503 e	: 
NTIME_WRK_STU,Y55-64,N_GE1,NR,CZ	: c	: 
NTIME_WRK_STU,Y55-64,N_GE1,NR,DE	867200 u	: 
NTIME_WRK_STU,Y55-64,N_GE1,NR,DK	19333 	: 
NTIME_WRK_STU,Y55-64,N_GE1,NR,EA	2432629 	: 
NTIME_WRK_STU,Y55-64,N_GE1,NR,EE	: c	: 
NTIME_WRK_STU,Y55-64,N_GE1,NR,EL	95474 	: 
NTIME_WRK_STU,Y55-64,N_GE1,NR,ES	219248 	: 
NTIME_WRK_STU,Y55-64,N_GE1,NR,EU27	3702413 	: 
NTIME_WRK_STU,Y55-64,N_GE1,NR,EU28	3764475 	: 
NTIME_WRK_STU,Y55-64,N_GE1,NR,FI	: c	: 
NTIME_WRK_STU,Y55-64,N_GE1,NR,FR	151811 	: 
NTIME_WRK_STU,Y55-64,N_GE1,NR,HR	62062 	: 
NTIME_WRK_STU,Y55-64,N_GE1,NR,HU	92161 	: 
NTIME_WRK_STU,Y55-64,N_GE1,NR,IE	10652 	: 
NTIME_WRK_STU,Y55-64,N_GE1,NR,IT	603589 	: 
NTIME_WRK_STU,Y55-64,N_GE1,NR,LT	33190 	: 
NTIME_WRK_STU,Y55-64,N_GE1,NR,LU	: c	: 
NTIME_WRK_STU,Y55-64,N_GE1,NR,LV	12765 	: 
NTIME_WRK_STU,Y55-64,N_GE1,NR,ME	: c	: 
NTIME_WRK_STU,Y55-64,N_GE1,NR,MT	: c	: 
NTIME_WRK_STU,Y55-64,N_GE1,NR,NL	24777 	: 
NTIME_WRK_STU,Y55-64,N_GE1,NR,PL	479389 	: 
NTIME_WRK_STU,Y55-64,N_GE1,NR,PT	201667 	: 
NTIME_WRK_STU,Y55-64,N_GE1,NR,RO	197840 	: 
NTIME_WRK_STU,Y55-64,N_GE1,NR,SE	9122 	: 
NTIME_WRK_STU,Y55-64,N_GE1,NR,SI	18141 	: 
NTIME_WRK_STU,Y55-64,N_GE1,NR,SK	: c	: 
NTIME_WRK_STU,Y55-64,N_GE1,NR,UK	284340 	: 
NTIME_WRK_STU,Y_GE15,N_GE1,NR,AT	429894 	: 
NTIME_WRK_STU,Y_GE15,N_GE1,NR,BE	1021233 	: 
NTIME_WRK_STU,Y_GE15,N_GE1,NR,BG	786101 	: 
NTIME_WRK_STU,Y_GE15,N_GE1,NR,CH	94709 u	: 
NTIME_WRK_STU,Y_GE15,N_GE1,NR,CY	27675 e	: 
NTIME_WRK_STU,Y_GE15,N_GE1,NR,CZ	182168 	: 
NTIME_WRK_STU,Y_GE15,N_GE1,NR,DE	4401482 	: 
NTIME_WRK_STU,Y_GE15,N_GE1,NR,DK	103326 	: 
NTIME_WRK_STU,Y_GE15,N_GE1,NR,EA	16359553 	: 
NTIME_WRK_STU,Y_GE15,N_GE1,NR,EE	46860 u	: 
NTIME_WRK_STU,Y_GE15,N_GE1,NR,EL	592496 	: 
NTIME_WRK_STU,Y_GE15,N_GE1,NR,ES	1862929 	: 
NTIME_WRK_STU,Y_GE15,N_GE1,NR,EU27	25143695 	: 
NTIME_WRK_STU,Y_GE15,N_GE1,NR,EU28	25403201 	: 
NTIME_WRK_STU,Y_GE15,N_GE1,NR,FI	: c	: 
NTIME_WRK_STU,Y_GE15,N_GE1,NR,FR	1610939 	: 
NTIME_WRK_STU,Y_GE15,N_GE1,NR,HR	259506 	: 
NTIME_WRK_STU,Y_GE15,N_GE1,NR,HU	583299 	: 
NTIME_WRK_STU,Y_GE15,N_GE1,NR,IE	134325 	: 
NTIME_WRK_STU,Y_GE15,N_GE1,NR,IT	4094361 	: 
NTIME_WRK_STU,Y_GE15,N_GE1,NR,LT	110842 	: 
NTIME_WRK_STU,Y_GE15,N_GE1,NR,LU	7643 u	: 
NTIME_WRK_STU,Y_GE15,N_GE1,NR,LV	61907 	: 
NTIME_WRK_STU,Y_GE15,N_GE1,NR,ME	: c	: 
NTIME_WRK_STU,Y_GE15,N_GE1,NR,MT	16377 	: 
NTIME_WRK_STU,Y_GE15,N_GE1,NR,NL	227471 	: 
NTIME_WRK_STU,Y_GE15,N_GE1,NR,PL	3000622 	: 
NTIME_WRK_STU,Y_GE15,N_GE1,NR,PT	1589323 	: 
NTIME_WRK_STU,Y_GE15,N_GE1,NR,RO	1639025 	: 
NTIME_WRK_STU,Y_GE15,N_GE1,NR,SE	184332 	: 
NTIME_WRK_STU,Y_GE15,N_GE1,NR,SI	112280 	: 
NTIME_WRK_STU,Y_GE15,N_GE1,NR,SK	153038 	: 
NTIME_WRK_STU,Y_GE15,N_GE1,NR,UK	2132520 	: 
NTIME_WRK_STU,Y_GE65,N_GE1,NR,AT	: c	: 
NTIME_WRK_STU,Y_GE65,N_GE1,NR,BE	: c	: 
NTIME_WRK_STU,Y_GE65,N_GE1,NR,BG	11789 	: 
NTIME_WRK_STU,Y_GE65,N_GE1,NR,CH	3332 u	: 
NTIME_WRK_STU,Y_GE65,N_GE1,NR,CY	1069 u	: 
NTIME_WRK_STU,Y_GE65,N_GE1,NR,CZ	: c	: 
NTIME_WRK_STU,Y_GE65,N_GE1,NR,DE	: c	: 
NTIME_WRK_STU,Y_GE65,N_GE1,NR,DK	1850 	: 
NTIME_WRK_STU,Y_GE65,N_GE1,NR,EA	423190 	: 
NTIME_WRK_STU,Y_GE65,N_GE1,NR,EE	: c	: 
NTIME_WRK_STU,Y_GE65,N_GE1,NR,EL	27067 	: 
NTIME_WRK_STU,Y_GE65,N_GE1,NR,ES	47105 u	: 
NTIME_WRK_STU,Y_GE65,N_GE1,NR,EU27	906530 	: 
NTIME_WRK_STU,Y_GE65,N_GE1,NR,EU28	935395 	: 
NTIME_WRK_STU,Y_GE65,N_GE1,NR,FI	: c	: 
NTIME_WRK_STU,Y_GE65,N_GE1,NR,FR	43067 	: 
NTIME_WRK_STU,Y_GE65,N_GE1,NR,HR	28865 	: 
NTIME_WRK_STU,Y_GE65,N_GE1,NR,HU	188852 	: 
NTIME_WRK_STU,Y_GE65,N_GE1,NR,IE	4160 	: 
NTIME_WRK_STU,Y_GE65,N_GE1,NR,IT	130362 u	: 
NTIME_WRK_STU,Y_GE65,N_GE1,NR,LT	24847 	: 
NTIME_WRK_STU,Y_GE65,N_GE1,NR,LU	: c	: 
NTIME_WRK_STU,Y_GE65,N_GE1,NR,LV	2612 	: 
NTIME_WRK_STU,Y_GE65,N_GE1,NR,ME	: c	: 
NTIME_WRK_STU,Y_GE65,N_GE1,NR,MT	: c	: 
NTIME_WRK_STU,Y_GE65,N_GE1,NR,NL	4650 	: 
NTIME_WRK_STU,Y_GE65,N_GE1,NR,PL	46801 	: 
NTIME_WRK_STU,Y_GE65,N_GE1,NR,PT	54125 	: 
NTIME_WRK_STU,Y_GE65,N_GE1,NR,RO	51673 	: 
NTIME_WRK_STU,Y_GE65,N_GE1,NR,SE	7987 	: 
NTIME_WRK_STU,Y_GE65,N_GE1,NR,SI	12024 	: 
NTIME_WRK_STU,Y_GE65,N_GE1,NR,SK	: c	: 
NTIME_WRK_STU,Y_GE65,N_GE1,NR,UK	139200 	: 
NTIME_WRK_STU,Y_LT15,N_GE1,NR,CH	5273 u	: 
NTIME_WRK_STU,Y_LT15,N_GE1,NR,EA	: u	: 
NTIME_WRK_STU,Y_LT15,N_GE1,NR,EU27	: u	: 
NTIME_WRK_STU,Y_LT15,N_GE1,NR,EU28	: u	: 
NTIME_WRK_STU,Y_LT15,N_GE1,NR,HU	71944 	: 
NTIME_WRK_STU,Y_LT15,N_GE1,NR,NL	16706 	: 
NTIME_WRK_STU,Y_LT15,N_GE1,NR,PT	23818 	: 
OTH,Y15-24,N_GE1,NR,AT	: c	: 
OTH,Y15-24,N_GE1,NR,BE	181537 	: 
OTH,Y15-24,N_GE1,NR,BG	7345 	: 
OTH,Y15-24,N_GE1,NR,CH	0 u	: 
OTH,Y15-24,N_GE1,NR,CY	6366 u	: 
OTH,Y15-24,N_GE1,NR,CZ	: c	: 
OTH,Y15-24,N_GE1,NR,DE	0 	: 
OTH,Y15-24,N_GE1,NR,DK	41471 	: 
OTH,Y15-24,N_GE1,NR,EA	880581 	: 
OTH,Y15-24,N_GE1,NR,EE	: c	: 
OTH,Y15-24,N_GE1,NR,EL	91748 	: 
OTH,Y15-24,N_GE1,NR,ES	130239 u	: 
OTH,Y15-24,N_GE1,NR,EU27	1420886 	: 
OTH,Y15-24,N_GE1,NR,EU28	1462954 	: 
OTH,Y15-24,N_GE1,NR,FI	: c	: 
OTH,Y15-24,N_GE1,NR,FR	149101 	: 
OTH,Y15-24,N_GE1,NR,HR	42068 	: 
OTH,Y15-24,N_GE1,NR,HU	45087 	: 
OTH,Y15-24,N_GE1,NR,IE	8688 	: 
OTH,Y15-24,N_GE1,NR,IT	148584 u	: 
OTH,Y15-24,N_GE1,NR,LT	20606 	: 
OTH,Y15-24,N_GE1,NR,LU	: c	: 
OTH,Y15-24,N_GE1,NR,LV	447 	: 
OTH,Y15-24,N_GE1,NR,ME	: c	: 
OTH,Y15-24,N_GE1,NR,MT	3771 u	: 
OTH,Y15-24,N_GE1,NR,NL	35114 	: 
OTH,Y15-24,N_GE1,NR,PL	61321 	: 
OTH,Y15-24,N_GE1,NR,PT	100375 	: 
OTH,Y15-24,N_GE1,NR,RO	175827 	: 
OTH,Y15-24,N_GE1,NR,SE	27630 	: 
OTH,Y15-24,N_GE1,NR,SI	754 u	: 
OTH,Y15-24,N_GE1,NR,SK	: c	: 
OTH,Y15-24,N_GE1,NR,UK	144100 	: 
OTH,Y25-34,N_GE1,NR,AT	: c	: 
OTH,Y25-34,N_GE1,NR,BE	129366 	: 
OTH,Y25-34,N_GE1,NR,BG	10822 	: 
OTH,Y25-34,N_GE1,NR,CH	3445 u	: 
OTH,Y25-34,N_GE1,NR,CY	3785 u	: 
OTH,Y25-34,N_GE1,NR,CZ	: c	: 
OTH,Y25-34,N_GE1,NR,DE	: c	: 
OTH,Y25-34,N_GE1,NR,DK	47284 	: 
OTH,Y25-34,N_GE1,NR,EA	1025851 	: 
OTH,Y25-34,N_GE1,NR,EE	: c	: 
OTH,Y25-34,N_GE1,NR,EL	63292 	: 
OTH,Y25-34,N_GE1,NR,ES	: c	: 
OTH,Y25-34,N_GE1,NR,EU27	1544740 	: 
OTH,Y25-34,N_GE1,NR,EU28	1557491 	: 
OTH,Y25-34,N_GE1,NR,FI	: c	: 
OTH,Y25-34,N_GE1,NR,FR	113261 	: 
OTH,Y25-34,N_GE1,NR,HR	12751 	: 
OTH,Y25-34,N_GE1,NR,HU	45851 	: 
OTH,Y25-34,N_GE1,NR,IE	9598 	: 
OTH,Y25-34,N_GE1,NR,IT	200510 u	: 
OTH,Y25-34,N_GE1,NR,LT	82029 	: 
OTH,Y25-34,N_GE1,NR,LU	: c	: 
OTH,Y25-34,N_GE1,NR,LV	3913 	: 
OTH,Y25-34,N_GE1,NR,ME	: c	: 
OTH,Y25-34,N_GE1,NR,MT	: c	: 
OTH,Y25-34,N_GE1,NR,NL	34979 	: 
OTH,Y25-34,N_GE1,NR,PL	113736 	: 
OTH,Y25-34,N_GE1,NR,PT	76873 	: 
OTH,Y25-34,N_GE1,NR,RO	77459 	: 
OTH,Y25-34,N_GE1,NR,SE	32017 	: 
OTH,Y25-34,N_GE1,NR,SI	1829 u	: 
OTH,Y25-34,N_GE1,NR,SK	18017 u	: 
OTH,Y25-34,N_GE1,NR,UK	101800 	: 
OTH,Y25-44,N_GE1,NR,AT	: c	: 
OTH,Y25-44,N_GE1,NR,BE	213985 	: 
OTH,Y25-44,N_GE1,NR,BG	32794 	: 
OTH,Y25-44,N_GE1,NR,CH	17249 u	: 
OTH,Y25-44,N_GE1,NR,CY	7321 e	: 
OTH,Y25-44,N_GE1,NR,CZ	: c	: 
OTH,Y25-44,N_GE1,NR,DE	: c	: 
OTH,Y25-44,N_GE1,NR,DK	74904 	: 
OTH,Y25-44,N_GE1,NR,EA	2054245 	: 
OTH,Y25-44,N_GE1,NR,EE	: c	: 
OTH,Y25-44,N_GE1,NR,EL	109055 	: 
OTH,Y25-44,N_GE1,NR,ES	222935 	: 
OTH,Y25-44,N_GE1,NR,EU27	3082813 	: 
OTH,Y25-44,N_GE1,NR,EU28	3107054 	: 
OTH,Y25-44,N_GE1,NR,FI	: c	: 
OTH,Y25-44,N_GE1,NR,FR	250020 	: 
OTH,Y25-44,N_GE1,NR,HR	24241 	: 
OTH,Y25-44,N_GE1,NR,HU	98012 	: 
OTH,Y25-44,N_GE1,NR,IE	30563 	: 
OTH,Y25-44,N_GE1,NR,IT	418092 	: 
OTH,Y25-44,N_GE1,NR,LT	164401 	: 
OTH,Y25-44,N_GE1,NR,LU	: c	: 
OTH,Y25-44,N_GE1,NR,LV	4807 	: 
OTH,Y25-44,N_GE1,NR,ME	: c	: 
OTH,Y25-44,N_GE1,NR,MT	4138 u	: 
OTH,Y25-44,N_GE1,NR,NL	85039 	: 
OTH,Y25-44,N_GE1,NR,PL	215638 	: 
OTH,Y25-44,N_GE1,NR,PT	191363 	: 
OTH,Y25-44,N_GE1,NR,RO	158883 	: 
OTH,Y25-44,N_GE1,NR,SE	53561 	: 
OTH,Y25-44,N_GE1,NR,SI	2865 u	: 
OTH,Y25-44,N_GE1,NR,SK	78452 u	: 
OTH,Y25-44,N_GE1,NR,UK	212200 	: 
OTH,Y35-44,N_GE1,NR,AT	: c	: 
OTH,Y35-44,N_GE1,NR,BE	84618 u	: 
OTH,Y35-44,N_GE1,NR,BG	21972 	: 
OTH,Y35-44,N_GE1,NR,CH	13804 u	: 
OTH,Y35-44,N_GE1,NR,CY	3536 e	: 
OTH,Y35-44,N_GE1,NR,CZ	: c	: 
OTH,Y35-44,N_GE1,NR,DE	: c	: 
OTH,Y35-44,N_GE1,NR,DK	27620 	: 
OTH,Y35-44,N_GE1,NR,EA	1028393 	: 
OTH,Y35-44,N_GE1,NR,EE	: c	: 
OTH,Y35-44,N_GE1,NR,EL	45763 	: 
OTH,Y35-44,N_GE1,NR,ES	140998 	: 
OTH,Y35-44,N_GE1,NR,EU27	1537972 	: 
OTH,Y35-44,N_GE1,NR,EU28	1549462 	: 
OTH,Y35-44,N_GE1,NR,FI	: c	: 
OTH,Y35-44,N_GE1,NR,FR	136759 	: 
OTH,Y35-44,N_GE1,NR,HR	11490 	: 
OTH,Y35-44,N_GE1,NR,HU	52161 	: 
OTH,Y35-44,N_GE1,NR,IE	20965 	: 
OTH,Y35-44,N_GE1,NR,IT	217582 u	: 
OTH,Y35-44,N_GE1,NR,LT	82372 	: 
OTH,Y35-44,N_GE1,NR,LU	: c	: 
OTH,Y35-44,N_GE1,NR,LV	894 	: 
OTH,Y35-44,N_GE1,NR,ME	: c	: 
OTH,Y35-44,N_GE1,NR,MT	: c	: 
OTH,Y35-44,N_GE1,NR,NL	50060 	: 
OTH,Y35-44,N_GE1,NR,PL	101902 	: 
OTH,Y35-44,N_GE1,NR,PT	114490 	: 
OTH,Y35-44,N_GE1,NR,RO	81424 	: 
OTH,Y35-44,N_GE1,NR,SE	21544 	: 
OTH,Y35-44,N_GE1,NR,SI	1036 u	: 
OTH,Y35-44,N_GE1,NR,SK	60435 u	: 
OTH,Y35-44,N_GE1,NR,UK	110300 	: 
OTH,Y45-54,N_GE1,NR,AT	: c	: 
OTH,Y45-54,N_GE1,NR,BE	165738 	: 
OTH,Y45-54,N_GE1,NR,BG	23564 	: 
OTH,Y45-54,N_GE1,NR,CH	7762 u	: 
OTH,Y45-54,N_GE1,NR,CY	4461 e	: 
OTH,Y45-54,N_GE1,NR,CZ	: c	: 
OTH,Y45-54,N_GE1,NR,DE	: c	: 
OTH,Y45-54,N_GE1,NR,DK	43004 	: 
OTH,Y45-54,N_GE1,NR,EA	1510245 	: 
OTH,Y45-54,N_GE1,NR,EE	: c	: 
OTH,Y45-54,N_GE1,NR,EL	51694 	: 
OTH,Y45-54,N_GE1,NR,ES	84543 	: 
OTH,Y45-54,N_GE1,NR,EU27	2122028 	: 
OTH,Y45-54,N_GE1,NR,EU28	2139323 	: 
OTH,Y45-54,N_GE1,NR,FI	: c	: 
OTH,Y45-54,N_GE1,NR,FR	205993 	: 
OTH,Y45-54,N_GE1,NR,HR	17295 	: 
OTH,Y45-54,N_GE1,NR,HU	54536 	: 
OTH,Y45-54,N_GE1,NR,IE	16021 	: 
OTH,Y45-54,N_GE1,NR,IT	347776 	: 
OTH,Y45-54,N_GE1,NR,LT	68253 	: 
OTH,Y45-54,N_GE1,NR,LU	: c	: 
OTH,Y45-54,N_GE1,NR,LV	4593 	: 
OTH,Y45-54,N_GE1,NR,ME	: c	: 
OTH,Y45-54,N_GE1,NR,MT	: c	: 
OTH,Y45-54,N_GE1,NR,NL	67220 	: 
OTH,Y45-54,N_GE1,NR,PL	91812 	: 
OTH,Y45-54,N_GE1,NR,PT	116804 	: 
OTH,Y45-54,N_GE1,NR,RO	82862 	: 
OTH,Y45-54,N_GE1,NR,SE	51349 	: 
OTH,Y45-54,N_GE1,NR,SI	3545 u	: 
OTH,Y45-54,N_GE1,NR,SK	8012 u	: 
OTH,Y45-54,N_GE1,NR,UK	174600 	: 
OTH,Y45-64,N_GE1,NR,AT	34016 u	: 
OTH,Y45-64,N_GE1,NR,BE	337375 	: 
OTH,Y45-64,N_GE1,NR,BG	89212 	: 
OTH,Y45-64,N_GE1,NR,CH	31822 u	: 
OTH,Y45-64,N_GE1,NR,CY	9673 e	: 
OTH,Y45-64,N_GE1,NR,CZ	: c	: 
OTH,Y45-64,N_GE1,NR,DE	653680 u	: 
OTH,Y45-64,N_GE1,NR,DK	101643 	: 
OTH,Y45-64,N_GE1,NR,EA	2951833 	: 
OTH,Y45-64,N_GE1,NR,EE	: c	: 
OTH,Y45-64,N_GE1,NR,EL	113521 	: 
OTH,Y45-64,N_GE1,NR,ES	153912 	: 
OTH,Y45-64,N_GE1,NR,EU27	4187858 	: 
OTH,Y45-64,N_GE1,NR,EU28	4240649 	: 
OTH,Y45-64,N_GE1,NR,FI	: c	: 
OTH,Y45-64,N_GE1,NR,FR	555019 	: 
OTH,Y45-64,N_GE1,NR,HR	52791 	: 
OTH,Y45-64,N_GE1,NR,HU	114791 	: 
OTH,Y45-64,N_GE1,NR,IE	22090 	: 
OTH,Y45-64,N_GE1,NR,IT	688526 	: 
OTH,Y45-64,N_GE1,NR,LT	136888 	: 
OTH,Y45-64,N_GE1,NR,LU	6058 u	: 
OTH,Y45-64,N_GE1,NR,LV	5877 	: 
OTH,Y45-64,N_GE1,NR,ME	: c	: 
OTH,Y45-64,N_GE1,NR,MT	: c	: 
OTH,Y45-64,N_GE1,NR,NL	106584 	: 
OTH,Y45-64,N_GE1,NR,PL	217276 	: 
OTH,Y45-64,N_GE1,NR,PT	213252 	: 
OTH,Y45-64,N_GE1,NR,RO	163839 	: 
OTH,Y45-64,N_GE1,NR,SE	76330 	: 
OTH,Y45-64,N_GE1,NR,SI	5858 u	: 
OTH,Y45-64,N_GE1,NR,SK	18621 u	: 
OTH,Y45-64,N_GE1,NR,UK	297600 	: 
OTH,Y55-64,N_GE1,NR,AT	: c	: 
OTH,Y55-64,N_GE1,NR,BE	171637 	: 
OTH,Y55-64,N_GE1,NR,BG	65648 	: 
OTH,Y55-64,N_GE1,NR,CH	24060 u	: 
OTH,Y55-64,N_GE1,NR,CY	5212 e	: 
OTH,Y55-64,N_GE1,NR,CZ	: c	: 
OTH,Y55-64,N_GE1,NR,DE	: c	: 
OTH,Y55-64,N_GE1,NR,DK	58639 	: 
OTH,Y55-64,N_GE1,NR,EA	1441591 	: 
OTH,Y55-64,N_GE1,NR,EE	: c	: 
OTH,Y55-64,N_GE1,NR,EL	61828 	: 
OTH,Y55-64,N_GE1,NR,ES	69369 u	: 
OTH,Y55-64,N_GE1,NR,EU27	2065833 	: 
OTH,Y55-64,N_GE1,NR,EU28	2101329 	: 
OTH,Y55-64,N_GE1,NR,FI	: c	: 
OTH,Y55-64,N_GE1,NR,FR	349026 	: 
OTH,Y55-64,N_GE1,NR,HR	35496 	: 
OTH,Y55-64,N_GE1,NR,HU	60255 	: 
OTH,Y55-64,N_GE1,NR,IE	6070 	: 
OTH,Y55-64,N_GE1,NR,IT	340750 	: 
OTH,Y55-64,N_GE1,NR,LT	68635 	: 
OTH,Y55-64,N_GE1,NR,LU	: c	: 
OTH,Y55-64,N_GE1,NR,LV	1284 	: 
OTH,Y55-64,N_GE1,NR,ME	: c	: 
OTH,Y55-64,N_GE1,NR,MT	: c	: 
OTH,Y55-64,N_GE1,NR,NL	39364 	: 
OTH,Y55-64,N_GE1,NR,PL	125464 	: 
OTH,Y55-64,N_GE1,NR,PT	96448 	: 
OTH,Y55-64,N_GE1,NR,RO	80977 	: 
OTH,Y55-64,N_GE1,NR,SE	24981 	: 
OTH,Y55-64,N_GE1,NR,SI	2314 u	: 
OTH,Y55-64,N_GE1,NR,SK	10609 u	: 
OTH,Y55-64,N_GE1,NR,UK	123000 	: 
OTH,Y_GE15,N_GE1,NR,AT	100492 	: 
OTH,Y_GE15,N_GE1,NR,BE	897023 	: 
OTH,Y_GE15,N_GE1,NR,BG	255649 	: 
OTH,Y_GE15,N_GE1,NR,CH	94882 u	: 
OTH,Y_GE15,N_GE1,NR,CY	32314 e	: 
OTH,Y_GE15,N_GE1,NR,CZ	85927 u	: 
OTH,Y_GE15,N_GE1,NR,DE	1988673 	: 
OTH,Y_GE15,N_GE1,NR,DK	341671 	: 
OTH,Y_GE15,N_GE1,NR,EA	8906417 	: 
OTH,Y_GE15,N_GE1,NR,EE	41316 u	: 
OTH,Y_GE15,N_GE1,NR,EL	432580 	: 
OTH,Y_GE15,N_GE1,NR,ES	685359 	: 
OTH,Y_GE15,N_GE1,NR,EU27	12805350 	: 
OTH,Y_GE15,N_GE1,NR,EU28	12947100 	: 
OTH,Y_GE15,N_GE1,NR,FI	: c	: 
OTH,Y_GE15,N_GE1,NR,FR	1515301 	: 
OTH,Y_GE15,N_GE1,NR,HR	141750 	: 
OTH,Y_GE15,N_GE1,NR,HU	381363 	: 
OTH,Y_GE15,N_GE1,NR,IE	72132 	: 
OTH,Y_GE15,N_GE1,NR,IT	1858658 	: 
OTH,Y_GE15,N_GE1,NR,LT	418083 	: 
OTH,Y_GE15,N_GE1,NR,LU	16907 	: 
OTH,Y_GE15,N_GE1,NR,LV	12416 	: 
OTH,Y_GE15,N_GE1,NR,ME	: c	: 
OTH,Y_GE15,N_GE1,NR,MT	19117 	: 
OTH,Y_GE15,N_GE1,NR,NL	299704 	: 
OTH,Y_GE15,N_GE1,NR,PL	614499 	: 
OTH,Y_GE15,N_GE1,NR,PT	755878 	: 
OTH,Y_GE15,N_GE1,NR,RO	599003 	: 
OTH,Y_GE15,N_GE1,NR,SE	216902 	: 
OTH,Y_GE15,N_GE1,NR,SI	23482 	: 
OTH,Y_GE15,N_GE1,NR,SK	105758 	: 
OTH,Y_GE15,N_GE1,NR,UK	973420 	: 
OTH,Y_GE65,N_GE1,NR,AT	: c	: 
OTH,Y_GE65,N_GE1,NR,BE	164126 	: 
OTH,Y_GE65,N_GE1,NR,BG	126298 	: 
OTH,Y_GE65,N_GE1,NR,CH	45811 u	: 
OTH,Y_GE65,N_GE1,NR,CY	8954 e	: 
OTH,Y_GE65,N_GE1,NR,CZ	: c	: 
OTH,Y_GE65,N_GE1,NR,DE	949330 u	: 
OTH,Y_GE65,N_GE1,NR,DK	123653 	: 
OTH,Y_GE65,N_GE1,NR,EA	3019758 	: 
OTH,Y_GE65,N_GE1,NR,EE	: c	: 
OTH,Y_GE65,N_GE1,NR,EL	118256 	: 
OTH,Y_GE65,N_GE1,NR,ES	178272 	: 
OTH,Y_GE65,N_GE1,NR,EU27	4113891 	: 
OTH,Y_GE65,N_GE1,NR,EU28	4136541 	: 
OTH,Y_GE65,N_GE1,NR,FI	: c	: 
OTH,Y_GE65,N_GE1,NR,FR	561161 	: 
OTH,Y_GE65,N_GE1,NR,HR	22650 	: 
OTH,Y_GE65,N_GE1,NR,HU	123472 	: 
OTH,Y_GE65,N_GE1,NR,IE	10791 	: 
OTH,Y_GE65,N_GE1,NR,IT	603456 	: 
OTH,Y_GE65,N_GE1,NR,LT	96188 	: 
OTH,Y_GE65,N_GE1,NR,LU	3789 u	: 
OTH,Y_GE65,N_GE1,NR,LV	1285 	: 
OTH,Y_GE65,N_GE1,NR,ME	: c	: 
OTH,Y_GE65,N_GE1,NR,MT	7865 u	: 
OTH,Y_GE65,N_GE1,NR,NL	72967 	: 
OTH,Y_GE65,N_GE1,NR,PL	120263 	: 
OTH,Y_GE65,N_GE1,NR,PT	250888 	: 
OTH,Y_GE65,N_GE1,NR,RO	100454 	: 
OTH,Y_GE65,N_GE1,NR,SE	59381 	: 
OTH,Y_GE65,N_GE1,NR,SI	14005 	: 
OTH,Y_GE65,N_GE1,NR,SK	: c	: 
OTH,Y_GE65,N_GE1,NR,UK	319620 	: 
OTH,Y_LT15,N_GE1,NR,CH	0 u	: 
OTH,Y_LT15,N_GE1,NR,EA	: u	: 
OTH,Y_LT15,N_GE1,NR,EU27	: u	: 
OTH,Y_LT15,N_GE1,NR,EU28	: u	: 
OTH,Y_LT15,N_GE1,NR,HU	47037 	: 
OTH,Y_LT15,N_GE1,NR,NL	35284 	: 
OTH,Y_LT15,N_GE1,NR,PT	14974 	: 
SAFE,Y15-24,N_GE1,NR,AT	: c	: 
SAFE,Y15-24,N_GE1,NR,BE	: c	: 
SAFE,Y15-24,N_GE1,NR,BG	0 	: 
SAFE,Y15-24,N_GE1,NR,CH	0 u	: 
SAFE,Y15-24,N_GE1,NR,CY	0 e	: 
SAFE,Y15-24,N_GE1,NR,CZ	: c	: 
SAFE,Y15-24,N_GE1,NR,DE	: c	: 
SAFE,Y15-24,N_GE1,NR,DK	0 	: 
SAFE,Y15-24,N_GE1,NR,EA	148305 	: 
SAFE,Y15-24,N_GE1,NR,EE	: c	: 
SAFE,Y15-24,N_GE1,NR,EL	: c	: 
SAFE,Y15-24,N_GE1,NR,ES	: c	: 
SAFE,Y15-24,N_GE1,NR,EU27	215939 	: 
SAFE,Y15-24,N_GE1,NR,EU28	215939 	: 
SAFE,Y15-24,N_GE1,NR,FI	: c	: 
SAFE,Y15-24,N_GE1,NR,FR	0 	: 
SAFE,Y15-24,N_GE1,NR,HR	0 	: 
SAFE,Y15-24,N_GE1,NR,HU	0 	: 
SAFE,Y15-24,N_GE1,NR,IE	0 	: 
SAFE,Y15-24,N_GE1,NR,IT	: c	: 
SAFE,Y15-24,N_GE1,NR,LT	383 	: 
SAFE,Y15-24,N_GE1,NR,LU	0 u	: 
SAFE,Y15-24,N_GE1,NR,LV	0 	: 
SAFE,Y15-24,N_GE1,NR,ME	: c	: 
SAFE,Y15-24,N_GE1,NR,MT	: c	: 
SAFE,Y15-24,N_GE1,NR,NL	5854 	: 
SAFE,Y15-24,N_GE1,NR,PL	8660 	: 
SAFE,Y15-24,N_GE1,NR,PT	12639 	: 
SAFE,Y15-24,N_GE1,NR,RO	7860 	: 
SAFE,Y15-24,N_GE1,NR,SE	16185 	: 
SAFE,Y15-24,N_GE1,NR,SI	829 u	: 
SAFE,Y15-24,N_GE1,NR,SK	: c	: 
SAFE,Y15-24,N_GE1,NR,UK	28430 	: 
SAFE,Y25-34,N_GE1,NR,AT	: c	: 
SAFE,Y25-34,N_GE1,NR,BE	: c	: 
SAFE,Y25-34,N_GE1,NR,BG	0 	: 
SAFE,Y25-34,N_GE1,NR,CH	0 u	: 
SAFE,Y25-34,N_GE1,NR,CY	0 e	: 
SAFE,Y25-34,N_GE1,NR,CZ	: c	: 
SAFE,Y25-34,N_GE1,NR,DE	: c	: 
SAFE,Y25-34,N_GE1,NR,DK	0 	: 
SAFE,Y25-34,N_GE1,NR,EA	266195 	: 
SAFE,Y25-34,N_GE1,NR,EE	: c	: 
SAFE,Y25-34,N_GE1,NR,EL	0 	: 
SAFE,Y25-34,N_GE1,NR,ES	: c	: 
SAFE,Y25-34,N_GE1,NR,EU27	332430 	: 
SAFE,Y25-34,N_GE1,NR,EU28	332430 	: 
SAFE,Y25-34,N_GE1,NR,FI	: c	: 
SAFE,Y25-34,N_GE1,NR,FR	6757 	: 
SAFE,Y25-34,N_GE1,NR,HR	0 	: 
SAFE,Y25-34,N_GE1,NR,HU	0 	: 
SAFE,Y25-34,N_GE1,NR,IE	0 	: 
SAFE,Y25-34,N_GE1,NR,IT	: c	: 
SAFE,Y25-34,N_GE1,NR,LT	164 	: 
SAFE,Y25-34,N_GE1,NR,LU	: c	: 
SAFE,Y25-34,N_GE1,NR,LV	0 	: 
SAFE,Y25-34,N_GE1,NR,ME	: c	: 
SAFE,Y25-34,N_GE1,NR,MT	: c	: 
SAFE,Y25-34,N_GE1,NR,NL	12668 	: 
SAFE,Y25-34,N_GE1,NR,PL	27397 	: 
SAFE,Y25-34,N_GE1,NR,PT	9866 	: 
SAFE,Y25-34,N_GE1,NR,RO	544 	: 
SAFE,Y25-34,N_GE1,NR,SE	7890 	: 
SAFE,Y25-34,N_GE1,NR,SI	451 u	: 
SAFE,Y25-34,N_GE1,NR,SK	: c	: 
SAFE,Y25-34,N_GE1,NR,UK	30240 	: 
SAFE,Y25-44,N_GE1,NR,AT	: c	: 
SAFE,Y25-44,N_GE1,NR,BE	: c	: 
SAFE,Y25-44,N_GE1,NR,BG	0 	: 
SAFE,Y25-44,N_GE1,NR,CH	0 u	: 
SAFE,Y25-44,N_GE1,NR,CY	: c	: 
SAFE,Y25-44,N_GE1,NR,CZ	: c	: 
SAFE,Y25-44,N_GE1,NR,DE	: c	: 
SAFE,Y25-44,N_GE1,NR,DK	0 	: 
SAFE,Y25-44,N_GE1,NR,EA	662539 	: 
SAFE,Y25-44,N_GE1,NR,EE	: c	: 
SAFE,Y25-44,N_GE1,NR,EL	0 	: 
SAFE,Y25-44,N_GE1,NR,ES	: c	: 
SAFE,Y25-44,N_GE1,NR,EU27	816564 	: 
SAFE,Y25-44,N_GE1,NR,EU28	816564 	: 
SAFE,Y25-44,N_GE1,NR,FI	: c	: 
SAFE,Y25-44,N_GE1,NR,FR	12989 	: 
SAFE,Y25-44,N_GE1,NR,HR	0 	: 
SAFE,Y25-44,N_GE1,NR,HU	0 	: 
SAFE,Y25-44,N_GE1,NR,IE	1461 	: 
SAFE,Y25-44,N_GE1,NR,IT	: c	: 
SAFE,Y25-44,N_GE1,NR,LT	336 	: 
SAFE,Y25-44,N_GE1,NR,LU	: c	: 
SAFE,Y25-44,N_GE1,NR,LV	0 	: 
SAFE,Y25-44,N_GE1,NR,ME	: c	: 
SAFE,Y25-44,N_GE1,NR,MT	: c	: 
SAFE,Y25-44,N_GE1,NR,NL	12668 	: 
SAFE,Y25-44,N_GE1,NR,PL	39495 	: 
SAFE,Y25-44,N_GE1,NR,PT	33996 	: 
SAFE,Y25-44,N_GE1,NR,RO	1789 	: 
SAFE,Y25-44,N_GE1,NR,SE	22926 	: 
SAFE,Y25-44,N_GE1,NR,SI	451 u	: 
SAFE,Y25-44,N_GE1,NR,SK	: c	: 
SAFE,Y25-44,N_GE1,NR,UK	82870 	: 
SAFE,Y35-44,N_GE1,NR,AT	: c	: 
SAFE,Y35-44,N_GE1,NR,BE	: c	: 
SAFE,Y35-44,N_GE1,NR,BG	0 	: 
SAFE,Y35-44,N_GE1,NR,CH	0 u	: 
SAFE,Y35-44,N_GE1,NR,CY	: c	: 
SAFE,Y35-44,N_GE1,NR,CZ	: c	: 
SAFE,Y35-44,N_GE1,NR,DE	: c	: 
SAFE,Y35-44,N_GE1,NR,DK	0 	: 
SAFE,Y35-44,N_GE1,NR,EA	397128 	: 
SAFE,Y35-44,N_GE1,NR,EE	: c	: 
SAFE,Y35-44,N_GE1,NR,EL	0 	: 
SAFE,Y35-44,N_GE1,NR,ES	: c	: 
SAFE,Y35-44,N_GE1,NR,EU27	484918 	: 
SAFE,Y35-44,N_GE1,NR,EU28	484918 	: 
SAFE,Y35-44,N_GE1,NR,FI	: c	: 
SAFE,Y35-44,N_GE1,NR,FR	7017 	: 
SAFE,Y35-44,N_GE1,NR,HR	0 	: 
SAFE,Y35-44,N_GE1,NR,HU	0 	: 
SAFE,Y35-44,N_GE1,NR,IE	1461 	: 
SAFE,Y35-44,N_GE1,NR,IT	: c	: 
SAFE,Y35-44,N_GE1,NR,LT	172 	: 
SAFE,Y35-44,N_GE1,NR,LU	0 u	: 
SAFE,Y35-44,N_GE1,NR,LV	0 	: 
SAFE,Y35-44,N_GE1,NR,ME	: c	: 
SAFE,Y35-44,N_GE1,NR,MT	: c	: 
SAFE,Y35-44,N_GE1,NR,NL	0 	: 
SAFE,Y35-44,N_GE1,NR,PL	12098 	: 
SAFE,Y35-44,N_GE1,NR,PT	24130 	: 
SAFE,Y35-44,N_GE1,NR,RO	1245 	: 
SAFE,Y35-44,N_GE1,NR,SE	15036 	: 
SAFE,Y35-44,N_GE1,NR,SI	0 u	: 
SAFE,Y35-44,N_GE1,NR,SK	: c	: 
SAFE,Y35-44,N_GE1,NR,UK	52630 	: 
SAFE,Y45-54,N_GE1,NR,AT	: c	: 
SAFE,Y45-54,N_GE1,NR,BE	: c	: 
SAFE,Y45-54,N_GE1,NR,BG	1347 	: 
SAFE,Y45-54,N_GE1,NR,CH	0 u	: 
SAFE,Y45-54,N_GE1,NR,CY	0 e	: 
SAFE,Y45-54,N_GE1,NR,CZ	: c	: 
SAFE,Y45-54,N_GE1,NR,DE	: c	: 
SAFE,Y45-54,N_GE1,NR,DK	0 	: 
SAFE,Y45-54,N_GE1,NR,EA	508344 	: 
SAFE,Y45-54,N_GE1,NR,EE	: c	: 
SAFE,Y45-54,N_GE1,NR,EL	: c	: 
SAFE,Y45-54,N_GE1,NR,ES	: c	: 
SAFE,Y45-54,N_GE1,NR,EU27	630764 	: 
SAFE,Y45-54,N_GE1,NR,EU28	630764 	: 
SAFE,Y45-54,N_GE1,NR,FI	: c	: 
SAFE,Y45-54,N_GE1,NR,FR	5971 	: 
SAFE,Y45-54,N_GE1,NR,HR	0 	: 
SAFE,Y45-54,N_GE1,NR,HU	0 	: 
SAFE,Y45-54,N_GE1,NR,IE	8283 	: 
SAFE,Y45-54,N_GE1,NR,IT	: c	: 
SAFE,Y45-54,N_GE1,NR,LT	692 	: 
SAFE,Y45-54,N_GE1,NR,LU	: c	: 
SAFE,Y45-54,N_GE1,NR,LV	0 	: 
SAFE,Y45-54,N_GE1,NR,ME	: c	: 
SAFE,Y45-54,N_GE1,NR,MT	: c	: 
SAFE,Y45-54,N_GE1,NR,NL	5094 	: 
SAFE,Y45-54,N_GE1,NR,PL	20344 	: 
SAFE,Y45-54,N_GE1,NR,PT	21208 	: 
SAFE,Y45-54,N_GE1,NR,RO	2328 	: 
SAFE,Y45-54,N_GE1,NR,SE	11209 	: 
SAFE,Y45-54,N_GE1,NR,SI	1442 u	: 
SAFE,Y45-54,N_GE1,NR,SK	4609 	: 
SAFE,Y45-54,N_GE1,NR,UK	86500 	: 
SAFE,Y45-64,N_GE1,NR,AT	62457 u	: 
SAFE,Y45-64,N_GE1,NR,BE	75930 u	: 
SAFE,Y45-64,N_GE1,NR,BG	2467 	: 
SAFE,Y45-64,N_GE1,NR,CH	0 u	: 
SAFE,Y45-64,N_GE1,NR,CY	: c	: 
SAFE,Y45-64,N_GE1,NR,CZ	: c	: 
SAFE,Y45-64,N_GE1,NR,DE	716875 u	: 
SAFE,Y45-64,N_GE1,NR,DK	0 	: 
SAFE,Y45-64,N_GE1,NR,EA	1056857 	: 
SAFE,Y45-64,N_GE1,NR,EE	: c	: 
SAFE,Y45-64,N_GE1,NR,EL	: c	: 
SAFE,Y45-64,N_GE1,NR,ES	: c	: 
SAFE,Y45-64,N_GE1,NR,EU27	1375865 	: 
SAFE,Y45-64,N_GE1,NR,EU28	1377167 	: 
SAFE,Y45-64,N_GE1,NR,FI	: c	: 
SAFE,Y45-64,N_GE1,NR,FR	18563 	: 
SAFE,Y45-64,N_GE1,NR,HR	1302 	: 
SAFE,Y45-64,N_GE1,NR,HU	0 	: 
SAFE,Y45-64,N_GE1,NR,IE	16878 	: 
SAFE,Y45-64,N_GE1,NR,IT	: c	: 
SAFE,Y45-64,N_GE1,NR,LT	13848 	: 
SAFE,Y45-64,N_GE1,NR,LU	: c	: 
SAFE,Y45-64,N_GE1,NR,LV	0 	: 
SAFE,Y45-64,N_GE1,NR,ME	: c	: 
SAFE,Y45-64,N_GE1,NR,MT	: c	: 
SAFE,Y45-64,N_GE1,NR,NL	15295 	: 
SAFE,Y45-64,N_GE1,NR,PL	52624 	: 
SAFE,Y45-64,N_GE1,NR,PT	56760 	: 
SAFE,Y45-64,N_GE1,NR,RO	3313 	: 
SAFE,Y45-64,N_GE1,NR,SE	15493 	: 
SAFE,Y45-64,N_GE1,NR,SI	2628 u	: 
SAFE,Y45-64,N_GE1,NR,SK	18184 	: 
SAFE,Y45-64,N_GE1,NR,UK	223510 	: 
SAFE,Y55-64,N_GE1,NR,AT	31600 u	: 
SAFE,Y55-64,N_GE1,NR,BE	: c	: 
SAFE,Y55-64,N_GE1,NR,BG	1120 	: 
SAFE,Y55-64,N_GE1,NR,CH	0 u	: 
SAFE,Y55-64,N_GE1,NR,CY	: c	: 
SAFE,Y55-64,N_GE1,NR,CZ	: c	: 
SAFE,Y55-64,N_GE1,NR,DE	: c	: 
SAFE,Y55-64,N_GE1,NR,DK	0 	: 
SAFE,Y55-64,N_GE1,NR,EA	548511 	: 
SAFE,Y55-64,N_GE1,NR,EE	: c	: 
SAFE,Y55-64,N_GE1,NR,EL	: c	: 
SAFE,Y55-64,N_GE1,NR,ES	: c	: 
SAFE,Y55-64,N_GE1,NR,EU27	745100 	: 
SAFE,Y55-64,N_GE1,NR,EU28	746402 	: 
SAFE,Y55-64,N_GE1,NR,FI	: c	: 
SAFE,Y55-64,N_GE1,NR,FR	12591 	: 
SAFE,Y55-64,N_GE1,NR,HR	1302 	: 
SAFE,Y55-64,N_GE1,NR,HU	0 	: 
SAFE,Y55-64,N_GE1,NR,IE	8595 	: 
SAFE,Y55-64,N_GE1,NR,IT	: c	: 
SAFE,Y55-64,N_GE1,NR,LT	13156 	: 
SAFE,Y55-64,N_GE1,NR,LU	0 u	: 
SAFE,Y55-64,N_GE1,NR,LV	0 	: 
SAFE,Y55-64,N_GE1,NR,ME	: c	: 
SAFE,Y55-64,N_GE1,NR,MT	: c	: 
SAFE,Y55-64,N_GE1,NR,NL	10201 	: 
SAFE,Y55-64,N_GE1,NR,PL	32280 	: 
SAFE,Y55-64,N_GE1,NR,PT	35552 	: 
SAFE,Y55-64,N_GE1,NR,RO	985 	: 
SAFE,Y55-64,N_GE1,NR,SE	4285 	: 
SAFE,Y55-64,N_GE1,NR,SI	1186 u	: 
SAFE,Y55-64,N_GE1,NR,SK	13575 	: 
SAFE,Y55-64,N_GE1,NR,UK	137010 	: 
SAFE,Y_GE15,N_GE1,NR,AT	174306 	: 
SAFE,Y_GE15,N_GE1,NR,BE	158030 	: 
SAFE,Y_GE15,N_GE1,NR,BG	6064 	: 
SAFE,Y_GE15,N_GE1,NR,CH	6211 u	: 
SAFE,Y_GE15,N_GE1,NR,CY	928 u	: 
SAFE,Y_GE15,N_GE1,NR,CZ	: c	: 
SAFE,Y_GE15,N_GE1,NR,DE	2317686 	: 
SAFE,Y_GE15,N_GE1,NR,DK	0 	: 
SAFE,Y_GE15,N_GE1,NR,EA	3301204 	: 
SAFE,Y_GE15,N_GE1,NR,EE	: c	: 
SAFE,Y_GE15,N_GE1,NR,EL	34429 	: 
SAFE,Y_GE15,N_GE1,NR,ES	: c	: 
SAFE,Y_GE15,N_GE1,NR,EU27	4324688 	: 
SAFE,Y_GE15,N_GE1,NR,EU28	4327121 	: 
SAFE,Y_GE15,N_GE1,NR,FI	: c	: 
SAFE,Y_GE15,N_GE1,NR,FR	129835 	: 
SAFE,Y_GE15,N_GE1,NR,HR	2433 	: 
SAFE,Y_GE15,N_GE1,NR,HU	0 	: 
SAFE,Y_GE15,N_GE1,NR,IE	28580 	: 
SAFE,Y_GE15,N_GE1,NR,IT	: c	: 
SAFE,Y_GE15,N_GE1,NR,LT	32182 	: 
SAFE,Y_GE15,N_GE1,NR,LU	: c	: 
SAFE,Y_GE15,N_GE1,NR,LV	0 	: 
SAFE,Y_GE15,N_GE1,NR,ME	: c	: 
SAFE,Y_GE15,N_GE1,NR,MT	6489 u	: 
SAFE,Y_GE15,N_GE1,NR,NL	52155 	: 
SAFE,Y_GE15,N_GE1,NR,PL	290081 	: 
SAFE,Y_GE15,N_GE1,NR,PT	169745 	: 
SAFE,Y_GE15,N_GE1,NR,RO	16736 	: 
SAFE,Y_GE15,N_GE1,NR,SE	62423 	: 
SAFE,Y_GE15,N_GE1,NR,SI	8975 u	: 
SAFE,Y_GE15,N_GE1,NR,SK	64082 	: 
SAFE,Y_GE15,N_GE1,NR,UK	581600 	: 
SAFE,Y_GE65,N_GE1,NR,AT	65246 u	: 
SAFE,Y_GE65,N_GE1,NR,BE	: c	: 
SAFE,Y_GE65,N_GE1,NR,BG	3597 	: 
SAFE,Y_GE65,N_GE1,NR,CH	6211 u	: 
SAFE,Y_GE65,N_GE1,NR,CY	: c	: 
SAFE,Y_GE65,N_GE1,NR,CZ	: c	: 
SAFE,Y_GE65,N_GE1,NR,DE	1039236 u	: 
SAFE,Y_GE65,N_GE1,NR,DK	0 	: 
SAFE,Y_GE65,N_GE1,NR,EA	1432715 	: 
SAFE,Y_GE65,N_GE1,NR,EE	: c	: 
SAFE,Y_GE65,N_GE1,NR,EL	22325 u	: 
SAFE,Y_GE65,N_GE1,NR,ES	: c	: 
SAFE,Y_GE65,N_GE1,NR,EU27	1915532 	: 
SAFE,Y_GE65,N_GE1,NR,EU28	1916663 	: 
SAFE,Y_GE65,N_GE1,NR,FI	: c	: 
SAFE,Y_GE65,N_GE1,NR,FR	97498 	: 
SAFE,Y_GE65,N_GE1,NR,HR	1131 	: 
SAFE,Y_GE65,N_GE1,NR,HU	0 	: 
SAFE,Y_GE65,N_GE1,NR,IE	10241 	: 
SAFE,Y_GE65,N_GE1,NR,IT	: c	: 
SAFE,Y_GE65,N_GE1,NR,LT	17615 	: 
SAFE,Y_GE65,N_GE1,NR,LU	: c	: 
SAFE,Y_GE65,N_GE1,NR,LV	0 	: 
SAFE,Y_GE65,N_GE1,NR,ME	: c	: 
SAFE,Y_GE65,N_GE1,NR,MT	: c	: 
SAFE,Y_GE65,N_GE1,NR,NL	18337 	: 
SAFE,Y_GE65,N_GE1,NR,PL	189303 	: 
SAFE,Y_GE65,N_GE1,NR,PT	66351 	: 
SAFE,Y_GE65,N_GE1,NR,RO	3774 	: 
SAFE,Y_GE65,N_GE1,NR,SE	7818 	: 
SAFE,Y_GE65,N_GE1,NR,SI	5066 u	: 
SAFE,Y_GE65,N_GE1,NR,SK	36288 	: 
SAFE,Y_GE65,N_GE1,NR,UK	246790 	: 
SAFE,Y_LT15,N_GE1,NR,CH	0 u	: 
SAFE,Y_LT15,N_GE1,NR,EA	: u	: 
SAFE,Y_LT15,N_GE1,NR,EU27	: u	: 
SAFE,Y_LT15,N_GE1,NR,EU28	: u	: 
SAFE,Y_LT15,N_GE1,NR,HU	0 	: 
SAFE,Y_LT15,N_GE1,NR,NL	0 	: 
SAFE,Y_LT15,N_GE1,NR,PT	1533 	: 
TOTAL,Y15-24,N_GE1,NR,AT	136764 	: 
TOTAL,Y15-24,N_GE1,NR,BE	597098 	: 
TOTAL,Y15-24,N_GE1,NR,BG	360301 	: 
TOTAL,Y15-24,N_GE1,NR,CH	32623 u	: 
TOTAL,Y15-24,N_GE1,NR,CY	21127 e	: 
TOTAL,Y15-24,N_GE1,NR,CZ	121269 u	: 
TOTAL,Y15-24,N_GE1,NR,DE	1162729 u	: 
TOTAL,Y15-24,N_GE1,NR,DK	88907 	: 
TOTAL,Y15-24,N_GE1,NR,EA	10258152 	: 
TOTAL,Y15-24,N_GE1,NR,EE	: c	: 
TOTAL,Y15-24,N_GE1,NR,EL	632044 	: 
TOTAL,Y15-24,N_GE1,NR,ES	1120080 	: 
TOTAL,Y15-24,N_GE1,NR,EU27	17974688 	: 
TOTAL,Y15-24,N_GE1,NR,EU28	18149225 	: 
TOTAL,Y15-24,N_GE1,NR,FI	: c	: 
TOTAL,Y15-24,N_GE1,NR,FR	1980464 	: 
TOTAL,Y15-24,N_GE1,NR,HR	174537 	: 
TOTAL,Y15-24,N_GE1,NR,HU	453491 	: 
TOTAL,Y15-24,N_GE1,NR,IE	158796 	: 
TOTAL,Y15-24,N_GE1,NR,IT	3390574 	: 
TOTAL,Y15-24,N_GE1,NR,LT	81663 	: 
TOTAL,Y15-24,N_GE1,NR,LU	: c	: 
TOTAL,Y15-24,N_GE1,NR,LV	41015 	: 
TOTAL,Y15-24,N_GE1,NR,ME	: c	: 
TOTAL,Y15-24,N_GE1,NR,MT	14806 	: 
TOTAL,Y15-24,N_GE1,NR,NL	257855 	: 
TOTAL,Y15-24,N_GE1,NR,NO	: 	24700 
TOTAL,Y15-24,N_GE1,NR,PL	1348084 	: 
TOTAL,Y15-24,N_GE1,NR,PT	603374 	: 
TOTAL,Y15-24,N_GE1,NR,RO	1533787 	: 
TOTAL,Y15-24,N_GE1,NR,SE	261979 	: 
TOTAL,Y15-24,N_GE1,NR,SI	21825 	: 
TOTAL,Y15-24,N_GE1,NR,SK	121343 	: 
TOTAL,Y15-24,N_GE1,NR,UK	3426040 	: 
TOTAL,Y15-24,N_GE1,PC_POP,NO	: 	4.13 
TOTAL,Y25-34,N_GE1,NR,AT	176755 	: 
TOTAL,Y25-34,N_GE1,NR,BE	428164 	: 
TOTAL,Y25-34,N_GE1,NR,BG	459992 	: 
TOTAL,Y25-34,N_GE1,NR,CH	44688 u	: 
TOTAL,Y25-34,N_GE1,NR,CY	28778 e	: 
TOTAL,Y25-34,N_GE1,NR,CZ	194456 u	: 
TOTAL,Y25-34,N_GE1,NR,DE	2087867 u	: 
TOTAL,Y25-34,N_GE1,NR,DK	120606 	: 
TOTAL,Y25-34,N_GE1,NR,EA	11179832 	: 
TOTAL,Y25-34,N_GE1,NR,EE	: c	: 
TOTAL,Y25-34,N_GE1,NR,EL	695169 	: 
TOTAL,Y25-34,N_GE1,NR,ES	1340064 	: 
TOTAL,Y25-34,N_GE1,NR,EU27	19178784 	: 
TOTAL,Y25-34,N_GE1,NR,EU28	19371612 	: 
TOTAL,Y25-34,N_GE1,NR,FI	: c	: 
TOTAL,Y25-34,N_GE1,NR,FR	1814271 	: 
TOTAL,Y25-34,N_GE1,NR,HR	192828 	: 
TOTAL,Y25-34,N_GE1,NR,HU	461172 	: 
TOTAL,Y25-34,N_GE1,NR,IE	161398 	: 
TOTAL,Y25-34,N_GE1,NR,IT	3281605 	: 
TOTAL,Y25-34,N_GE1,NR,LT	102334 	: 
TOTAL,Y25-34,N_GE1,NR,LU	: c	: 
TOTAL,Y25-34,N_GE1,NR,LV	69338 	: 
TOTAL,Y25-34,N_GE1,NR,ME	: c	: 
TOTAL,Y25-34,N_GE1,NR,MT	18689 	: 
TOTAL,Y25-34,N_GE1,NR,NL	272314 	: 
TOTAL,Y25-34,N_GE1,NR,NO	: 	56700 
TOTAL,Y25-34,N_GE1,NR,PL	1851837 	: 
TOTAL,Y25-34,N_GE1,NR,PT	584226 	: 
TOTAL,Y25-34,N_GE1,NR,RO	1670119 	: 
TOTAL,Y25-34,N_GE1,NR,SE	320268 	: 
TOTAL,Y25-34,N_GE1,NR,SI	53810 	: 
TOTAL,Y25-34,N_GE1,NR,SK	173821 	: 
TOTAL,Y25-34,N_GE1,NR,UK	2748830 	: 
TOTAL,Y25-34,N_GE1,PC_POP,NO	: 	9.48 
TOTAL,Y25-44,N_GE1,NR,AT	399608 	: 
TOTAL,Y25-44,N_GE1,NR,BE	848880 	: 
TOTAL,Y25-44,N_GE1,NR,BG	1056921 	: 
TOTAL,Y25-44,N_GE1,NR,CH	114921 u	: 
TOTAL,Y25-44,N_GE1,NR,CY	56832 e	: 
TOTAL,Y25-44,N_GE1,NR,CZ	404329 	: 
TOTAL,Y25-44,N_GE1,NR,DE	4264344 	: 
TOTAL,Y25-44,N_GE1,NR,DK	216601 	: 
TOTAL,Y25-44,N_GE1,NR,EA	24098938 	: 
TOTAL,Y25-44,N_GE1,NR,EE	64673 u	: 
TOTAL,Y25-44,N_GE1,NR,EL	1583407 	: 
TOTAL,Y25-44,N_GE1,NR,ES	3350064 	: 
TOTAL,Y25-44,N_GE1,NR,EU27	41057974 	: 
TOTAL,Y25-44,N_GE1,NR,EU28	41547825 	: 
TOTAL,Y25-44,N_GE1,NR,FI	: c	: 
TOTAL,Y25-44,N_GE1,NR,FR	3508719 	: 
TOTAL,Y25-44,N_GE1,NR,HR	489851 	: 
TOTAL,Y25-44,N_GE1,NR,HU	985816 	: 
TOTAL,Y25-44,N_GE1,NR,IE	302025 	: 
TOTAL,Y25-44,N_GE1,NR,IT	7151739 	: 
TOTAL,Y25-44,N_GE1,NR,LT	192457 	: 
TOTAL,Y25-44,N_GE1,NR,LU	25966 u	: 
TOTAL,Y25-44,N_GE1,NR,LV	143265 	: 
TOTAL,Y25-44,N_GE1,NR,ME	: c	: 
TOTAL,Y25-44,N_GE1,NR,MT	36541 	: 
TOTAL,Y25-44,N_GE1,NR,NL	489156 	: 
TOTAL,Y25-44,N_GE1,NR,NO	: 	119900 
TOTAL,Y25-44,N_GE1,NR,PL	3810613 	: 
TOTAL,Y25-44,N_GE1,NR,PT	1398911 	: 
TOTAL,Y25-44,N_GE1,NR,RO	3795264 	: 
TOTAL,Y25-44,N_GE1,NR,SE	569710 	: 
TOTAL,Y25-44,N_GE1,NR,SI	101420 	: 
TOTAL,Y25-44,N_GE1,NR,SK	475918 	: 
TOTAL,Y25-44,N_GE1,NR,UK	5784060 	: 
TOTAL,Y25-44,N_GE1,PC_POP,NO	: 	8.59 
TOTAL,Y35-44,N_GE1,NR,AT	222853 	: 
TOTAL,Y35-44,N_GE1,NR,BE	420716 	: 
TOTAL,Y35-44,N_GE1,NR,BG	596929 	: 
TOTAL,Y35-44,N_GE1,NR,CH	70234 u	: 
TOTAL,Y35-44,N_GE1,NR,CY	28053 e	: 
TOTAL,Y35-44,N_GE1,NR,CZ	209873 	: 
TOTAL,Y35-44,N_GE1,NR,DE	2176477 	: 
TOTAL,Y35-44,N_GE1,NR,DK	95995 	: 
TOTAL,Y35-44,N_GE1,NR,EA	12919104 	: 
TOTAL,Y35-44,N_GE1,NR,EE	: c	: 
TOTAL,Y35-44,N_GE1,NR,EL	888238 	: 
TOTAL,Y35-44,N_GE1,NR,ES	2010000 	: 
TOTAL,Y35-44,N_GE1,NR,EU27	21879167 	: 
TOTAL,Y35-44,N_GE1,NR,EU28	22176190 	: 
TOTAL,Y35-44,N_GE1,NR,FI	: c	: 
TOTAL,Y35-44,N_GE1,NR,FR	1694448 	: 
TOTAL,Y35-44,N_GE1,NR,HR	297023 	: 
TOTAL,Y35-44,N_GE1,NR,HU	524644 	: 
TOTAL,Y35-44,N_GE1,NR,IE	140627 	: 
TOTAL,Y35-44,N_GE1,NR,IT	3870134 	: 
TOTAL,Y35-44,N_GE1,NR,LT	90123 	: 
TOTAL,Y35-44,N_GE1,NR,LU	17860 u	: 
TOTAL,Y35-44,N_GE1,NR,LV	73927 	: 
TOTAL,Y35-44,N_GE1,NR,ME	: c	: 
TOTAL,Y35-44,N_GE1,NR,MT	17852 	: 
TOTAL,Y35-44,N_GE1,NR,NL	216842 	: 
TOTAL,Y35-44,N_GE1,NR,NO	: 	63200 
TOTAL,Y35-44,N_GE1,NR,PL	1958776 	: 
TOTAL,Y35-44,N_GE1,NR,PT	814685 	: 
TOTAL,Y35-44,N_GE1,NR,RO	2125145 	: 
TOTAL,Y35-44,N_GE1,NR,SE	249441 	: 
TOTAL,Y35-44,N_GE1,NR,SI	47610 	: 
TOTAL,Y35-44,N_GE1,NR,SK	302097 	: 
TOTAL,Y35-44,N_GE1,NR,UK	3035210 	: 
TOTAL,Y35-44,N_GE1,PC_POP,NO	: 	7.92 
TOTAL,Y45-54,N_GE1,NR,AT	267176 	: 
TOTAL,Y45-54,N_GE1,NR,BE	797664 	: 
TOTAL,Y45-54,N_GE1,NR,BG	648842 	: 
TOTAL,Y45-54,N_GE1,NR,CH	115158 u	: 
TOTAL,Y45-54,N_GE1,NR,CY	34794 e	: 
TOTAL,Y45-54,N_GE1,NR,CZ	190531 	: 
TOTAL,Y45-54,N_GE1,NR,DE	2905978 	: 
TOTAL,Y45-54,N_GE1,NR,DK	116192 	: 
TOTAL,Y45-54,N_GE1,NR,EA	15796989 	: 
TOTAL,Y45-54,N_GE1,NR,EE	60069 u	: 
TOTAL,Y45-54,N_GE1,NR,EL	956643 	: 
TOTAL,Y45-54,N_GE1,NR,ES	2291684 	: 
TOTAL,Y45-54,N_GE1,NR,EU27	25418049 	: 
TOTAL,Y45-54,N_GE1,NR,EU28	25787668 	: 
TOTAL,Y45-54,N_GE1,NR,FI	: c	: 
TOTAL,Y45-54,N_GE1,NR,FR	1896154 	: 
TOTAL,Y45-54,N_GE1,NR,HR	369619 	: 
TOTAL,Y45-54,N_GE1,NR,HU	548531 	: 
TOTAL,Y45-54,N_GE1,NR,IE	138192 	: 
TOTAL,Y45-54,N_GE1,NR,IT	4941712 	: 
TOTAL,Y45-54,N_GE1,NR,LT	125660 	: 
TOTAL,Y45-54,N_GE1,NR,LU	10894 u	: 
TOTAL,Y45-54,N_GE1,NR,LV	95606 	: 
TOTAL,Y45-54,N_GE1,NR,ME	: c	: 
TOTAL,Y45-54,N_GE1,NR,MT	24222 	: 
TOTAL,Y45-54,N_GE1,NR,NL	333313 	: 
TOTAL,Y45-54,N_GE1,NR,NO	: 	44000 
TOTAL,Y45-54,N_GE1,NR,PL	2250947 	: 
TOTAL,Y45-54,N_GE1,NR,PT	822557 	: 
TOTAL,Y45-54,N_GE1,NR,RO	2092063 	: 
TOTAL,Y45-54,N_GE1,NR,SE	344228 	: 
TOTAL,Y45-54,N_GE1,NR,SI	89887 	: 
TOTAL,Y45-54,N_GE1,NR,SK	164604 	: 
TOTAL,Y45-54,N_GE1,NR,UK	3208460 	: 
TOTAL,Y45-54,N_GE1,PC_POP,NO	: 	6.78 
TOTAL,Y45-64,N_GE1,NR,AT	548442 	: 
TOTAL,Y45-64,N_GE1,NR,BE	1616643 	: 
TOTAL,Y45-64,N_GE1,NR,BG	1353112 	: 
TOTAL,Y45-64,N_GE1,NR,CH	229563 u	: 
TOTAL,Y45-64,N_GE1,NR,CY	76196 e	: 
TOTAL,Y45-64,N_GE1,NR,CZ	473816 	: 
TOTAL,Y45-64,N_GE1,NR,DE	5876680 	: 
TOTAL,Y45-64,N_GE1,NR,DK	253781 	: 
TOTAL,Y45-64,N_GE1,NR,EA	32181350 	: 
TOTAL,Y45-64,N_GE1,NR,EE	124745 	: 
TOTAL,Y45-64,N_GE1,NR,EL	1862859 	: 
TOTAL,Y45-64,N_GE1,NR,ES	4410831 	: 
TOTAL,Y45-64,N_GE1,NR,EU27	51301757 	: 
TOTAL,Y45-64,N_GE1,NR,EU28	52073846 	: 
TOTAL,Y45-64,N_GE1,NR,FI	127584 u	: 
TOTAL,Y45-64,N_GE1,NR,FR	4266486 	: 
TOTAL,Y45-64,N_GE1,NR,HR	772089 	: 
TOTAL,Y45-64,N_GE1,NR,HU	1154581 	: 
TOTAL,Y45-64,N_GE1,NR,IE	264991 	: 
TOTAL,Y45-64,N_GE1,NR,IT	9984345 	: 
TOTAL,Y45-64,N_GE1,NR,LT	353855 	: 
TOTAL,Y45-64,N_GE1,NR,LU	27043 	: 
TOTAL,Y45-64,N_GE1,NR,LV	214139 	: 
TOTAL,Y45-64,N_GE1,NR,ME	: c	: 
TOTAL,Y45-64,N_GE1,NR,MT	44664 	: 
TOTAL,Y45-64,N_GE1,NR,NL	651598 	: 
TOTAL,Y45-64,N_GE1,NR,NO	: 	85000 
TOTAL,Y45-64,N_GE1,NR,PL	5037481 	: 
TOTAL,Y45-64,N_GE1,NR,PT	1635531 	: 
TOTAL,Y45-64,N_GE1,NR,RO	4198533 	: 
TOTAL,Y45-64,N_GE1,NR,SE	518679 	: 
TOTAL,Y45-64,N_GE1,NR,SI	212249 	: 
TOTAL,Y45-64,N_GE1,NR,SK	448334 	: 
TOTAL,Y45-64,N_GE1,NR,UK	5562430 	: 
TOTAL,Y45-64,N_GE1,PC_POP,NO	: 	6.66 
TOTAL,Y55-64,N_GE1,NR,AT	281266 	: 
TOTAL,Y55-64,N_GE1,NR,BE	818979 	: 
TOTAL,Y55-64,N_GE1,NR,BG	704270 	: 
TOTAL,Y55-64,N_GE1,NR,CH	114405 u	: 
TOTAL,Y55-64,N_GE1,NR,CY	41401 e	: 
TOTAL,Y55-64,N_GE1,NR,CZ	283285 	: 
TOTAL,Y55-64,N_GE1,NR,DE	2970702 	: 
TOTAL,Y55-64,N_GE1,NR,DK	137589 	: 
TOTAL,Y55-64,N_GE1,NR,EA	16384360 	: 
TOTAL,Y55-64,N_GE1,NR,EE	64676 u	: 
TOTAL,Y55-64,N_GE1,NR,EL	906216 	: 
TOTAL,Y55-64,N_GE1,NR,ES	2119147 	: 
TOTAL,Y55-64,N_GE1,NR,EU27	25883687 	: 
TOTAL,Y55-64,N_GE1,NR,EU28	26286157 	: 
TOTAL,Y55-64,N_GE1,NR,FI	71756 u	: 
TOTAL,Y55-64,N_GE1,NR,FR	2370332 	: 
TOTAL,Y55-64,N_GE1,NR,HR	402470 	: 
TOTAL,Y55-64,N_GE1,NR,HU	606050 	: 
TOTAL,Y55-64,N_GE1,NR,IE	126799 	: 
TOTAL,Y55-64,N_GE1,NR,IT	5042633 	: 
TOTAL,Y55-64,N_GE1,NR,LT	228195 	: 
TOTAL,Y55-64,N_GE1,NR,LU	16149 	: 
TOTAL,Y55-64,N_GE1,NR,LV	118533 	: 
TOTAL,Y55-64,N_GE1,NR,ME	: c	: 
TOTAL,Y55-64,N_GE1,NR,MT	20442 	: 
TOTAL,Y55-64,N_GE1,NR,NL	318285 	: 
TOTAL,Y55-64,N_GE1,NR,NO	: 	41000 
TOTAL,Y55-64,N_GE1,NR,PL	2786534 	: 
TOTAL,Y55-64,N_GE1,NR,PT	812974 	: 
TOTAL,Y55-64,N_GE1,NR,RO	2106470 	: 
TOTAL,Y55-64,N_GE1,NR,SE	174451 	: 
TOTAL,Y55-64,N_GE1,NR,SI	122362 	: 
TOTAL,Y55-64,N_GE1,NR,SK	283730 	: 
TOTAL,Y55-64,N_GE1,NR,UK	2353950 	: 
TOTAL,Y55-64,N_GE1,PC_POP,NO	: 	6.53 
TOTAL,Y_GE15,N_GE1,NR,AT	1711778 	: 
TOTAL,Y_GE15,N_GE1,NR,BE	4129125 	: 
TOTAL,Y_GE15,N_GE1,NR,BG	4342865 	: 
TOTAL,Y_GE15,N_GE1,NR,CH	695956 	: 
TOTAL,Y_GE15,N_GE1,NR,CY	220244 e	: 
TOTAL,Y_GE15,N_GE1,NR,CZ	1714763 	: 
TOTAL,Y_GE15,N_GE1,NR,DE	17532690 	: 
TOTAL,Y_GE15,N_GE1,NR,DK	967828 	: 
TOTAL,Y_GE15,N_GE1,NR,EA	98342774 	: 
TOTAL,Y_GE15,N_GE1,NR,EE	345441 	: 
TOTAL,Y_GE15,N_GE1,NR,EL	5887825 	: 
TOTAL,Y_GE15,N_GE1,NR,ES	13357269 	: 
TOTAL,Y_GE15,N_GE1,NR,EU27	158597406 	: 
TOTAL,Y_GE15,N_GE1,NR,EU28	160632342 	: 
TOTAL,Y_GE15,N_GE1,NR,FI	381447 	: 
TOTAL,Y_GE15,N_GE1,NR,FR	13998000 	: 
TOTAL,Y_GE15,N_GE1,NR,HR	2034936 	: 
TOTAL,Y_GE15,N_GE1,NR,HU	3835783 	: 
TOTAL,Y_GE15,N_GE1,NR,IE	969893 	: 
TOTAL,Y_GE15,N_GE1,NR,IT	30254825 	: 
TOTAL,Y_GE15,N_GE1,NR,LT	1052629 	: 
TOTAL,Y_GE15,N_GE1,NR,LU	91805 	: 
TOTAL,Y_GE15,N_GE1,NR,LV	670069 	: 
TOTAL,Y_GE15,N_GE1,NR,ME	: c	: 
TOTAL,Y_GE15,N_GE1,NR,MT	156764 	: 
TOTAL,Y_GE15,N_GE1,NR,NL	2050037 	: 
TOTAL,Y_GE15,N_GE1,NR,NO	: 	332500 
TOTAL,Y_GE15,N_GE1,NR,PL	14003907 	: 
TOTAL,Y_GE15,N_GE1,NR,PT	5121971 	: 
TOTAL,Y_GE15,N_GE1,NR,RO	12533934 	: 
TOTAL,Y_GE15,N_GE1,NR,SE	1746274 	: 
TOTAL,Y_GE15,N_GE1,NR,SI	587146 	: 
TOTAL,Y_GE15,N_GE1,NR,SK	1555903 	: 
TOTAL,Y_GE15,N_GE1,NR,UK	19386580 	: 
TOTAL,Y_GE15,N_GE1,PC_POP,NO	: 	8.66 
TOTAL,Y_GE65,N_GE1,NR,AT	626965 	: 
TOTAL,Y_GE65,N_GE1,NR,BE	1066503 	: 
TOTAL,Y_GE65,N_GE1,NR,BG	1572531 	: 
TOTAL,Y_GE65,N_GE1,NR,CH	318848 	: 
TOTAL,Y_GE65,N_GE1,NR,CY	66090 e	: 
TOTAL,Y_GE65,N_GE1,NR,CZ	715349 	: 
TOTAL,Y_GE65,N_GE1,NR,DE	6228937 	: 
TOTAL,Y_GE65,N_GE1,NR,DK	408539 	: 
TOTAL,Y_GE65,N_GE1,NR,EA	31804335 	: 
TOTAL,Y_GE65,N_GE1,NR,EE	141760 	: 
TOTAL,Y_GE65,N_GE1,NR,EL	1809514 	: 
TOTAL,Y_GE65,N_GE1,NR,ES	4476294 	: 
TOTAL,Y_GE65,N_GE1,NR,EU27	48263000 	: 
TOTAL,Y_GE65,N_GE1,NR,EU28	48861460 	: 
TOTAL,Y_GE65,N_GE1,NR,FI	196989 u	: 
TOTAL,Y_GE65,N_GE1,NR,FR	4242330 	: 
TOTAL,Y_GE65,N_GE1,NR,HR	598460 	: 
TOTAL,Y_GE65,N_GE1,NR,HU	1241895 	: 
TOTAL,Y_GE65,N_GE1,NR,IE	244081 	: 
TOTAL,Y_GE65,N_GE1,NR,IT	9728167 	: 
TOTAL,Y_GE65,N_GE1,NR,LT	424654 	: 
TOTAL,Y_GE65,N_GE1,NR,LU	27481 	: 
TOTAL,Y_GE65,N_GE1,NR,LV	271651 	: 
TOTAL,Y_GE65,N_GE1,NR,ME	: c	: 
TOTAL,Y_GE65,N_GE1,NR,MT	60753 	: 
TOTAL,Y_GE65,N_GE1,NR,NL	651427 	: 
TOTAL,Y_GE65,N_GE1,NR,NO	: 	102800 
TOTAL,Y_GE65,N_GE1,NR,PL	3807729 	: 
TOTAL,Y_GE65,N_GE1,NR,PT	1484155 	: 
TOTAL,Y_GE65,N_GE1,NR,RO	3006350 	: 
TOTAL,Y_GE65,N_GE1,NR,SE	395907 	: 
TOTAL,Y_GE65,N_GE1,NR,SI	251652 	: 
TOTAL,Y_GE65,N_GE1,NR,SK	510308 	: 
TOTAL,Y_GE65,N_GE1,NR,UK	4614060 	: 
TOTAL,Y_GE65,N_GE1,PC_POP,NO	: 	17.98 
TOTAL,Y_LT15,N_GE1,NR,CH	13762 u	: 
TOTAL,Y_LT15,N_GE1,NR,EA	: u	: 
TOTAL,Y_LT15,N_GE1,NR,EU27	: u	: 
TOTAL,Y_LT15,N_GE1,NR,EU28	: u	: 
TOTAL,Y_LT15,N_GE1,NR,HU	473105 	: 
TOTAL,Y_LT15,N_GE1,NR,IT	4016421 	: 
TOTAL,Y_LT15,N_GE1,NR,NL	309137 	: 
TOTAL,Y_LT15,N_GE1,NR,PT	645370 	: 
