accommod,unit,geo\time	2017 	2016 	2015 	2014 	2013 	2012 
BEDPL,PC,AT	47 	41 	40 	28.3 	28.3 	28.3 
BEDPL,PC,AT1	47 	44 	43 	27 	25.7 	26.2 
BEDPL,PC,AT11	40 	37 	36 	7 	6.9 	7.2 
BEDPL,PC,AT12	32 	29 	28 	9.7 	9.2 	9.4 
BEDPL,PC,AT13	59 	56 	55 	44.3 	42.9 	45.3 
BEDPL,PC,AT2	39 	33 	32 	14.9 	14.8 	15 
BEDPL,PC,AT21	39 	31 	29 	16.9 	17.2 	17.5 
BEDPL,PC,AT22	39 	36 	35 	12.8 	12.3 	12.2 
BEDPL,PC,AT3	50 	42 	41 	33.2 	33.7 	33.4 
BEDPL,PC,AT31	36 	31 	30 	13.6 	13.7 	13.9 
BEDPL,PC,AT32	51 	43 	41 	31.4 	31.7 	31.6 
BEDPL,PC,AT33	52 	45 	44 	38.7 	39.2 	38.9 
BEDPL,PC,AT34	49 	41 	40 	33.4 	35.3 	34.4 
BEDPL,PC,BE	0.44 	40 	44.02 	: c	40.4 	39.8 
BEDPL,PC,BE1	0.47 	38 	48.55 	: c	46.1 	45.8 
BEDPL,PC,BE10	0.47 	38 	48.55 	: c	46.1 	45.8 
BEDPL,PC,BE2	0.44 	41 	43.74 	: c	40.8 	39.6 
BEDPL,PC,BE21	0.44 	41 	44.61 	: c	41.2 	40.8 
BEDPL,PC,BE22	0.38 	39 	38.21 	: c	33.9 	34.1 
BEDPL,PC,BE23	0.49 	44 	45.66 	: c	42.3 	40.7 
BEDPL,PC,BE24	0.38 	35 	39.57 	: c	38.8 	36.6 
BEDPL,PC,BE25	0.47 	44 	45.51 	: c	42.3 	41.1 
BEDPL,PC,BE3	0.39 	37 	37.52 	: c	31.4 	32 
BEDPL,PC,BE31	0.4 	42 	42.04 	: c	38.5 	39.5 
BEDPL,PC,BE32	0.45 	41 	43.13 	: c	38 	37.9 
BEDPL,PC,BE33	0.37 	36 	37.01 	: c	32 	32.2 
BEDPL,PC,BE34	0.32 	30 	31.65 	: c	24.8 	25.8 
BEDPL,PC,BE35	0.43 	37 	35.49 	: c	29.1 	30.4 
BEDPL,PC,BG	42 	41.5 	37 	37.8 	39.5 	38.8 
BEDPL,PC,BG3	45.5 	45.8 	40.8 	42.7 	45.8 	45.3 
BEDPL,PC,BG31	20.7 	19.7 	18.2 	18.3 	21.3 	19.6 
BEDPL,PC,BG32	21.3 	20.8 	18.1 	17.3 	18.3 	19.5 
BEDPL,PC,BG33	45.6 	46.4 	42.6 	44 	48.6 	47.9 
BEDPL,PC,BG34	52.7 	53.2 	47 	50 	52.3 	52.1 
BEDPL,PC,BG4	34.6 	32.6 	29.5 	28.4 	27.3 	26.2 
BEDPL,PC,BG41	36 	33.5 	30.5 	29.4 	28.2 	26.8 
BEDPL,PC,BG42	32.3 	31.3 	28 	27 	25.9 	25.2 
BEDPL,PC,CH	: 	41.6 	41.7 	42.2 	41.9 	40.8 
BEDPL,PC,CH0	: 	41.6 	41.7 	42.2 	41.9 	40.8 
BEDPL,PC,CH01	: 	43.62 	43.6 	44.2 	44.4 	43.7 
BEDPL,PC,CH02	: 	40.69 	41 	41.1 	40.4 	38.4 
BEDPL,PC,CH03	: 	39.59 	40.8 	41.8 	40.9 	39.1 
BEDPL,PC,CH04	: 	54.03 	53.9 	53.6 	53.2 	52.4 
BEDPL,PC,CH05	: 	34.82 	34.7 	36.7 	36.9 	36.3 
BEDPL,PC,CH06	: 	41.13 	42.7 	41.2 	40.2 	39 
BEDPL,PC,CH07	: 	41.07 	38.6 	39.8 	39.8 	38.6 
BEDPL,PC,CY	76.4 	71.3 	65.3 	61.6 	63 	64.5 
BEDPL,PC,CY0	76.4 	71.3 	65.3 	61.6 	63 	64.5 
BEDPL,PC,CY00	76.4 	71.3 	65.3 	61.6 	63 	64.5 
BEDPL,PC,CZ	49.9 	46.5 	36.2 	35.2 	34.8 	34.8 
BEDPL,PC,CZ0	49.9 	46.5 	36.2 	35.2 	34.8 	34.8 
BEDPL,PC,CZ01	67 	63.5 	55.1 	54.3 	53.8 	53.9 
BEDPL,PC,CZ02	35.3 	33.4 	27 	25.8 	24.7 	25 
BEDPL,PC,CZ03	44.2 	40 	28.6 	25.8 	24.4 	25.2 
BEDPL,PC,CZ04	50.5 	47.8 	38.4 	40.6 	40.8 	41.9 
BEDPL,PC,CZ05	44.9 	40.9 	27.7 	25.3 	26.2 	26.4 
BEDPL,PC,CZ06	36.5 	33.1 	24.7 	24.2 	23.2 	22.5 
BEDPL,PC,CZ07	38.5 	36.5 	27.6 	26.9 	26.3 	25.8 
BEDPL,PC,CZ08	36.3 	32.7 	24.2 	22.7 	23.2 	22 
BEDPL,PC,DE	44.8 	43.86 	42.99 	41.8 	40.6 	39.9 
BEDPL,PC,DE1	43.75 	43.6 	42.99 	41.4 	40.2 	39.9 
BEDPL,PC,DE11	43.22 	43.21 	42.73 	41.6 	39.5 	39.5 
BEDPL,PC,DE12	44.2 	43.6 	43.05 	41.4 	40.4 	39.9 
BEDPL,PC,DE13	43.71 	43.98 	43.63 	41.6 	40.6 	40.5 
BEDPL,PC,DE14	44.2 	43.58 	42.13 	40.8 	40.2 	39.5 
BEDPL,PC,DE2	45.17 	43.49 	42.69 	41.6 	40.6 	39.8 
BEDPL,PC,DE21	49.63 	47.17 	47.53 	46.6 	45.7 	44.5 
BEDPL,PC,DE22	41.24 	39.62 	37.95 	37.4 	36.2 	35.9 
BEDPL,PC,DE23	38.85 	37.73 	36.01 	34.8 	33.6 	32.8 
BEDPL,PC,DE24	36.27 	35.28 	33 	31.9 	31.9 	31.8 
BEDPL,PC,DE25	42.88 	42.52 	40.9 	40.2 	39 	38.9 
BEDPL,PC,DE26	40.08 	39.48 	38.75 	37 	35.3 	35.1 
BEDPL,PC,DE27	46.27 	45.07 	43.64 	41.8 	41.1 	40.8 
BEDPL,PC,DE3	60.26 	61.44 	61.22 	59 	57.2 	55.1 
BEDPL,PC,DE30	60.26 	61.44 	61.22 	59 	57.2 	55.1 
BEDPL,PC,DE4	40.27 	39.34 	37.94 	36.4 	35.2 	35.9 
BEDPL,PC,DE40	40.27 	39.34 	37.94 	36.4 	35.2 	35.9 
BEDPL,PC,DE5	46.38 	45.56 	44.48 	45.2 	43.8 	42.9 
BEDPL,PC,DE50	46.38 	45.56 	44.48 	45.2 	43.8 	42.9 
BEDPL,PC,DE6	61.8 	61.48 	60.7 	60.1 	59.4 	56.4 
BEDPL,PC,DE60	61.8 	61.48 	60.7 	60.1 	59.4 	56.4 
BEDPL,PC,DE7	43.55 	42.15 	41.97 	40.5 	39.5 	38.5 
BEDPL,PC,DE71	45.93 	44.84 	44.92 	43.3 	42 	40.7 
BEDPL,PC,DE72	35.85 	34.62 	33.45 	32.9 	32 	30.8 
BEDPL,PC,DE73	38.74 	36.49 	36.02 	34.9 	34.6 	35.1 
BEDPL,PC,DE8	46.62 	46.84 	45.24 	44.3 	42.3 	41.8 
BEDPL,PC,DE80	46.62 	46.84 	45.24 	44.3 	42.3 	41.8 
BEDPL,PC,DE9	39.7 	38.93 	37.9 	37.3 	36.6 	36.1 
BEDPL,PC,DE91	37.3 	36.76 	36.61 	36 	36.4 	36.5 
BEDPL,PC,DE92	38.7 	37.93 	36.93 	35.7 	35 	34.1 
BEDPL,PC,DE93	38.81 	38.26 	36.67 	35.7 	35.4 	35.2 
BEDPL,PC,DE94	42.84 	41.79 	40.52 	40.7 	39.1 	38.2 
BEDPL,PC,DEA	42.33 	41.09 	40.09 	39.1 	38.1 	37.5 
BEDPL,PC,DEA1	42.49 	42.48 	40.53 	40.6 	39.5 	38.7 
BEDPL,PC,DEA2	46.18 	43.79 	44.01 	42.4 	41 	40.1 
BEDPL,PC,DEA3	38.96 	37.23 	35.33 	34.6 	33.4 	33.6 
BEDPL,PC,DEA4	37.4 	36.27 	35.33 	34.1 	33.7 	33.1 
BEDPL,PC,DEA5	40.25 	39.14 	38.14 	36.5 	36.2 	36.2 
BEDPL,PC,DEB	37.01 	35.7 	34.54 	33.3 	32.5 	32 
BEDPL,PC,DEB1	36.89 	35.43 	34.2 	32.5 	30.9 	30.4 
BEDPL,PC,DEB2	35.74 	34.5 	33.32 	31.9 	31.4 	31.6 
BEDPL,PC,DEB3	37.97 	36.82 	35.79 	35.3 	35.4 	34.4 
BEDPL,PC,DEC	37.93 	35.9 	35.25 	33.5 	31.9 	31.8 
BEDPL,PC,DEC0	37.93 	35.9 	35.25 	33.5 	31.9 	31.8 
BEDPL,PC,DED	43.14 	41.78 	41.19 	41.2 	40.3 	39.7 
BEDPL,PC,DED2	44.83 	43.39 	42.67 	43.2 	41.7 	41.3 
BEDPL,PC,DED4	35.6 	34.24 	33.83 	34 	33.4 	33.4 
BEDPL,PC,DED5	48.11 	47.25 	46.62 	45.6 	45.4 	43.8 
BEDPL,PC,DEE	37.34 	35.86 	34.67 	34.3 	33.1 	33.7 
BEDPL,PC,DEE0	37.34 	35.86 	34.67 	34.3 	33.1 	33.7 
BEDPL,PC,DEF	49.61 	49.06 	47.19 	45.8 	43.1 	41.9 
BEDPL,PC,DEF0	49.61 	49.06 	47.19 	45.8 	43.1 	41.9 
BEDPL,PC,DEG	38.06 	36.66 	36.5 	36.6 	35.9 	36.6 
BEDPL,PC,DEG0	38.06 	36.66 	36.5 	36.6 	35.9 	36.6 
BEDPL,PC,DK	48 	48 	47 	44 	42 	40 
BEDPL,PC,DK0	48 	48 	47 	44 	42 	40 
BEDPL,PC,DK01	57 	56 	56 	52 	49 	46 
BEDPL,PC,DK02	36 	35 	34 	31 	30 	28 
BEDPL,PC,DK03	42 	42 	41 	39 	38 	37 
BEDPL,PC,DK04	41 	40 	39 	36 	35 	34 
BEDPL,PC,DK05	39 	39 	38 	35 	36 	35 
BEDPL,PC,EA	47.46 	46.96 	: 	: 	: 	: 
BEDPL,PC,EE	48 	47 	44 	44 	45 	45 
BEDPL,PC,EE0	48 	47 	44 	44 	45 	45 
BEDPL,PC,EE00	48 	47 	44 	44 	45 	45 
BEDPL,PC,EL	52.8 	50.1 	49.1 	47.3 	45.2 	43.2 
BEDPL,PC,EL3	50.5 	47.2 	47.1 	45.1 	37.3 	33.6 
BEDPL,PC,EL30	50.5 	47.2 	47.1 	45.1 	37.3 	33.6 
BEDPL,PC,EL4	62.7 	59.7 	59.1 	57.2 	55.7 	54.1 
BEDPL,PC,EL41	36.8 	33.4 	38.9 	35.9 	32.9 	29.9 
BEDPL,PC,EL42	62 	57.6 	59 	55.3 	53.8 	54.2 
BEDPL,PC,EL43	66.8 	65.2 	61.9 	62.1 	60.6 	57.3 
BEDPL,PC,EL5	42.7 	40.3 	39.9 	39 	36.6 	36.4 
BEDPL,PC,EL51	36.8 	35.5 	36.3 	34.4 	27.5 	29.8 
BEDPL,PC,EL52	49.1 	46.3 	45.6 	44.4 	43.4 	42.2 
BEDPL,PC,EL53	17.2 	15.9 	17 	17.8 	18.7 	17.2 
BEDPL,PC,EL54	30.6 	27.9 	26.4 	27.4 	26.4 	25.2 
BEDPL,PC,EL6	43.3 	41.4 	39.1 	37 	36.3 	34.2 
BEDPL,PC,EL61	31.8 	30.2 	29.6 	29.5 	26.6 	25.3 
BEDPL,PC,EL62	63.7 	62.1 	60 	54.2 	57.6 	53.9 
BEDPL,PC,EL63	36.4 	35.1 	33.5 	31.6 	29 	27.7 
BEDPL,PC,EL64	27.9 	25.6 	23.2 	21.9 	21.1 	20.7 
BEDPL,PC,EL65	32.2 	30.5 	27.4 	27.3 	25.3 	23.2 
BEDPL,PC,ES	62.62 	61.34 	58.08 	55.7 	54.1 	53 
BEDPL,PC,ES1	40.79 	38.86 	36.49 	33.1 	31.8 	30.4 
BEDPL,PC,ES11	38.96 	36.25 	33.92 	31 	29.7 	28.5 
BEDPL,PC,ES12	40.02 	39.6 	38.29 	33.7 	32.9 	31 
BEDPL,PC,ES13	49.35 	48.38 	44.11 	40.3 	38.5 	36.7 
BEDPL,PC,ES2	46.33 	44 	41.25 	37.9 	36.2 	35.7 
BEDPL,PC,ES21	55.06 	53.06 	51.66 	47.3 	46.3 	47.5 
BEDPL,PC,ES22	46.24 	43.39 	39.37 	36 	33.6 	32.5 
BEDPL,PC,ES23	45.1 	45.85 	45.28 	43.7 	41 	39.5 
BEDPL,PC,ES24	39.99 	37.21 	33.57 	30.9 	29.2 	27.9 
BEDPL,PC,ES3	61.11 	57.53 	56.25 	51.5 	46.1 	48.5 
BEDPL,PC,ES30	61.11 	57.53 	56.25 	51.5 	46.1 	48.5 
BEDPL,PC,ES4	35.35 	33.36 	31.29 	28.8 	27.2 	27 
BEDPL,PC,ES41	38.43 	36.36 	34.42 	31.1 	29.6 	28.9 
BEDPL,PC,ES42	30.72 	28.98 	26.57 	25.1 	23.1 	22.9 
BEDPL,PC,ES43	33.85 	31.79 	29.91 	28.1 	27.2 	28.3 
BEDPL,PC,ES5	70.02 	69.22 	65.72 	63.9 	64.1 	63.6 
BEDPL,PC,ES51	63.44 	61.58 	58.64 	57.5 	57.1 	56.9 
BEDPL,PC,ES52	64.32 	63.29 	59.96 	56.9 	55.8 	53.9 
BEDPL,PC,ES53	81.8 	82.69 	78.4 	76.5 	78.2 	77.9 
BEDPL,PC,ES6	56.13 	54.93 	52.24 	49.2 	47.2 	45.4 
BEDPL,PC,ES61	56.59 	55.35 	52.68 	49.6 	47.7 	46 
BEDPL,PC,ES62	49.42 	48.42 	45.65 	43.2 	40.9 	38.2 
BEDPL,PC,ES63	63.73 	62.87 	55.69 	57.3 	51.4 	49.6 
BEDPL,PC,ES64	49.72 	51.36 	46.31 	49.9 	39.4 	39.8 
BEDPL,PC,ES7	80.33 	80.54 	75.68 	75.4 	71.7 	68.9 
BEDPL,PC,ES70	80.33 	80.54 	75.68 	75.4 	71.7 	68.9 
BEDPL,PC,EU27	46.09 	46.24 	: 	: 	: 	: 
BEDPL,PC,EU28	46.21 	46.32 	: 	: 	: 	: 
BEDPL,PC,FI	41.5 	40.25 	38.92 	38.3 	39 	40 
BEDPL,PC,FI1	41.67 	40.37 	39.05 	38.4 	39.1 	40.2 
BEDPL,PC,FI19	38.61 	36.69 	35.81 	34.9 	35.4 	37.7 
BEDPL,PC,FI1B	53.04 	52.29 	50.18 	49.1 	48.9 	50 
BEDPL,PC,FI1C	38.9 	39.56 	36.38 	37.7 	39.7 	40.5 
BEDPL,PC,FI1D	36.44 	35 	34.62 	33.8 	34.7 	35 
BEDPL,PC,FI2	32.33 	33.43 	32.13 	32.6 	32.6 	31 
BEDPL,PC,FI20	32.33 	33.43 	32.13 	32.6 	32.6 	31 
BEDPL,PC,FR	: c	46.3 	47 	46.5 	47.4 	48.3 
BEDPL,PC,FR1	60.5 	54.7 	60 	61.3 	61.8 	62.7 
BEDPL,PC,FR10	60.5 	54.7 	60 	61.3 	61.8 	62.7 
BEDPL,PC,FR2	: 	41.4 	42 	41.3 	41.5 	42.4 
BEDPL,PC,FR21	: 	41.3 	41 	42.2 	42.4 	41.7 
BEDPL,PC,FR22	: 	40.4 	41 	39.9 	40 	41.9 
BEDPL,PC,FR23	: 	40.2 	40 	41 	40.8 	41.4 
BEDPL,PC,FR24	: 	40.3 	40 	39.2 	40.1 	41.6 
BEDPL,PC,FR25	: 	43.1 	44 	43.6 	43.5 	44.4 
BEDPL,PC,FR26	: 	42.6 	43 	41.9 	41.7 	43 
BEDPL,PC,FR3	: 	44.4 	43 	41.9 	40.7 	41.5 
BEDPL,PC,FR30	: 	44.4 	43 	41.9 	40.7 	41.5 
BEDPL,PC,FR4	: 	42.9 	42 	41.6 	41.9 	41.6 
BEDPL,PC,FR41	: 	39.8 	39 	37.3 	38.9 	38.8 
BEDPL,PC,FR42	: 	46.5 	46 	46.6 	46 	45.2 
BEDPL,PC,FR43	: 	38.7 	39 	35.7 	36.6 	37 
BEDPL,PC,FR5	: 	42.6 	41 	39.5 	40.1 	41.4 
BEDPL,PC,FR51	: 	42 	40 	38.1 	38.5 	40.2 
BEDPL,PC,FR52	: 	42.1 	41 	39.1 	39.1 	40.4 
BEDPL,PC,FR53	: 	44.5 	44 	42.2 	44.3 	44.9 
BEDPL,PC,FR6	: 	40.9 	40 	38.3 	39 	39.7 
BEDPL,PC,FR61	: 	43.7 	43 	40.9 	41.4 	41.1 
BEDPL,PC,FR62	: 	39.1 	38 	36.9 	37.7 	39.1 
BEDPL,PC,FR63	: 	35.2 	34 	31.8 	33.2 	34.9 
BEDPL,PC,FR7	: 	43.6 	42 	40.6 	43.1 	43.3 
BEDPL,PC,FR71	: 	44.9 	43 	41.7 	44.4 	44.4 
BEDPL,PC,FR72	: 	37.5 	37 	35.6 	37.1 	38.2 
BEDPL,PC,FR8	: 	46.2 	47 	45.6 	46.6 	47.7 
BEDPL,PC,FR81	: 	42.1 	42 	41.4 	42.7 	43.5 
BEDPL,PC,FR82	: 	46.5 	48 	46.5 	47.2 	48.5 
BEDPL,PC,FR83	: 	56.8 	55 	51.5 	53.8 	54.3 
BEDPL,PC,FRA	: 	49.8 	50 	45.9 	: 	: 
BEDPL,PC,FRA1	: 	49 	49 	42.8 	: 	: 
BEDPL,PC,FRA2	: 	57.1 	59 	51.5 	56.2 	53.5 
BEDPL,PC,FRA3	: 	32.3 	32 	33.4 	34.2 	38 
BEDPL,PC,FRA4	: 	52.6 	52 	49 	52.6 	53.2 
BEDPL,PC,FRA5	: 	45.6 	0 	: 	: 	: 
BEDPL,PC,FRB	42.1 	: 	: 	: 	: 	: 
BEDPL,PC,FRB0	42.1 	: 	: 	: 	: 	: 
BEDPL,PC,FRC	42.8 	: 	: 	: 	: 	: 
BEDPL,PC,FRC1	43.9 	: 	: 	: 	: 	: 
BEDPL,PC,FRC2	40.1 	: 	: 	: 	: 	: 
BEDPL,PC,FRD	43.4 	: 	: 	: 	: 	: 
BEDPL,PC,FRD1	44.8 	: 	: 	: 	: 	: 
BEDPL,PC,FRD2	41.3 	: 	: 	: 	: 	: 
BEDPL,PC,FRE	43.2 	: 	: 	: 	: 	: 
BEDPL,PC,FRE1	43.9 	: 	: 	: 	: 	: 
BEDPL,PC,FRE2	41.6 	: 	: 	: 	: 	: 
BEDPL,PC,FRF	45.8 	: 	: 	: 	: 	: 
BEDPL,PC,FRF1	49.2 	: 	: 	: 	: 	: 
BEDPL,PC,FRF2	43.5 	: 	: 	: 	: 	: 
BEDPL,PC,FRF3	42.3 	: 	: 	: 	: 	: 
BEDPL,PC,FRG	42.4 	: 	: 	: 	: 	: 
BEDPL,PC,FRG0	42.4 	: 	: 	: 	: 	: 
BEDPL,PC,FRH	44 	: 	: 	: 	: 	: 
BEDPL,PC,FRH0	44 	: 	: 	: 	: 	: 
BEDPL,PC,FRI	44.2 	: 	: 	: 	: 	: 
BEDPL,PC,FRI1	45 	: 	: 	: 	: 	: 
BEDPL,PC,FRI2	36.5 	: 	: 	: 	: 	: 
BEDPL,PC,FRI3	45.4 	: 	: 	: 	: 	: 
BEDPL,PC,FRJ	41.9 	: 	: 	: 	: 	: 
BEDPL,PC,FRJ1	43.6 	: 	: 	: 	: 	: 
BEDPL,PC,FRJ2	40.5 	: 	: 	: 	: 	: 
BEDPL,PC,FRK	44.6 	: 	: 	: 	: 	: 
BEDPL,PC,FRK1	38.8 	: 	: 	: 	: 	: 
BEDPL,PC,FRK2	45.8 	: 	: 	: 	: 	: 
BEDPL,PC,FRL	48.6 	: 	: 	: 	: 	: 
BEDPL,PC,FRL0	48.6 	: 	: 	: 	: 	: 
BEDPL,PC,FRM	58.3 	: 	: 	: 	: 	: 
BEDPL,PC,FRM0	58.3 	: 	: 	: 	: 	: 
BEDPL,PC,FRY	: c	: 	: 	: 	: 	: 
BEDPL,PC,FRY1	55.7 u	: 	: 	: 	: 	: 
BEDPL,PC,FRY2	59.5 u	: 	: 	: 	: 	: 
BEDPL,PC,FRY3	33.6 u	: 	: 	: 	: 	: 
BEDPL,PC,FRY4	56.3 	: 	: 	: 	: 	: 
BEDPL,PC,FRY5	: c	: 	: 	: 	: 	: 
BEDPL,PC,HR	59.5 	56.5 	53.5 	52.7 	53.2 	53.1 
BEDPL,PC,HR0	59.5 	56.5 	53.5 	52.7 	53.2 	53.1 
BEDPL,PC,HR03	64.7 	61.8 	59.3 	58.3 	59.2 	59.5 
BEDPL,PC,HR04	45 	40.8 	37.3 	37.4 	34 	32.2 
BEDPL,PC,HU	40.6 	38.3 	36.3 	35 	33.5 	32.1 
BEDPL,PC,HU1	52.3 	49.3 	47.6 	45.4 	43.1 	43.4 
BEDPL,PC,HU10	: 	49.3 	47.6 	45.4 	43.1 	43.4 
BEDPL,PC,HU11	56 	: 	: 	: 	: 	: 
BEDPL,PC,HU12	33.4 	: 	: 	: 	: 	: 
BEDPL,PC,HU2	36 	34.2 	32 	31.2 	30.2 	29.3 
BEDPL,PC,HU21	32.6 	31.1 	29.6 	28.4 	26.3 	25.2 
BEDPL,PC,HU22	39.8 	37.6 	34.6 	34.4 	34.1 	34.4 
BEDPL,PC,HU23	31.4 	30.2 	29.1 	27.6 	26.2 	23.4 
BEDPL,PC,HU3	33.3 	31.1 	29.3 	28 	26 	24.2 
BEDPL,PC,HU31	33.5 	31.1 	29.8 	28.3 	26.4 	23.4 
BEDPL,PC,HU32	33.3 	32.1 	29.8 	28.9 	27.5 	26.5 
BEDPL,PC,HU33	33.1 	30.1 	28 	26.4 	23.5 	22.3 
BEDPL,PC,IE	: 	54 e	52 e	46 e	44 e	43 e
BEDPL,PC,IE0	: 	54 e	52 e	46 e	44 e	43 e
BEDPL,PC,IE01	: 	49 e	48 e	44 e	41 e	: 
BEDPL,PC,IE02	: 	57 e	54 e	47 e	44 e	: 
BEDPL,PC,IS	: 	54.9 	0.49 	44.6 	37.4 	39.8 
BEDPL,PC,IS0	: 	54.9 	0.49 	44.6 	37.4 	39.8 
BEDPL,PC,IS00	: 	54.9 	0.49 	44.6 	37.4 	39.8 
BEDPL,PC,IT	46.1 	43.7 	42.5 	40.6 	40.5 	40.9 
BEDPL,PC,ITC	45.9 	44.1 	44.7 	40.9 	41.1 	38.2 
BEDPL,PC,ITC1	44.4 	42 	42.5 	34.1 	32.6 	31.6 
BEDPL,PC,ITC2	47.3 	46 	43.4 	41.1 	41.4 	39.9 
BEDPL,PC,ITC3	48.9 	45.1 	42.6 	42.4 	46.2 	41.5 
BEDPL,PC,ITC4	45.4 	44.4 	46.4 	43.2 	42.9 	39.5 
BEDPL,PC,ITF	33.5 	34.6 	35 	33.7 	33.2 	33.4 
BEDPL,PC,ITF1	33.2 	32.9 	31.4 	30.2 	31.1 	31.3 
BEDPL,PC,ITF2	31.8 	36.1 	38.9 	32.7 	29 	27.5 
BEDPL,PC,ITF3	41 	39.5 	38.6 	37 	37 	37.8 
BEDPL,PC,ITF4	31 	34.7 	31.7 	31.5 	33.8 	33.3 
BEDPL,PC,ITF5	32.9 	35.4 	35.2 	31.4 	29.6 	27.1 
BEDPL,PC,ITF6	25.7 	27 	33.8 	32.5 	28.3 	29.2 
BEDPL,PC,ITG	41.2 	42.4 	36.4 	33.9 	33 	32.1 
BEDPL,PC,ITG1	39.3 	39.5 	32.7 	29.1 	28 	28.3 
BEDPL,PC,ITG2	43.7 	46.3 	42.6 	44.3 	44.7 	40.5 
BEDPL,PC,ITH	56 	52.9 	48.4 	47.9 	48 	50.7 
BEDPL,PC,ITH1	66.1 	64.5 	61.7 	58.4 	61.1 	61 
BEDPL,PC,ITH2	55.6 	49.9 	48.8 	46.7 	46.6 	45.7 
BEDPL,PC,ITH3	56.8 	55.4 	53.5 	51.6 	50.6 	50.2 
BEDPL,PC,ITH4	35.5 	34.4 	32.8 	31.1 	31.9 	32.2 
BEDPL,PC,ITH5	53 	48.2 	40 	42.2 	42 	50.4 
BEDPL,PC,ITI	45.1 	38.4 	40.1 	38.3 	38.2 	39.1 
BEDPL,PC,ITI1	44.6 	40.7 	42.5 	31 	33.5 	35.6 
BEDPL,PC,ITI2	32 	33 	32.1 	31.5 	30.4 	30.4 
BEDPL,PC,ITI3	38 	37.6 	36 	30.4 	31.2 	30.6 
BEDPL,PC,ITI4	50.2 	37.5 	40.4 	53.7 	47.5 	47.5 
BEDPL,PC,LI	26.1 	23.7 	27.6 	29.4 	31.7 	30.5 
BEDPL,PC,LI0	26.1 	23.7 	27.6 	29.4 	31.7 	30.5 
BEDPL,PC,LI00	26.1 	23.7 	27.6 	29.4 	31.7 	30.5 
BEDPL,PC,LT	40.8 	39 	36.8 	37.1 	36.8 	35 
BEDPL,PC,LT0	40.8 	39 	36.8 	37.1 	36.8 	35 
BEDPL,PC,LT00	: 	39 	36.8 	37.1 	36.8 	35 
BEDPL,PC,LT01	49.6 	: 	: 	: 	: 	: 
BEDPL,PC,LT02	36.4 	: 	: 	: 	: 	: 
BEDPL,PC,LU	31.28 	33.19 	39.35 	35.1 	31.8 	30.6 
BEDPL,PC,LU0	31.28 	33.19 	39.35 	35.1 	31.8 	30.6 
BEDPL,PC,LU00	31.28 	33.19 	39.35 	35.1 	31.8 	30.6 
BEDPL,PC,LV	39.61 	37 	36.3 	39.8 	35.9 	35.8 
BEDPL,PC,LV0	39.61 	37 	36.3 	39.8 	35.9 	35.8 
BEDPL,PC,LV00	39.61 	37 	36.3 	39.8 	35.9 	35.8 
BEDPL,PC,ME	: 	33.7 	35.2 	: 	: 	30 
BEDPL,PC,ME0	: 	33.7 	35.2 	: 	: 	30 
BEDPL,PC,ME00	: 	33.7 	35.2 	: 	: 	30 
BEDPL,PC,MK	24.3 	22 	22.99 	22.5 	34.3 	: 
BEDPL,PC,MK0	24.3 	22 	22.99 	22.5 	34.3 	: 
BEDPL,PC,MK00	24.3 	22 	22.99 	22.5 	34.3 	: 
BEDPL,PC,MT	66.4 	64.4 	64.3 	63.8 	60.5 	57.6 
BEDPL,PC,MT0	66.4 	64.4 	64.3 	63.8 	60.5 	57.6 
BEDPL,PC,MT00	66.4 	64.4 	64.3 	63.8 	60.5 	57.6 
BEDPL,PC,NL	50.4 	47.6 	45.6 	44.2 	42.8 	42.3 
BEDPL,PC,NL1	38.7 	39 	34.6 	35.8 	34.5 	35.1 
BEDPL,PC,NL11	33.7 	40 	36.7 	32.9 	32.1 	35.3 
BEDPL,PC,NL12	40.5 	37.1 	34.1 	35.6 	33.2 	33.7 
BEDPL,PC,NL13	40.7 	42 	33.9 	39.2 	39 	37.7 
BEDPL,PC,NL2	45.3 	43.2 	39 	35.5 	36.9 	38.6 
BEDPL,PC,NL21	47.4 	45.9 	36.2 	31.7 	37.8 	38.1 
BEDPL,PC,NL22	43.9 	42 	40.2 	37 	36.4 	39.5 
BEDPL,PC,NL23	49.1 	41.1 	41.2 	38.7 	38.7 	32 
BEDPL,PC,NL3	55.1 	51.8 	50.6 	49.4 	47.3 	46.3 
BEDPL,PC,NL31	46.3 	41.7 	42.2 	37.4 	39.1 	37.5 
BEDPL,PC,NL32	59.3 	56.1 	55.2 	55.1 	52.7 	52.1 
BEDPL,PC,NL33	48.7 	45.4 	44.2 	41.4 	39.8 	38.5 
BEDPL,PC,NL34	46.7 	46.4 	41.8 	42.1 	38.1 	39 
BEDPL,PC,NL4	43.1 	40 	39.2 	37.1 	36.4 	36.4 
BEDPL,PC,NL41	42.1 	39.4 	36.9 	35.2 	35.2 	34.6 
BEDPL,PC,NL42	44.2 	40.7 	41.7 	39.1 	37.6 	38.3 
BEDPL,PC,NO	: 	38.5 	37.3 	35.7 	35.1 	35.4 
BEDPL,PC,NO0	: 	38.5 	37.3 	35.7 	35.1 	35.4 
BEDPL,PC,NO01	: 	48.5 	47.1 	43.6 	42.8 	44.4 
BEDPL,PC,NO02	: 	32.3 	30.4 	26 	25.4 	25.6 
BEDPL,PC,NO03	: 	31.1 	32 	29.6 	29.5 	29.4 
BEDPL,PC,NO04	: 	31.4 	31.6 	33.7 	34.1 	34.7 
BEDPL,PC,NO05	: 	40.2 	38.8 	38.4 	38.1 	39 
BEDPL,PC,NO06	: 	38.4 	34.8 	35 	35.1 	34.9 
BEDPL,PC,NO07	: 	39.2 	36.9 	35.8 	34.5 	35 
BEDPL,PC,PL	39.8 	38.6 	36.6 	34.7 	33.7 	33.1 
BEDPL,PC,PL1	: 	43.3 	41.8 	39 	35.5 	37.4 
BEDPL,PC,PL11	: 	31.7 	31.1 	28.6 	26.1 	28.9 
BEDPL,PC,PL12	: 	47.4 	46.1 	43.3 	42.7 	41 
BEDPL,PC,PL2	43 	41.4 	39.3 	37.3 	33.6 	35.2 
BEDPL,PC,PL21	47.1 	45.6 	44.2 	41.9 	40.7 	39.4 
BEDPL,PC,PL22	36.2 	34.7 	31.9 	30.3 	30 	28.8 
BEDPL,PC,PL3	: 	29.5 	28.5 	27.9 	30.1 	28.6 
BEDPL,PC,PL31	: 	29.1 	28.9 	27.8 	28.7 	27.8 
BEDPL,PC,PL32	: 	30 	28.3 	27.4 	26.5 	28.2 
BEDPL,PC,PL33	: 	27.8 	26.1 	26.2 	26.5 	28.1 
BEDPL,PC,PL34	: 	31.3 	31.6 	31 	31.3 	30.8 
BEDPL,PC,PL4	40 	38.9 	36.9 	35.1 	36.4 	32.6 
BEDPL,PC,PL41	31.5 	31.2 	29.3 	27.3 	24.9 	25.3 
BEDPL,PC,PL42	50.9 	49.6 	47.7 	46.1 	44.1 	42.7 
BEDPL,PC,PL43	30.2 	28.2 	27.1 	26.2 	26.6 	27.1 
BEDPL,PC,PL5	37.1 	36.2 	32.7 	30.5 	29.1 	30.2 
BEDPL,PC,PL51	37.7 	37 	33.2 	30.9 	30.7 	30.4 
BEDPL,PC,PL52	31.8 	29.7 	28.4 	27 	27.3 	28.4 
BEDPL,PC,PL6	38.2 	37.9 	36.1 	33.9 	35 	31.2 
BEDPL,PC,PL61	33.1 	33.2 	33.3 	30.2 	28.8 	28.4 
BEDPL,PC,PL62	34 	35.3 	32.6 	31.2 	29.7 	28.1 
BEDPL,PC,PL63	43.4 	41.8 	39.6 	37.3 	35.1 	34.5 
BEDPL,PC,PL7	31.7 	: 	: 	: 	: 	: 
BEDPL,PC,PL71	33.1 	: 	: 	: 	: 	: 
BEDPL,PC,PL72	29.5 	: 	: 	: 	: 	: 
BEDPL,PC,PL8	31.5 	: 	: 	: 	: 	: 
BEDPL,PC,PL81	30.6 	: 	: 	: 	: 	: 
BEDPL,PC,PL82	31.5 	: 	: 	: 	: 	: 
BEDPL,PC,PL84	33 	: 	: 	: 	: 	: 
BEDPL,PC,PL9	49.3 	: 	: 	: 	: 	: 
BEDPL,PC,PL91	52.5 	: 	: 	: 	: 	: 
BEDPL,PC,PL92	34.5 	: 	: 	: 	: 	: 
BEDPL,PC,PT	51.36 	48.52 	44.1 	42.4 	39.8 	39.5 
BEDPL,PC,PT1	49.49 	46.42 	42.5 	40.9 	38 	38 
BEDPL,PC,PT11	45.3 	42.28 	36.7 	33.9 	31.1 	31 
BEDPL,PC,PT15	52.2 	50.02 	46.7 	45.2 	43.3 	42.8 
BEDPL,PC,PT16	36.39 	32.25 	29.5 	27.8 	24.9 	26 
BEDPL,PC,PT17	59.95 	56.3 	53.6 	52.5 	48.3 	46.6 
BEDPL,PC,PT18	35.76 	32.31 	27 	26.5 	24.2 	25.3 
BEDPL,PC,PT2	49.4 	45.31 	39.5 	34 	34.2 	31.2 
BEDPL,PC,PT20	49.4 	45.31 	39.5 	34 	34.2 	31.2 
BEDPL,PC,PT3	69.37 	68.98 	60.5 	58.3 	57.1 	54.4 
BEDPL,PC,PT30	69.37 	68.98 	60.5 	58.3 	57.1 	54.4 
BEDPL,PC,RO	36.5 	36.03 	33.79 	30.7 	29.5 	30.1 
BEDPL,PC,RO1	35.32 	34.87 	33.46 	30.2 	28.5 	28.8 
BEDPL,PC,RO11	34.44 	35.64 	33.55 	30.4 	27.2 	27.2 
BEDPL,PC,RO12	35.89 	34.38 	33.4 	30.1 	29.3 	29.9 
BEDPL,PC,RO2	39.39 	38.95 	34.5 	31.6 	31.7 	33.4 
BEDPL,PC,RO21	32.94 	33 	29.5 	26.8 	26.3 	27.8 
BEDPL,PC,RO22	41.98 	41.35 	36.43 	33.5 	33.8 	35.6 
BEDPL,PC,RO3	36.28 	34.99 	32.8 	30.2 	28.2 	27.9 
BEDPL,PC,RO31	26.8 	26.22 	25.15 	23.4 	23.9 	25.9 
BEDPL,PC,RO32	43.47 	41.74 	38.88 	35.7 	31.6 	29.4 
BEDPL,PC,RO4	34.05 	34.64 	34.56 	30.9 	29.4 	29.6 
BEDPL,PC,RO41	33.68 	34.23 	34.74 	32.2 	31.6 	34 
BEDPL,PC,RO42	34.39 	34.99 	34.4 	29.8 	27.6 	26.5 
BEDPL,PC,RS	: 	: 	28.6 	: 	27.8 	26.8 
BEDPL,PC,SE	45.96 	45.68 	43.24 	39.8 	38.3 	37.8 
BEDPL,PC,SE1	50.19 	50.34 	48.8 	44.7 	43.1 	42.5 
BEDPL,PC,SE11	53.66 	54.18 	52.66 	48.8 	46.8 	46.3 
BEDPL,PC,SE12	41.28 	40.75 	39.33 	35.2 	34.4 	34.1 
BEDPL,PC,SE2	45.66 	44.98 	42.35 	39.2 	37.8 	37.1 
BEDPL,PC,SE21	40.71 	39.49 	36.98 	34.4 	33.3 	31.5 
BEDPL,PC,SE22	45.9 	46.06 	43.67 	40.6 	38.5 	37.9 
BEDPL,PC,SE23	47.75 	46.75 	43.93 	40.5 	39.3 	39.3 
BEDPL,PC,SE3	38.28 	38.11 	34.9 	32.3 	31.4 	31.1 
BEDPL,PC,SE31	39.14 	38.83 	34.36 	31.1 	30.2 	29.8 
BEDPL,PC,SE32	38.03 	39.08 	38.16 	34.2 	32.9 	32.5 
BEDPL,PC,SE33	37.44 	36.58 	33.34 	32.7 	31.8 	31.9 
BEDPL,PC,SI	50.1 	47 	44.7 	42.8 	42.3 	42.6 
BEDPL,PC,SI0	50.1 	47 	44.7 	42.8 	42.3 	42.6 
BEDPL,PC,SI03	45.4 	43.5 	41.2 	40.6 	40.7 	42.4 
BEDPL,PC,SI04	53.8 	49.6 	47.4 	44.4 	43.4 	42.7 
BEDPL,PC,SK	34.18 	32.91 	29.5 	27.2 	27.8 	26.8 
BEDPL,PC,SK0	34.18 	32.91 	29.5 	27.2 	27.8 	26.8 
BEDPL,PC,SK01	40 	37.29 	32.35 	25.9 	28.9 	28 
BEDPL,PC,SK02	30.31 	28.87 	26.94 	25.9 	25.7 	25.6 
BEDPL,PC,SK03	34.56 	33.93 	29.53 	28.1 	28 	26.6 
BEDPL,PC,SK04	33.78 	32.49 	29.75 	28.4 	28.7 	27.5 
BEDPL,PC,TR	: 	41.49 	51.18 	51.83 	52.6 	: 
BEDPL,PC,TR1	: 	41.86 	49.82 	50.17 	50.58 	: 
BEDPL,PC,TR10	: 	41.86 	49.82 	50.17 	50.58 	: 
BEDPL,PC,TR2	: 	28.93 	35.68 	35.95 	34.34 	: 
BEDPL,PC,TR21	: 	27.39 	28.56 	28.41 	24.69 	: 
BEDPL,PC,TR22	: 	29.61 	38.87 	39.29 	38.33 	: 
BEDPL,PC,TR3	: 	41.01 	51.68 	51.6 	52.23 	: 
BEDPL,PC,TR31	: 	39.78 	46.59 	47.2 	46.82 	: 
BEDPL,PC,TR32	: 	41.15 	54.24 	53.84 	54.5 	: 
BEDPL,PC,TR33	: 	43.02 	39.99 	40.71 	44.42 	: 
BEDPL,PC,TR4	: 	36.36 	38.03 	36.79 	36.27 	: 
BEDPL,PC,TR41	: 	37.7 	39.54 	37.94 	36.97 	: 
BEDPL,PC,TR42	: 	35.11 	36.61 	35.72 	35.59 	: 
BEDPL,PC,TR5	: 	31.92 	35.22 	35.86 	38.21 	: 
BEDPL,PC,TR51	: 	31.51 	34.71 	35.14 	37.73 	: 
BEDPL,PC,TR52	: 	33.51 	37.23 	38.79 	40.32 	: 
BEDPL,PC,TR6	: 	45.83 	58.08 	58.32 	59.66 	: 
BEDPL,PC,TR61	: 	46.7 	59.46 	59.61 	60.97 	: 
BEDPL,PC,TR62	: 	33.38 	34.1 	33.31 	33.16 	: 
BEDPL,PC,TR63	: 	29.6 	31.88 	32.56 	35.85 	: 
BEDPL,PC,TR7	: 	29.55 	37.49 	41.57 	40.9 	: 
BEDPL,PC,TR71	: 	25.37 	37.9 	44.23 	42.83 	: 
BEDPL,PC,TR72	: 	39.7 	36.34 	34.58 	35.21 	: 
BEDPL,PC,TR8	: 	34.08 	33 	33.19 	31.12 	: 
BEDPL,PC,TR81	: 	35.35 	31.44 	32.87 	28.5 	: 
BEDPL,PC,TR82	: 	37.01 	41.55 	36 	35.41 	: 
BEDPL,PC,TR83	: 	32.67 	31.1 	32.47 	31.34 	: 
BEDPL,PC,TR9	: 	30.53 	37.46 	33.31 	33.69 	: 
BEDPL,PC,TR90	: 	30.53 	37.46 	33.31 	33.69 	: 
BEDPL,PC,TRA	: 	28.56 	27.13 	29.76 	30.35 	: 
BEDPL,PC,TRA1	: 	34.01 	34.47 	34.39 	33.18 	: 
BEDPL,PC,TRA2	: 	22.63 	18.78 	23.96 	26.92 	: 
BEDPL,PC,TRB	: 	26.43 	29.4 	30.94 	29.38 	: 
BEDPL,PC,TRB1	: 	25.88 	27.21 	29.66 	32.91 	: 
BEDPL,PC,TRB2	: 	27.21 	32.22 	32.36 	26 	: 
BEDPL,PC,TRC	: 	26.76 	28.61 	37.3 	42.69 	: 
BEDPL,PC,TRC1	: 	28.92 	27.77 	36.53 	42 	: 
BEDPL,PC,TRC2	: 	27.65 	33.33 	38.67 	43.05 	: 
BEDPL,PC,TRC3	: 	22.65 	23.97 	36.74 	43.34 	: 
BEDPL,PC,UK	: 	51.6 	: 	: 	50 	48.1 
BEDPL,PC,UKC	: 	43.4 	: 	: 	40.6 	40.9 
BEDPL,PC,UKC1	: 	32.5 	: 	: 	23.4 	: c
BEDPL,PC,UKC2	: 	30.9 	: 	: 	33.2 	: c
BEDPL,PC,UKD	: 	46.5 	: 	: 	45.7 	45.7 
BEDPL,PC,UKD1	: 	55.5 	: 	: 	49.8 	: c
BEDPL,PC,UKD3	: 	24.8 	: 	: 	37.7 	: c
BEDPL,PC,UKD4	: 	32.5 	: 	: 	29.7 	: c
BEDPL,PC,UKD6	: 	30.4 	: 	: 	49 	: c
BEDPL,PC,UKD7	: 	26.3 	: 	: 	35.8 	: c
BEDPL,PC,UKE	: 	51.2 	: 	: 	48 	45.4 
BEDPL,PC,UKE1	: 	41.6 	: 	: 	36.6 	: c
BEDPL,PC,UKE2	: 	53.6 	: 	: 	50.3 	: c
BEDPL,PC,UKE3	: 	55.7 	: 	: 	41.2 	: c
BEDPL,PC,UKE4	: 	40.5 	: 	: 	41.2 	: c
BEDPL,PC,UKF	: 	46.1 	: 	: 	44.1 	42.3 
BEDPL,PC,UKF1	: 	46.7 	: 	: 	46.6 	: c
BEDPL,PC,UKF2	: 	14.7 	: 	: 	19.6 	: c
BEDPL,PC,UKF3	: 	32.7 	: 	: 	31.7 	: c
BEDPL,PC,UKG	: 	50.8 	: 	: 	46 	44.6 
BEDPL,PC,UKG1	: 	48.8 	: 	: 	42.9 	: c
BEDPL,PC,UKG2	: 	57.3 	: 	: 	50.6 	: c
BEDPL,PC,UKG3	: 	54.2 	: 	: 	45 	: c
BEDPL,PC,UKH	: 	49.1 	: 	: 	47.5 	46.8 
BEDPL,PC,UKH1	: 	51.6 	: 	: 	50.2 	: c
BEDPL,PC,UKH2	: 	52.6 	: 	: 	29.6 	: c
BEDPL,PC,UKH3	: 	31.7 	: 	: 	33.6 	: c
BEDPL,PC,UKI	: 	61.3 	: 	: 	64.4 	62.1 
BEDPL,PC,UKI1	: 	: 	: 	: 	65.6 	62.1 e
BEDPL,PC,UKI2	: 	: 	: 	: 	77.5 	62.1 e
BEDPL,PC,UKI3	: 	60 	: 	: 	: 	: 
BEDPL,PC,UKI4	: 	64.2 	: 	: 	: 	: 
BEDPL,PC,UKI5	: 	59.1 	: 	: 	: 	: 
BEDPL,PC,UKI6	: 	56.2 	: 	: 	: 	: 
BEDPL,PC,UKI7	: 	65.2 	: 	: 	: 	: 
BEDPL,PC,UKJ	: 	48.3 	: 	: 	50.7 	48.5 
BEDPL,PC,UKJ1	: 	40.5 	: 	: 	42.5 	: c
BEDPL,PC,UKJ2	: 	45.3 	: 	: 	44.5 	: c
BEDPL,PC,UKJ3	: 	45.9 	: 	: 	46.8 	: c
BEDPL,PC,UKJ4	: 	38.3 	: 	: 	43.9 	: c
BEDPL,PC,UKK	: 	50.7 	: 	: 	47.2 	46.4 
BEDPL,PC,UKK1	: 	47.9 	: 	: 	47.4 	: c
BEDPL,PC,UKK2	: 	49.6 	: 	: 	47.9 	: c
BEDPL,PC,UKK3	: 	55.1 	: 	: 	49.2 	: c
BEDPL,PC,UKK4	: 	37.6 	: 	: 	37.8 	: c
BEDPL,PC,UKL	: 	48.4 	: 	: 	41.1 	38.2 
BEDPL,PC,UKL1	: 	46.4 	: 	: 	42.5 	41.5 
BEDPL,PC,UKL2	: 	36.5 	: 	: 	38.7 	35.8 
BEDPL,PC,UKM	: 	49.1 	: 	: 	48.6 	44.8 
BEDPL,PC,UKM2	: 	54.6 	: 	: 	52.1 	47.4 
BEDPL,PC,UKM3	: 	34.1 	: 	: 	42.5 	43 
BEDPL,PC,UKM5	: 	46.6 	: 	: 	46.1 	41.4 
BEDPL,PC,UKM6	: 	49.1 	: 	: 	46.8 	42.9 
BEDPL,PC,UKN	: 	47.2 	: 	: 	38.4 	40.2 
BEDPL,PC,UKN0	: 	47.2 	: 	: 	38.4 	40.2 
BEDRM,PC,AT	55 	54 	52 	: 	: 	: 
BEDRM,PC,AT1	54 	53 	52 	: 	: 	: 
BEDRM,PC,AT11	44 	44 	42 	: 	: 	: 
BEDRM,PC,AT12	35 	34 	33 	: 	: 	: 
BEDRM,PC,AT13	74 	73 	72 	: 	: 	: 
BEDRM,PC,AT2	45 	44 	42 	: 	: 	: 
BEDRM,PC,AT21	47 	46 	44 	: 	: 	: 
BEDRM,PC,AT22	43 	42 	41 	: 	: 	: 
BEDRM,PC,AT3	57 	56 	53 	: 	: 	: 
BEDRM,PC,AT31	42 	39 	38 	: 	: 	: 
BEDRM,PC,AT32	59 	56 	54 	: 	: 	: 
BEDRM,PC,AT33	61 	59 	57 	: 	: 	: 
BEDRM,PC,AT34	57 	58 	51 	: 	: 	: 
BEDRM,PC,BE	0.62 	56 	61.54 	: c	54.6 	53.6 
BEDRM,PC,BE1	0.65 	55 	66.58 	: c	62.9 	62.2 
BEDRM,PC,BE10	0.65 	55 	66.58 	: c	62.9 	62.2 
BEDRM,PC,BE2	0.62 	58 	61.32 	: c	54.7 	52.8 
BEDRM,PC,BE21	0.63 	61 	64.69 	: c	58.3 	56.6 
BEDRM,PC,BE22	0.55 	55 	53.25 	: c	44.9 	45.2 
BEDRM,PC,BE23	0.74 	67 	68.6 	: c	60.3 	59 
BEDRM,PC,BE24	0.61 	58 	64.16 	: c	59.7 	56.6 
BEDRM,PC,BE25	0.6 	55 	57.58 	: c	50.8 	49 
BEDRM,PC,BE3	0.55 	52 	53.15 	: c	42.2 	43.1 
BEDRM,PC,BE31	0.6 	63 	62.36 	: c	54.9 	56.1 
BEDRM,PC,BE32	0.66 	60 	60.77 	: c	53.3 	53 
BEDRM,PC,BE33	0.55 	54 	55.24 	: c	43.9 	44.3 
BEDRM,PC,BE34	0.41 	39 	40.4 	: c	29.6 	30.8 
BEDRM,PC,BE35	0.56 	47 	46.63 	: c	37.7 	40 
BEDRM,PC,BG	57.1 	55.2 	48.7 	49.4 	52.1 	49.6 
BEDRM,PC,BG3	64.7 	63.2 	55.2 	57.4 	62.1 	58.9 
BEDRM,PC,BG31	25.6 	24.6 	24 	23.3 	27.1 	24.6 
BEDRM,PC,BG32	26.6 	26.4 	23.6 	22.6 	23.5 	24.4 
BEDRM,PC,BG33	66.2 	63.7 	58.1 	59.6 	65.8 	64.8 
BEDRM,PC,BG34	76.6 	76 	63.7 	67.8 	72.4 	66.1 
BEDRM,PC,BG4	43.1 	40.4 	37 	35.2 	34.1 	32.5 
BEDRM,PC,BG41	44.9 	41.7 	38.2 	36.2 	34.6 	32.6 
BEDRM,PC,BG42	40.1 	38.2 	35.1 	33.5 	33.2 	32.2 
BEDRM,PC,CH	: 	51.33 	51.5 	52 	51.6 	50.5 
BEDRM,PC,CH0	: 	51.33 	51.5 	52 	51.6 	50.5 
BEDRM,PC,CH01	: 	53.67 	54 	54.6 	54.7 	53.8 
BEDRM,PC,CH02	: 	48.97 	49.6 	49.9 	49 	46.9 
BEDRM,PC,CH03	: 	53.09 	54.2 	54.6 	53.7 	51.1 
BEDRM,PC,CH04	: 	65.41 	65.2 	65.4 	65 	64.8 
BEDRM,PC,CH05	: 	43.56 	43.3 	45.3 	45.5 	45 
BEDRM,PC,CH06	: 	49.07 	50.9 	49.2 	48.4 	47.2 
BEDRM,PC,CH07	: 	48.74 	46.2 	47.7 	47.1 	45.6 
BEDRM,PC,CY	74.6 	69.9 	63 	62.7 	61.5 	64 
BEDRM,PC,CY0	74.6 	69.9 	63 	62.7 	61.5 	64 
BEDRM,PC,CY00	74.6 	69.9 	63 	62.7 	61.5 	64 
BEDRM,PC,CZ	49.8 	46.4 	43 	44.7 	41.3 	38.6 
BEDRM,PC,CZ0	49.8 	46.4 	43 	44.7 	41.3 	38.6 
BEDRM,PC,CZ01	69.5 	65.1 	61.8 	64.6 	59.8 	57.9 
BEDRM,PC,CZ02	36.7 	33.6 	33.7 	35 	30.5 	27.2 
BEDRM,PC,CZ03	40 	36.5 	34.4 	33 	29.7 	28 
BEDRM,PC,CZ04	51.2 	48.7 	45.2 	51.8 	48.3 	47.7 
BEDRM,PC,CZ05	38.2 	35.6 	33 	32.7 	31.2 	28.4 
BEDRM,PC,CZ06	35.8 	32.4 	29.8 	30.8 	28.6 	23.6 
BEDRM,PC,CZ07	36.7 	35.2 	32.7 	33.8 	31.7 	27.7 
BEDRM,PC,CZ08	34 	31 	29.7 	29.6 	28.7 	23.2 
BEDRM,PC,DE	62.07 	61.8 	60.23 	59.1 	57.9 	57.1 
BEDRM,PC,DE1	63.04 	62.35 	61.28 	59.5 	57.6 	57.6 
BEDRM,PC,DE11	63.77 	62.71 	61.69 	60.7 	57.5 	57.8 
BEDRM,PC,DE12	62.05 	61.32 	60.64 	58.4 	57.1 	57.1 
BEDRM,PC,DE13	63.48 	63.81 	62.55 	59.8 	59 	58.8 
BEDRM,PC,DE14	62.3 	60.88 	59.14 	57.7 	56.5 	55.6 
BEDRM,PC,DE2	61.84 	61.81 	59.54 	58 	57.6 	57.5 
BEDRM,PC,DE21	66.24 	65.89 	65.22 	63.6 	63.6 	62.8 
BEDRM,PC,DE22	56.05 	55.55 	53.69 	51.9 	51.2 	51.5 
BEDRM,PC,DE23	57.01 	57.72 	53.7 	53.1 	51.9 	51.9 
BEDRM,PC,DE24	52.02 	52.7 	49.24 	48.2 	47.9 	45.7 
BEDRM,PC,DE25	61.1 	62.19 	56.49 	56.6 	56.7 	58.6 
BEDRM,PC,DE26	55.64 	57.72 	53.83 	52.5 	51 	51.7 
BEDRM,PC,DE27	60.7 	59.8 	57.05 	54.3 	53.5 	54.4 
BEDRM,PC,DE3	76.9 	76.88 	76.08 	74 	72.2 	72.1 
BEDRM,PC,DE30	76.9 	76.88 	76.08 	74 	72.2 	72.1 
BEDRM,PC,DE4	56.7 	55.1 	53.31 	51.2 	49.1 	51.1 
BEDRM,PC,DE40	56.7 	55.1 	53.31 	51.2 	49.1 	51.1 
BEDRM,PC,DE5	60.09 	59.78 	56.48 	59.2 	59.6 	57.1 
BEDRM,PC,DE50	60.09 	59.78 	56.48 	59.2 	59.6 	57.1 
BEDRM,PC,DE6	79.03 	77.89 	76.53 	76.9 	75.8 	: 
BEDRM,PC,DE60	79.03 	77.89 	76.53 	76.9 	75.8 	: 
BEDRM,PC,DE7	62.93 	61.2 	60.33 	58.6 	57.3 	56.3 
BEDRM,PC,DE71	64.51 	63.18 	62.31 	60.5 	58.8 	57.3 
BEDRM,PC,DE72	56.21 	53.94 	52.21 	51.2 	51.5 	48.1 
BEDRM,PC,DE73	58.36 	55.29 	54.77 	53.3 	53.3 	55.1 
BEDRM,PC,DE8	59.32 	61.8 	59.17 	57.3 	55.9 	54.6 
BEDRM,PC,DE80	59.32 	61.8 	59.17 	57.3 	55.9 	54.6 
BEDRM,PC,DE9	55.59 	54.03 	53.81 	52.8 	52.1 	50.3 
BEDRM,PC,DE91	54.47 	53.38 	54.14 	52.9 	54.2 	52.9 
BEDRM,PC,DE92	54.75 	52.97 	53.33 	51.8 	50.4 	48.5 
BEDRM,PC,DE93	53.93 	52.95 	51.41 	50.4 	50.1 	48.1 
BEDRM,PC,DE94	58.59 	56.51 	55.76 	55.5 	53.8 	52 
BEDRM,PC,DEA	57.8 	60.58 	58.34 	58.3 	57.9 	56.6 
BEDRM,PC,DEA1	56.55 	61.02 	57.69 	58.6 	57.5 	56 
BEDRM,PC,DEA2	61.68 	63.3 	62.68 	61.8 	61.7 	60.3 
BEDRM,PC,DEA3	56.55 	58.25 	54.43 	55.9 	54 	53.1 
BEDRM,PC,DEA4	51.79 	53.55 	51.87 	50.9 	51.6 	50.6 
BEDRM,PC,DEA5	56.82 	59.38 	56.55 	56.1 	57.4 	56.5 
BEDRM,PC,DEB	52.07 	50.3 	51.18 	49.5 	46.3 	44.4 
BEDRM,PC,DEB1	51.56 	49.28 	49.9 	47.7 	44 	42.3 
BEDRM,PC,DEB2	49.99 	47.82 	47.73 	46.8 	44.1 	43.5 
BEDRM,PC,DEB3	53.57 	52.61 	54.24 	52.7 	50.2 	47.3 
BEDRM,PC,DEC	54.77 	55.86 	54.52 	52.8 	51.6 	50.8 
BEDRM,PC,DEC0	54.77 	55.86 	54.52 	52.8 	51.6 	50.8 
BEDRM,PC,DED	59.73 	57.6 	56.68 	57.2 	56.5 	55 
BEDRM,PC,DED2	59.57 	57.31 	56.68 	57.5 	56.5 	55.5 
BEDRM,PC,DED4	51.6 	50.18 	49.74 	50.1 	48.8 	48.3 
BEDRM,PC,DED5	66.37 	64.17 	62.18 	62.2 	62.8 	59.9 
BEDRM,PC,DEE	53.83 	51.85 	47.17 	49.3 	47.7 	47.7 
BEDRM,PC,DEE0	53.83 	51.85 	47.17 	49.3 	47.7 	47.7 
BEDRM,PC,DEF	65.46 	64.79 	62.38 	61.2 	57.2 	: 
BEDRM,PC,DEF0	65.46 	64.79 	62.38 	61.2 	57.2 	: 
BEDRM,PC,DEG	55.19 	52.87 	52.64 	52.6 	51.7 	53.2 
BEDRM,PC,DEG0	55.19 	52.87 	52.64 	52.6 	51.7 	53.2 
BEDRM,PC,DK	62 	62 	61 	57 	55 	54 
BEDRM,PC,DK0	62 	62 	61 	57 	55 	54 
BEDRM,PC,DK01	73 	74 	72 	68 	65 	63 
BEDRM,PC,DK02	50 	49 	46 	42 	40 	39 
BEDRM,PC,DK03	55 	54 	54 	50 	50 	49 
BEDRM,PC,DK04	54 	52 	50 	47 	46 	45 
BEDRM,PC,DK05	49 	50 	48 	44 	44 	45 
BEDRM,PC,EA	57.19 	57.43 	: 	: 	: 	: 
BEDRM,PC,EE	55 	54 	52 	51 	52 	52 
BEDRM,PC,EE0	55 	54 	52 	51 	52 	52 
BEDRM,PC,EE00	55 	54 	52 	51 	52 	52 
BEDRM,PC,EL	50.2 	47.7 	46.8 	46.2 	44.2 	44.1 
BEDRM,PC,EL3	50.2 	47 	47 	44.9 	37.3 	36.7 
BEDRM,PC,EL30	50.2 	47 	47 	44.9 	37.3 	36.7 
BEDRM,PC,EL4	59 	56.2 	55.7 	55.9 	54.8 	54.5 
BEDRM,PC,EL41	35.8 	32.5 	37.7 	35.4 	32.3 	32.1 
BEDRM,PC,EL42	58 	54.1 	55.5 	55.1 	54.4 	54.4 
BEDRM,PC,EL43	63.1 	61.5 	58.5 	59.6 	58.4 	57.7 
BEDRM,PC,EL5	42.1 	39.5 	38.8 	38.4 	37.2 	37.8 
BEDRM,PC,EL51	38.6 	35.1 	35.3 	34 	34.4 	32 
BEDRM,PC,EL52	47.7 	45.3 	44.3 	43.7 	41.8 	43.3 
BEDRM,PC,EL53	17.5 	16.2 	17.3 	17.7 	18.7 	18.6 
BEDRM,PC,EL54	30 	27.4 	25.9 	27.9 	26.1 	26.9 
BEDRM,PC,EL6	41.1 	39.3 	37.5 	36.4 	35.1 	35.5 
BEDRM,PC,EL61	31.7 	30.1 	29.4 	29.2 	27.6 	28.4 
BEDRM,PC,EL62	60 	58.5 	57.1 	55.1 	54.4 	54.7 
BEDRM,PC,EL63	34.6 	33.3 	31.8 	30.2 	28.1 	29 
BEDRM,PC,EL64	27.3 	24.9 	22.6 	22.3 	20.8 	21.6 
BEDRM,PC,EL65	31.4 	29.9 	27 	26.7 	25 	25 
BEDRM,PC,ES	67.07 	65.72 	61.97 	59.2 	57.2 	56.1 
BEDRM,PC,ES1	44.74 	42.88 	40.35 	36.5 	35.1 	33.9 
BEDRM,PC,ES11	42.85 	40.13 	37.78 	34.7 	33.5 	32.3 
BEDRM,PC,ES12	44.83 	44.76 	42.36 	37.3 	35.7 	34.7 
BEDRM,PC,ES13	52.4 	51.47 	47.93 	42.5 	40.7 	38.9 
BEDRM,PC,ES2	53.43 	50.75 	46.97 	43.1 	41.1 	41.3 
BEDRM,PC,ES21	65.46 	62.94 	59.45 	55.2 	53.8 	55.7 
BEDRM,PC,ES22	53.48 	50.16 	45.59 	41.1 	37.9 	37 
BEDRM,PC,ES23	52.49 	52.47 	51.62 	50 	46.3 	44.7 
BEDRM,PC,ES24	44.39 	41.52 	37.31 	33.8 	32 	32 
BEDRM,PC,ES3	72.37 	68.38 	66.37 	62 	55.5 	57.7 
BEDRM,PC,ES30	72.37 	68.38 	66.37 	62 	55.5 	57.7 
BEDRM,PC,ES4	40.04 	37.93 	35.5 	32.3 	30.7 	31 
BEDRM,PC,ES41	43.17 	41.07 	38.78 	34.8 	33 	32.8 
BEDRM,PC,ES42	35.73 	33.58 	31.04 	28.9 	26.8 	27.2 
BEDRM,PC,ES43	37.57 	35.62 	32.99 	30.8 	30.4 	32.2 
BEDRM,PC,ES5	72.81 	71.96 	67.94 	65.9 	65.6 	64.6 
BEDRM,PC,ES51	68.81 	67.12 	63.37 	61.1 	60.5 	60.2 
BEDRM,PC,ES52	66.8 	65.52 	61.48 	58.9 	56.9 	55.1 
BEDRM,PC,ES53	81.78 	82.41 	78.06 	76.7 	77.8 	76.5 
BEDRM,PC,ES6	63.21 	61.74 	57.97 	54.2 	51.8 	50 
BEDRM,PC,ES61	63.82 	62.3 	58.6 	54.8 	52.5 	50.7 
BEDRM,PC,ES62	55.17 	54.29 	49.69 	46.8 	43.7 	41.5 
BEDRM,PC,ES63	64.13 	60.51 	53.47 	56.3 	51.4 	49 
BEDRM,PC,ES64	63.12 	62.7 	59.89 	65.7 	52.3 	53.7 
BEDRM,PC,ES7	85.35 	86.08 	81.23 	80.3 	77.1 	74.3 
BEDRM,PC,ES70	85.35 	86.08 	81.23 	80.3 	77.1 	74.3 
BEDRM,PC,EU27	55.72 	57.51 	: 	: 	: 	: 
BEDRM,PC,EU28	55.76 	57.51 	: 	: 	: 	: 
BEDRM,PC,FI	54.76 	52.9 	51.13 	50.3 	50 	51.3 
BEDRM,PC,FI1	55 	53.12 	51.32 	50.5 	50.2 	51.5 
BEDRM,PC,FI19	51.68 	49.52 	48.47 	47.3 	46.5 	48.7 
BEDRM,PC,FI1B	67.97 	66.46 	63.34 	62.2 	62 	63.7 
BEDRM,PC,FI1C	49.19 	48.16 	45.03 	46.8 	46.2 	47.9 
BEDRM,PC,FI1D	48.19 	46.57 	46.04 	44.7 	45 	45.2 
BEDRM,PC,FI2	40.25 	39.61 	39.72 	37.9 	39 	37.1 
BEDRM,PC,FI20	40.25 	39.61 	39.72 	37.9 	39 	37.1 
BEDRM,PC,FR	: c	58.4 	59 	59.1 	59.3 	60.3 
BEDRM,PC,FR1	73.2 	67.1 	73 	75.1 	74.2 	74.6 
BEDRM,PC,FR10	73.2 	67.1 	73 	75.1 	74.2 	74.6 
BEDRM,PC,FR2	: 	53.9 	54 	54.2 	53.8 	55.2 
BEDRM,PC,FR21	: 	54.8 	54 	54.8 	54.6 	54.5 
BEDRM,PC,FR22	: 	55.9 	56 	55.3 	54.9 	57.3 
BEDRM,PC,FR23	: 	53.3 	54 	55.2 	54.3 	56.1 
BEDRM,PC,FR24	: 	53.1 	53 	53.5 	53.7 	54.7 
BEDRM,PC,FR25	: 	53.2 	54 	53.9 	52.8 	54.5 
BEDRM,PC,FR26	: 	54.2 	54 	53.9 	53.5 	55.1 
BEDRM,PC,FR3	: 	60.4 	58 	56.4 	54.3 	56 
BEDRM,PC,FR30	: 	60.4 	58 	56.4 	54.3 	56 
BEDRM,PC,FR4	: 	55.6 	55 	54.8 	54.8 	54.9 
BEDRM,PC,FR41	: 	53.2 	52 	51.7 	52.6 	52.8 
BEDRM,PC,FR42	: 	58.2 	57 	58.5 	57.9 	57.3 
BEDRM,PC,FR43	: 	52.4 	53 	50.6 	50.4 	52 
BEDRM,PC,FR5	: 	55.6 	54 	52 	52.1 	53.9 
BEDRM,PC,FR51	: 	57.4 	54 	52.7 	52.8 	54.7 
BEDRM,PC,FR52	: 	54.7 	54 	51.1 	50.6 	52.9 
BEDRM,PC,FR53	: 	54.5 	54 	52.3 	53.4 	54.3 
BEDRM,PC,FR6	: 	53.6 	52 	50.7 	51.4 	52.3 
BEDRM,PC,FR61	: 	56.5 	55 	53.7 	54.5 	54.5 
BEDRM,PC,FR62	: 	51.4 	50 	48.7 	49.2 	50.9 
BEDRM,PC,FR63	: 	48.9 	48 	45.6 	46.9 	48.7 
BEDRM,PC,FR7	: 	55.4 	54 	53 	55.7 	55.5 
BEDRM,PC,FR71	: 	56.8 	55 	54.4 	57.3 	56.9 
BEDRM,PC,FR72	: 	48.5 	47 	46.5 	48.1 	49.6 
BEDRM,PC,FR8	: 	56.3 	57 	55.9 	55.9 	57.3 
BEDRM,PC,FR81	: 	52.5 	52 	51.8 	52.1 	53.3 
BEDRM,PC,FR82	: 	57.4 	58 	57.4 	57.1 	58.7 
BEDRM,PC,FR83	: 	59.5 	58 	56.3 	58.2 	58.8 
BEDRM,PC,FRA	: 	56.7 	59 	56 	: 	: 
BEDRM,PC,FRA1	: 	56.3 	59 	54.5 	: 	: 
BEDRM,PC,FRA2	: 	58.2 	62 	56.5 	59.6 	56.8 
BEDRM,PC,FRA3	: 	46.1 	48 	52.2 	53.9 	59.8 
BEDRM,PC,FRA4	: 	60.3 	61 	59.1 	62.4 	62.6 
BEDRM,PC,FRA5	: 	64.1 	0 	: 	: 	: 
BEDRM,PC,FRB	55.4 	: 	: 	: 	: 	: 
BEDRM,PC,FRB0	55.4 	: 	: 	: 	: 	: 
BEDRM,PC,FRC	55.3 	: 	: 	: 	: 	: 
BEDRM,PC,FRC1	55.8 	: 	: 	: 	: 	: 
BEDRM,PC,FRC2	54.2 	: 	: 	: 	: 	: 
BEDRM,PC,FRD	55 	: 	: 	: 	: 	: 
BEDRM,PC,FRD1	54.8 	: 	: 	: 	: 	: 
BEDRM,PC,FRD2	55.4 	: 	: 	: 	: 	: 
BEDRM,PC,FRE	58.4 	: 	: 	: 	: 	: 
BEDRM,PC,FRE1	59.1 	: 	: 	: 	: 	: 
BEDRM,PC,FRE2	56.7 	: 	: 	: 	: 	: 
BEDRM,PC,FRF	58.7 	: 	: 	: 	: 	: 
BEDRM,PC,FRF1	60.9 	: 	: 	: 	: 	: 
BEDRM,PC,FRF2	57.1 	: 	: 	: 	: 	: 
BEDRM,PC,FRF3	56.5 	: 	: 	: 	: 	: 
BEDRM,PC,FRG	57.7 	: 	: 	: 	: 	: 
BEDRM,PC,FRG0	57.7 	: 	: 	: 	: 	: 
BEDRM,PC,FRH	56.7 	: 	: 	: 	: 	: 
BEDRM,PC,FRH0	56.7 	: 	: 	: 	: 	: 
BEDRM,PC,FRI	56.6 	: 	: 	: 	: 	: 
BEDRM,PC,FRI1	58.3 	: 	: 	: 	: 	: 
BEDRM,PC,FRI2	50.5 	: 	: 	: 	: 	: 
BEDRM,PC,FRI3	55.3 	: 	: 	: 	: 	: 
BEDRM,PC,FRJ	53.2 	: 	: 	: 	: 	: 
BEDRM,PC,FRJ1	53.9 	: 	: 	: 	: 	: 
BEDRM,PC,FRJ2	52.7 	: 	: 	: 	: 	: 
BEDRM,PC,FRK	57 	: 	: 	: 	: 	: 
BEDRM,PC,FRK1	49.8 	: 	: 	: 	: 	: 
BEDRM,PC,FRK2	58.5 	: 	: 	: 	: 	: 
BEDRM,PC,FRL	59.5 	: 	: 	: 	: 	: 
BEDRM,PC,FRL0	59.5 	: 	: 	: 	: 	: 
BEDRM,PC,FRM	61.9 	: 	: 	: 	: 	: 
BEDRM,PC,FRM0	61.9 	: 	: 	: 	: 	: 
BEDRM,PC,FRY	: c	: 	: 	: 	: 	: 
BEDRM,PC,FRY1	61.8 u	: 	: 	: 	: 	: 
BEDRM,PC,FRY2	62.8 u	: 	: 	: 	: 	: 
BEDRM,PC,FRY3	50.1 u	: 	: 	: 	: 	: 
BEDRM,PC,FRY4	64 	: 	: 	: 	: 	: 
BEDRM,PC,FRY5	: c	: 	: 	: 	: 	: 
BEDRM,PC,HR	59.2 	57.3 	54.4 	53 	52.6 	: 
BEDRM,PC,HR0	59.2 	57.3 	54.4 	53 	52.6 	: 
BEDRM,PC,HR03	63.2 	61.3 	59.1 	57.5 	57.5 	: 
BEDRM,PC,HR04	52 	50 	44.6 	44.4 	40.1 	: 
BEDRM,PC,HU	55 	52 	49.8 	47.8 	45.7 	43.4 
BEDRM,PC,HU1	69.5 	66.1 	64.1 	60.4 	57.5 	54.8 
BEDRM,PC,HU10	: 	66.1 	64.1 	60.4 	57.5 	54.8 
BEDRM,PC,HU11	73.3 	: 	: 	: 	: 	: 
BEDRM,PC,HU12	48.2 	: 	: 	: 	: 	: 
BEDRM,PC,HU2	48.4 	46.1 	43.7 	42.4 	41.3 	39.6 
BEDRM,PC,HU21	44.6 	42.7 	40.8 	38.8 	36.8 	34.2 
BEDRM,PC,HU22	53.9 	51.5 	48.1 	47.7 	46.9 	46.5 
BEDRM,PC,HU23	40.9 	38.8 	37.7 	35.6 	34.3 	31 
BEDRM,PC,HU3	45 	42 	39.7 	38.6 	35.7 	33.2 
BEDRM,PC,HU31	46.5 	43.1 	41.6 	39.5 	36.1 	31.4 
BEDRM,PC,HU32	44.2 	42.3 	39.5 	39.7 	37.2 	35.6 
BEDRM,PC,HU33	44 	40.1 	37.7 	36.1 	33.2 	32.4 
BEDRM,PC,IE	: 	71 e	68 e	61 e	58 e	58 e
BEDRM,PC,IE0	: 	71 e	68 e	61 e	58 e	58 e
BEDRM,PC,IE01	: 	65 e	63 e	57 e	54 e	: 
BEDRM,PC,IE02	: 	73 e	69 e	63 e	60 e	: 
BEDRM,PC,IS	: 	65.3 	0.58 	52.4 	54.1 	47.3 
BEDRM,PC,IS0	: 	65.3 	0.58 	52.4 	54.1 	47.3 
BEDRM,PC,IS00	: 	65.3 	0.58 	52.4 	54.1 	47.3 
BEDRM,PC,IT	48.8 	46.2 	44.9 	42.9 	42.8 	42.8 
BEDRM,PC,ITC	48.6 	46.6 	47.3 	43.3 	43.4 	40.1 
BEDRM,PC,ITC1	46.9 	44.3 	44.9 	36 	34.4 	33.1 
BEDRM,PC,ITC2	50 	48.6 	45.9 	43.4 	43.7 	41.7 
BEDRM,PC,ITC3	51.7 	47.6 	45 	44.8 	48.8 	43.5 
BEDRM,PC,ITC4	48 	46.9 	49 	45.6 	45.4 	41.5 
BEDRM,PC,ITF	35.4 	36.5 	37 	35.6 	35.1 	35 
BEDRM,PC,ITF1	35 	34.8 	33.2 	31.9 	32.9 	32.8 
BEDRM,PC,ITF2	33.6 	38.1 	41.1 	34.6 	30.6 	28.8 
BEDRM,PC,ITF3	43.4 	41.8 	40.8 	39.1 	39.1 	39.6 
BEDRM,PC,ITF4	32.8 	36.7 	33.5 	33.3 	35.8 	35 
BEDRM,PC,ITF5	34.8 	37.4 	37.2 	33.1 	31.3 	28.4 
BEDRM,PC,ITF6	27.2 	28.5 	35.7 	34.4 	29.9 	30.6 
BEDRM,PC,ITG	43.6 	44.9 	38.4 	35.8 	34.8 	33.2 
BEDRM,PC,ITG1	41.5 	41.8 	34.5 	30.8 	29.6 	29.6 
BEDRM,PC,ITG2	46.2 	49 	45.1 	46.8 	47.3 	42.6 
BEDRM,PC,ITH	59.2 	55.9 	51.2 	50.6 	50.8 	53.1 
BEDRM,PC,ITH1	69.8 	68.2 	65.3 	61.7 	64.6 	63.8 
BEDRM,PC,ITH2	58.8 	52.8 	51.6 	49.4 	49.2 	48.1 
BEDRM,PC,ITH3	60 	58.6 	56.5 	54.5 	53.5 	52.6 
BEDRM,PC,ITH4	37.5 	36.4 	34.6 	32.8 	33.7 	33.7 
BEDRM,PC,ITH5	56.1 	51 	42.2 	44.6 	44.4 	52.9 
BEDRM,PC,ITI	47.6 	40.6 	42.4 	40.5 	40.3 	41 
BEDRM,PC,ITI1	47.2 	43 	44.9 	32.8 	35.4 	37.3 
BEDRM,PC,ITI2	33.8 	34.9 	33.9 	33.3 	32.1 	31.8 
BEDRM,PC,ITI3	40.1 	39.7 	38 	32.2 	33 	32 
BEDRM,PC,ITI4	53.1 	39.6 	42.7 	56.8 	50.2 	49.7 
BEDRM,PC,LI	37.8 	34.9 	36.9 	: 	: 	: 
BEDRM,PC,LI0	37.8 	34.9 	36.9 	: 	: 	: 
BEDRM,PC,LI00	37.8 	34.9 	36.9 	: 	: 	: 
BEDRM,PC,LT	53.7 	51 	49.3 	48.7 	47.9 	45.2 
BEDRM,PC,LT0	53.7 	51 	49.3 	48.7 	47.9 	45.2 
BEDRM,PC,LT00	: 	51 	49.3 	48.7 	47.9 	45.2 
BEDRM,PC,LT01	66.2 	: 	: 	: 	: 	: 
BEDRM,PC,LT02	47 	: 	: 	: 	: 	: 
BEDRM,PC,LU	45.16 	44.83 	45.61 	46.9 	43.2 	41.1 
BEDRM,PC,LU0	45.16 	44.83 	45.61 	46.9 	43.2 	41.1 
BEDRM,PC,LU00	45.16 	44.83 	45.61 	46.9 	43.2 	41.1 
BEDRM,PC,LV	44.8 	42.5 	42.4 	45.1 	41.1 	39.4 
BEDRM,PC,LV0	44.8 	42.5 	42.4 	45.1 	41.1 	39.4 
BEDRM,PC,LV00	44.8 	42.5 	42.4 	45.1 	41.1 	39.4 
BEDRM,PC,MK	39.3 	35 	37.18 	36.1 	22.1 	: 
BEDRM,PC,MK0	39.3 	35 	37.18 	36.1 	22.1 	: 
BEDRM,PC,MK00	39.3 	35 	37.18 	36.1 	22.1 	: 
BEDRM,PC,MT	76.7 	74 	74 	72.7 	70 	64.8 
BEDRM,PC,MT0	76.7 	74 	74 	72.7 	70 	64.8 
BEDRM,PC,MT00	76.7 	74 	74 	72.7 	70 	64.8 
BEDRM,PC,NL	71.8 u	68.1 u	68.1 u	65.8 	63.5 	62.9 
BEDRM,PC,NL1	57.9 u	60 u	59.6 u	56.9 u	: u	: u
BEDRM,PC,NL11	55.2 u	62.5 u	60.6 u	57 u	: u	: u
BEDRM,PC,NL12	58.8 u	54.1 u	50.7 u	49.8 u	: u	: u
BEDRM,PC,NL13	61.6 u	64.1 u	67.2 u	64.2 u	: u	: u
BEDRM,PC,NL2	65 u	61 u	58.5 u	54.4 u	: u	: u
BEDRM,PC,NL21	67.2 u	61.1 u	57.8 u	55.2 u	: u	: u
BEDRM,PC,NL22	64.6 u	62.1 u	58.5 u	53.7 u	: u	: u
BEDRM,PC,NL23	56.1 u	42.6 u	67.3 u	62.3 u	: u	: u
BEDRM,PC,NL3	76.6 u	71.4 u	72.3 u	70.8 u	: u	: u
BEDRM,PC,NL31	68.5 u	64.4 u	64.4 u	57.6 u	: u	: u
BEDRM,PC,NL32	80.3 u	74.8 u	76.1 u	76.7 u	: u	: u
BEDRM,PC,NL33	71.3 u	65.6 u	66.4 u	61.8 u	: u	: u
BEDRM,PC,NL34	66.8 u	66.3 u	59.5 u	64.8 u	: u	: u
BEDRM,PC,NL4	63.2 u	62.3 u	61.9 u	59.3 u	: u	: u
BEDRM,PC,NL41	62.3 u	59.5 u	58.3 u	55.6 u	: u	: u
BEDRM,PC,NL42	64.2 u	65.8 u	66.1 u	63.5 u	: u	: u
BEDRM,PC,NO	: 	54.4 	53.6 	52.9 	52.4 	52.6 
BEDRM,PC,NO0	: 	54.4 	53.6 	52.9 	52.4 	52.6 
BEDRM,PC,NO01	: 	66.1 	64.9 	62.4 	61.7 	61.9 
BEDRM,PC,NO02	: 	43.4 	42.3 	37.6 	36.6 	36.9 
BEDRM,PC,NO03	: 	46.3 	47 	44.7 	44.2 	43.7 
BEDRM,PC,NO04	: 	45.7 	47.6 	53.1 	54.2 	54.2 
BEDRM,PC,NO05	: 	54.5 	53.8 	55 	54.4 	56 
BEDRM,PC,NO06	: 	55 	51.2 	51.3 	51.1 	52.5 
BEDRM,PC,NO07	: 	55.9 	53.7 	52.8 	51.8 	52.5 
BEDRM,PC,PL	48.9 	47.6 	45.3 	42.7 	41.6 	41.1 
BEDRM,PC,PL1	: 	54.9 	52.7 	49.1 	48 	48 
BEDRM,PC,PL11	: 	41.5 	39.3 	35.4 	33.6 	37.4 
BEDRM,PC,PL12	: 	59.5 	58 	54.7 	54 	52.4 
BEDRM,PC,PL2	51.4 	50.1 	48 	45.4 	44.1 	42.6 
BEDRM,PC,PL21	55.2 	54.3 	53 	50.1 	48.7 	47.2 
BEDRM,PC,PL22	45.3 	43.8 	40.6 	38.7 	37.4 	36.1 
BEDRM,PC,PL3	: 	36.6 	35.4 	34.4 	34.5 	35.1 
BEDRM,PC,PL31	: 	36.8 	36.7 	35.2 	36.1 	34.7 
BEDRM,PC,PL32	: 	36.6 	34.7 	33.6 	32.2 	34.4 
BEDRM,PC,PL33	: 	35.1 	33 	32.2 	32.8 	34.1 
BEDRM,PC,PL34	: 	38.7 	38.4 	38.1 	38.2 	38.3 
BEDRM,PC,PL4	48.4 	47.9 	45.8 	43.4 	41.4 	40.6 
BEDRM,PC,PL41	41.6 	42.1 	39.7 	37 	34.3 	34.6 
BEDRM,PC,PL42	58.3 	57.8 	56.3 	54.2 	52.2 	50.1 
BEDRM,PC,PL43	38.2 	35.7 	33.6 	32.6 	32.7 	33.6 
BEDRM,PC,PL5	45.1 	45 	40.4 	38.3 	37.8 	37.8 
BEDRM,PC,PL51	45.5 	45.7 	40.8 	38.6 	38.1 	38 
BEDRM,PC,PL52	42.1 	39.6 	37.6 	35.7 	34.8 	36.4 
BEDRM,PC,PL6	46.3 	45.7 	43.4 	40.1 	38.2 	37.6 
BEDRM,PC,PL61	43.5 	43 	43 	38.7 	36.9 	37.1 
BEDRM,PC,PL62	38.5 	39.9 	37.3 	36 	34.3 	33 
BEDRM,PC,PL63	52.5 	50.7 	47.4 	43.3 	41.4 	40.9 
BEDRM,PC,PL7	41.4 	: 	: 	: 	: 	: 
BEDRM,PC,PL71	44 	: 	: 	: 	: 	: 
BEDRM,PC,PL72	36.8 	: 	: 	: 	: 	: 
BEDRM,PC,PL8	39.4 	: 	: 	: 	: 	: 
BEDRM,PC,PL81	38.4 	: 	: 	: 	: 	: 
BEDRM,PC,PL82	39.1 	: 	: 	: 	: 	: 
BEDRM,PC,PL84	41.8 	: 	: 	: 	: 	: 
BEDRM,PC,PL9	62 	: 	: 	: 	: 	: 
BEDRM,PC,PL91	66 	: 	: 	: 	: 	: 
BEDRM,PC,PL92	43.3 	: 	: 	: 	: 	: 
BEDRM,PC,PT	56.98 	53.24 	48.2 	45.7 	43.7 	44 
BEDRM,PC,PT1	55 	50.85 	46.4 	43.9 	41.7 	42.6 
BEDRM,PC,PT11	54.52 	51.11 	43.5 	39.8 	37.7 	38.9 
BEDRM,PC,PT15	53.23 	49.93 	46.7 	44.6 	44.1 	44.7 
BEDRM,PC,PT16	41.69 	35.86 	32.7 	30.1 	27.8 	30.9 
BEDRM,PC,PT17	69.87 	65.46 	63.2 	60.2 	55.8 	53.1 
BEDRM,PC,PT18	39.32 	34.8 	28.7 	28 	27.9 	33.2 
BEDRM,PC,PT2	53.6 	49.64 	44.5 	38.1 	38.3 	35.6 
BEDRM,PC,PT20	53.6 	49.64 	44.5 	38.1 	38.3 	35.6 
BEDRM,PC,PT3	75.32 	74.84 	64.5 	62.6 	61.3 	57.1 
BEDRM,PC,PT30	75.32 	74.84 	64.5 	62.6 	61.3 	57.1 
BEDRM,PC,RO	43.97 	43.91 	47.44 	44.1 	42.5 	40.4 
BEDRM,PC,RO1	35.34 	35.46 	51.06 	43 	40.1 	32.8 
BEDRM,PC,RO11	42.39 	44.69 	88.94 	68.9 	54.2 	36.6 
BEDRM,PC,RO12	30.45 	29.26 	26.52 	26.2 	30.6 	30 
BEDRM,PC,RO2	43.82 	43.01 	40.39 	38.4 	38.1 	39.2 
BEDRM,PC,RO21	42.9 	40.92 	39.24 	37.8 	38 	45.2 
BEDRM,PC,RO22	44.18 	43.84 	40.83 	38.6 	38.2 	36.9 
BEDRM,PC,RO3	52.75 	48.87 	45.09 	43.7 	39.9 	39.8 
BEDRM,PC,RO31	32.72 	32.05 	31.75 	32 	28.6 	29 
BEDRM,PC,RO32	67.57 	61.4 	55.38 	52.8 	48.5 	47.8 
BEDRM,PC,RO4	47.66 	53.72 	57.13 	56.7 	57.8 	56.5 
BEDRM,PC,RO41	49.38 	57.68 	60.05 	58.5 	57.9 	60 
BEDRM,PC,RO42	46.12 	50.32 	54.72 	55.3 	57.7 	53.8 
BEDRM,PC,RS	: 	: 	29.5 	: 	29.1 	: 
BEDRM,PC,SE	58.27 	58 	55.27 	51.7 	50.3 	50.1 
BEDRM,PC,SE1	61.76 	61.96 	60.52 	56.2 	54.8 	54.4 
BEDRM,PC,SE11	65.27 	66.24 	65.25 	61 	59.3 	59.2 
BEDRM,PC,SE12	52.73 	51.38 	49.2 	45.1 	44.6 	43.9 
BEDRM,PC,SE2	58.98 	58.3 	54.74 	51.5 	50 	50 
BEDRM,PC,SE21	53.03 	51.37 	48.04 	45.8 	44.5 	42.8 
BEDRM,PC,SE22	58.89 	58.92 	55.82 	52.4 	50 	51 
BEDRM,PC,SE23	61.75 	61.08 	57.1 	53.6 	52.7 	52.9 
BEDRM,PC,SE3	49.37 	49.06 	45.83 	43.2 	42.2 	42 
BEDRM,PC,SE31	50.02 	49.27 	44.19 	41 	40.2 	40.1 
BEDRM,PC,SE32	48.48 	48.68 	47.46 	44.3 	42.7 	42.6 
BEDRM,PC,SE33	49.25 	49.07 	46.68 	45.4 	44.4 	43.9 
BEDRM,PC,SI	55.6 	52.2 	49.5 	47.3 	46.9 	47.7 
BEDRM,PC,SI0	55.6 	52.2 	49.5 	47.3 	46.9 	47.7 
BEDRM,PC,SI03	49.8 	47.5 	45 	44.3 	45.1 	47.5 
BEDRM,PC,SI04	60 	55.8 	53 	49.6 	48.3 	47.8 
BEDRM,PC,SK	39.94 	38.82 	35.48 	32.6 	33.4 	31.5 
BEDRM,PC,SK0	39.94 	38.82 	35.48 	32.6 	33.4 	31.5 
BEDRM,PC,SK01	45.15 	45 	41.36 	32.9 	38.4 	34.8 
BEDRM,PC,SK02	38.18 	36.08 	33.5 	31.5 	32 	31.4 
BEDRM,PC,SK03	39.86 	39.27 	34.58 	33.1 	31.8 	30.3 
BEDRM,PC,SK04	38.01 	36.37 	33.84 	33.1 	32.8 	30.8 
BEDRM,PC,UK	: 	70.2 	: 	: 	66.4 	63.6 
BEDRM,PC,UKC	: 	62.6 	: 	: 	56.8 	56.7 
BEDRM,PC,UKC1	: 	43.3 	: 	: 	31.6 	: c
BEDRM,PC,UKC2	: 	38.8 	: 	: 	42.5 	: c
BEDRM,PC,UKD	: 	63.8 	: 	: 	62.4 	62.1 
BEDRM,PC,UKD1	: 	63.1 	: 	: 	60 	: c
BEDRM,PC,UKD3	: 	62.4 	: 	: 	50.8 	: c
BEDRM,PC,UKD4	: 	38.7 	: 	: 	36.5 	: c
BEDRM,PC,UKD6	: 	53.4 	: 	: 	69.1 	: c
BEDRM,PC,UKD7	: 	51.6 	: 	: 	41.9 	: c
BEDRM,PC,UKE	: 	68.5 	: 	: 	63.9 	60.7 
BEDRM,PC,UKE1	: 	49.5 	: 	: 	46.8 	: c
BEDRM,PC,UKE2	: 	65.1 	: 	: 	63.2 	: c
BEDRM,PC,UKE3	: 	69.8 	: 	: 	55 	: c
BEDRM,PC,UKE4	: 	60.7 	: 	: 	56.8 	: c
BEDRM,PC,UKF	: 	65.3 	: 	: 	63.9 	63 
BEDRM,PC,UKF1	: 	66.8 	: 	: 	66.8 	: c
BEDRM,PC,UKF2	: 	21.4 	: 	: 	58.4 	: c
BEDRM,PC,UKF3	: 	39.3 	: 	: 	40.1 	: c
BEDRM,PC,UKG	: 	71.6 	: 	: 	64.5 	62.9 
BEDRM,PC,UKG1	: 	62.8 	: 	: 	56.2 	: c
BEDRM,PC,UKG2	: 	68.9 	: 	: 	61.1 	: c
BEDRM,PC,UKG3	: 	64.7 	: 	: 	66.1 	: c
BEDRM,PC,UKH	: 	68.8 	: 	: 	62.5 	61.2 
BEDRM,PC,UKH1	: 	65.7 	: 	: 	62.6 	: c
BEDRM,PC,UKH2	: 	54.9 	: 	: 	39.7 	: c
BEDRM,PC,UKH3	: 	60.2 	: 	: 	51.7 	: c
BEDRM,PC,UKI	: 	80.6 	: 	: 	81.7 	80.1 
BEDRM,PC,UKI1	: 	: 	: 	: 	78.1 	80.1 e
BEDRM,PC,UKI2	: 	: 	: 	: 	79.4 	80.1 e
BEDRM,PC,UKI3	: 	76.3 	: 	: 	: 	: 
BEDRM,PC,UKI4	: 	76.4 	: 	: 	: 	: 
BEDRM,PC,UKI5	: 	66.3 	: 	: 	: 	: 
BEDRM,PC,UKI6	: 	68.4 	: 	: 	: 	: 
BEDRM,PC,UKI7	: 	77.5 	: 	: 	: 	: 
BEDRM,PC,UKJ	: 	71.2 	: 	: 	67.6 	65.4 
BEDRM,PC,UKJ1	: 	61.8 	: 	: 	60.7 	: c
BEDRM,PC,UKJ2	: 	65.9 	: 	: 	62.7 	: c
BEDRM,PC,UKJ3	: 	64.7 	: 	: 	62.9 	: c
BEDRM,PC,UKJ4	: 	70.1 	: 	: 	65.3 	: c
BEDRM,PC,UKK	: 	66.8 	: 	: 	61.2 	59.2 
BEDRM,PC,UKK1	: 	68.3 	: 	: 	64.8 	: c
BEDRM,PC,UKK2	: 	64.2 	: 	: 	61.1 	: c
BEDRM,PC,UKK3	: 	64.2 	: 	: 	57.8 	: c
BEDRM,PC,UKK4	: 	48.6 	: 	: 	48.4 	: c
BEDRM,PC,UKL	: 	60.7 	: 	: 	54.7 	51.1 
BEDRM,PC,UKL1	: 	54.9 	: 	: 	53.5 	50.3 
BEDRM,PC,UKL2	: 	55.3 	: 	: 	56.2 	50.1 
BEDRM,PC,UKM	: 	64.3 	: 	: 	63.9 	59.2 
BEDRM,PC,UKM2	: 	69.2 	: 	: 	66.7 	59.8 
BEDRM,PC,UKM3	: 	51.7 	: 	: 	67.8 	58.4 
BEDRM,PC,UKM5	: 	67.3 	: 	: 	63.2 	62.1 
BEDRM,PC,UKM6	: 	60.6 	: 	: 	58 	52.2 
BEDRM,PC,UKN	: 	61.1 	: 	: 	56 	57 
BEDRM,PC,UKN0	: 	61.1 	: 	: 	56 	57 
