unit,duration,partner,quantile,geo\time	2017 	2016 	2015 	2014 	2013 	2012 
NR,N1-3,WORLD,Q1,ES	: 	: 	: b	: c	: c	475294 
NR,N1-3,WORLD,Q1,HR	: 	: 	: b	: 	41652 	: u
NR,N1-3,WORLD,Q1,LU	: 	: 	: 	: 	: 	20033 
NR,N1-3,WORLD,Q1,NL	830805 	: 	1579833 	1375723 	1294984 	1569347 
NR,N1-3,WORLD,Q2,ES	: 	: 	: b	: c	: c	1308785 
NR,N1-3,WORLD,Q2,HR	: 	: 	: b	: 	86137 	: u
NR,N1-3,WORLD,Q2,LU	: 	: 	: 	: 	: 	23571 
NR,N1-3,WORLD,Q2,NL	1472816 	: 	1434443 	1853504 	1875559 	1899734 
NR,N1-3,WORLD,Q3,ES	: 	: 	: b	: c	: c	2513933 
NR,N1-3,WORLD,Q3,HR	: 	: 	: b	: 	209297 	: u
NR,N1-3,WORLD,Q3,LU	: 	: 	: 	: 	: 	36347 
NR,N1-3,WORLD,Q3,NL	2475889 	: 	2770307 	2721853 	2621589 	2627692 
NR,N1-3,WORLD,Q4,ES	: 	: 	: b	: c	: c	6620552 
NR,N1-3,WORLD,Q4,HR	: 	: 	: b	: 	778851 	: u
NR,N1-3,WORLD,Q4,LU	: 	: 	: 	: 	: 	127749 
NR,N1-3,WORLD,Q4,NL	3041117 	: 	1675651 	1765061 	1826138 	1957155 
NR,N1-3,WORLD,TOTAL,AT	4324150 	4292276 	4195713 	4130375 	4264321 	4119170 
NR,N1-3,WORLD,TOTAL,BE	3593973 b	3206234 	2970031 	2665112 	2863748 	2206533 
NR,N1-3,WORLD,TOTAL,BG	1359755 	1027332 	1024039 	1072023 	656285 	545011 
NR,N1-3,WORLD,TOTAL,CH	: 	4666464 	4557444 	4345410 	4372054 	4276835 
NR,N1-3,WORLD,TOTAL,CY	248715 e	274419 e	239165 e	246994 e	212165 e	303695 e
NR,N1-3,WORLD,TOTAL,CZ	6374793 	6247174 	6107778 	6226692 	5527683 	5658708 
NR,N1-3,WORLD,TOTAL,DE	46337128 	50657581 	48199996 	49029356 	50068574 	49895720 
NR,N1-3,WORLD,TOTAL,DK	: 	2079622 	2009893 	2218049 	2114792 	2041126 
NR,N1-3,WORLD,TOTAL,EE	700280 	606113 	570830 	713966 	596824 	584471 
NR,N1-3,WORLD,TOTAL,EL	1121788 	951804 	1077222 	1080235 	856216 	1300026 
NR,N1-3,WORLD,TOTAL,ES	20150650 	18417748 	17901013 b	: c	: c	14344187 
NR,N1-3,WORLD,TOTAL,FI	3886110 	3878073 	3792187 	3821595 	3769445 	3850333 
NR,N1-3,WORLD,TOTAL,FR	28902754 	26129306 	26356314 	26163620 	26050136 	26484794 
NR,N1-3,WORLD,TOTAL,HR	752541 	767760 	799160 b	1044893 	2231874 	1252108 u
NR,N1-3,WORLD,TOTAL,HU	: 	3572737 	3362673 	3331117 	3085293 	3296927 
NR,N1-3,WORLD,TOTAL,IE	1866111 	1766274 	1683506 	1693883 	1558586 	1670101 
NR,N1-3,WORLD,TOTAL,IT	9841982 	11263009 	10156932 	9207873 b	9795305 	11788635 
NR,N1-3,WORLD,TOTAL,LT	747404 	755791 	760204 	758073 	756336 	705242 
NR,N1-3,WORLD,TOTAL,LU	: 	252348 	270807 	221069 	250057 	207700 
NR,N1-3,WORLD,TOTAL,LV	769073 	828852 	784997 	752748 	736221 	655401 
NR,N1-3,WORLD,TOTAL,ME	: 	: c	: 	: 	: 	: 
NR,N1-3,WORLD,TOTAL,MT	102975 	99512 	81801 	87579 	85515 	85100 
NR,N1-3,WORLD,TOTAL,NL	7820627 	15608932 	14920469 	15432282 	15236541 	8053928 
NR,N1-3,WORLD,TOTAL,NO	3252539 	2923239 	: 	: 	3181800 	: 
NR,N1-3,WORLD,TOTAL,PL	13763180 	13408325 	12379398 	11585800 	10100000 	10810000 
NR,N1-3,WORLD,TOTAL,PT	2660677 	2730658 	2624702 	2474601 	2602737 	2223751 
NR,N1-3,WORLD,TOTAL,RO	2750546 	2400261 	2618004 	2492287 	2489783 	2055174 
NR,N1-3,WORLD,TOTAL,SE	5647239 	3572375 	3370545 	3174420 	: 	: u
NR,N1-3,WORLD,TOTAL,SI	625437 	664749 	538088 	581164 e	559414 e	639494 
NR,N1-3,WORLD,TOTAL,SK	2097906 	1516980 	1358427 	1203789 	1245513 b	634090 
NR,N1-3,WORLD,TOTAL,UK	: 	12241150 	12131100 	13463400 	11769700 	4583000 
NR,N_GE1,DOM,Q1,ES	: 	: 	: b	: c	: c	652232 
NR,N_GE1,DOM,Q1,HR	: 	: 	: b	: 	66385 	: u
NR,N_GE1,DOM,Q1,LU	: 	: 	: 	: 	: 	721 
NR,N_GE1,DOM,Q1,NL	412944 	: 	935429 	891304 	888953 	983223 
NR,N_GE1,DOM,Q2,ES	: 	: 	: b	: c	: c	1836236 
NR,N_GE1,DOM,Q2,HR	: 	: 	: b	: 	67924 	: u
NR,N_GE1,DOM,Q2,LU	: 	: 	: 	: 	: 	228 
NR,N_GE1,DOM,Q2,NL	865681 	: 	786459 	923746 	961261 	958528 
NR,N_GE1,DOM,Q3,ES	: 	: 	: b	: c	: c	3041383 
NR,N_GE1,DOM,Q3,HR	: 	: 	: b	: 	198319 	: u
NR,N_GE1,DOM,Q3,LU	: 	: 	: 	: 	: 	579 
NR,N_GE1,DOM,Q3,NL	1058533 	: 	1096288 	1097157 	1019236 	970082 
NR,N_GE1,DOM,Q4,ES	: 	: 	: b	: c	: c	6761332 
NR,N_GE1,DOM,Q4,HR	: 	: 	: b	: 	569966 	: u
NR,N_GE1,DOM,Q4,LU	: 	: 	: 	: 	: 	1111 
NR,N_GE1,DOM,Q4,NL	634896 	: 	352801 	396361 	393138 	288030 
NR,N_GE1,DOM,TOTAL,AT	1304408 	1364017 	1344580 	1348198 	1327722 	1355097 
NR,N_GE1,DOM,TOTAL,BE	630985 b	393989 	500435 	440854 	489939 	518284 
NR,N_GE1,DOM,TOTAL,BG	1821030 	1622484 	1535770 	1430774 	1196931 	1012968 
NR,N_GE1,DOM,TOTAL,CH	: 	629662 	673061 	649558 	672216 	816571 
NR,N_GE1,DOM,TOTAL,CY	170162 e	173084 e	191306 e	159756 e	188796 e	203007 e
NR,N_GE1,DOM,TOTAL,CZ	3460806 	3624574 	3621755 	3806839 	3152748 	3177297 
NR,N_GE1,DOM,TOTAL,DE	13680047 	15124254 	16570030 	16070924 	16487916 	17587516 
NR,N_GE1,DOM,TOTAL,DK	: 	1069290 	1038616 	1065837 	996650 	958961 e
NR,N_GE1,DOM,TOTAL,EE	: 	257381 	260260 	281740 	230813 	230663 
NR,N_GE1,DOM,TOTAL,EL	3073570 	2747432 	2878410 	3062062 	2590468 	3064523 
NR,N_GE1,DOM,TOTAL,ES	16992606 	17588030 	16927230 b	: c	: c	16178398 
NR,N_GE1,DOM,TOTAL,FI	1264051 	1327962 	1258190 	1450799 	1391172 	1488515 
NR,N_GE1,DOM,TOTAL,FR	25492185 	24838386 	25530695 	24961148 	25667941 	26105790 
NR,N_GE1,DOM,TOTAL,HR	903998 	1057604 	1038738 b	1091609 	1805189 	946953 u
NR,N_GE1,DOM,TOTAL,HU	: 	2813680 	2708696 	2873819 	2851524 	2754432 
NR,N_GE1,DOM,TOTAL,IE	712604 	633404 	709202 	696393 	751112 	665185 
NR,N_GE1,DOM,TOTAL,IT	13145371 	13663208 	14014287 	12638439 b	15943533 	18542557 
NR,N_GE1,DOM,TOTAL,LT	678080 	686732 	720282 	696939 	684333 	643022 
NR,N_GE1,DOM,TOTAL,LU	: 	: c	: c	1743 	4051 	2640 
NR,N_GE1,DOM,TOTAL,LV	388243 	413034 	399092 	394081 	424712 	404717 
NR,N_GE1,DOM,TOTAL,ME	: 	: c	: 	: 	: 	: 
NR,N_GE1,DOM,TOTAL,MT	54350 	53122 	48692 	58044 	53814 	75574 
NR,N_GE1,DOM,TOTAL,NL	2972054 	6355396 	6341953 	6617136 	6525177 	3199863 
NR,N_GE1,DOM,TOTAL,NO	690891 	621870 	: 	: 	554270 	: 
NR,N_GE1,DOM,TOTAL,PL	13328185 	12853326 	12063806 	11907720 	12300000 	11320000 
NR,N_GE1,DOM,TOTAL,PT	2706666 	2835741 	2747385 	2614722 	2611167 	2553946 
NR,N_GE1,DOM,TOTAL,RO	4097763 	3699409 	4068425 	3930320 	3972221 	3682794 
NR,N_GE1,DOM,TOTAL,SE	1416153 	2324225 	2144625 	2125850 	: 	: u
NR,N_GE1,DOM,TOTAL,SI	184746 	225052 	217678 	232703 e	223629 e	244176 
NR,N_GE1,DOM,TOTAL,SK	1574565 	1523774 	1262276 	1204700 	1252382 b	993008 
NR,N_GE1,DOM,TOTAL,UK	: 	13372020 	13186000 	13277100 	14175000 	13124000 
NR,N_GE1,DOT,Q1,ES	: 	: 	: b	: c	: c	42545 
NR,N_GE1,DOT,Q1,HR	: 	: 	: b	: 	16658 	: u
NR,N_GE1,DOT,Q1,LU	: 	: 	: 	: 	: 	4629 
NR,N_GE1,DOT,Q1,NL	514920 	: 	898634 	726163 	699795 	851044 
NR,N_GE1,DOT,Q2,ES	: 	: 	: b	: c	: c	158109 
NR,N_GE1,DOT,Q2,HR	: 	: 	: b	: 	48330 	: u
NR,N_GE1,DOT,Q2,LU	: 	: 	: 	: 	: 	4212 
NR,N_GE1,DOT,Q2,NL	964979 	: 	957917 	1155282 	1275161 	1281363 
NR,N_GE1,DOT,Q3,ES	: 	: 	: b	: c	: c	431880 
NR,N_GE1,DOT,Q3,HR	: 	: 	: b	: 	83107 	: u
NR,N_GE1,DOT,Q3,LU	: 	: 	: 	: 	: 	11355 
NR,N_GE1,DOT,Q3,NL	1706162 	: 	2036008 	1888924 	1929987 	1947280 
NR,N_GE1,DOT,Q4,ES	: 	: 	: b	: c	: c	1717230 
NR,N_GE1,DOT,Q4,HR	: 	: 	: b	: 	499116 	: u
NR,N_GE1,DOT,Q4,LU	: 	: 	: 	: 	: 	27239 
NR,N_GE1,DOT,Q4,NL	2419363 	: 	1347066 	1413402 	1472872 	1605014 
NR,N_GE1,DOT,TOTAL,AT	2685317 	2555815 	2488677 	2422224 	2602614 	2558195 
NR,N_GE1,DOT,TOTAL,BE	2444516 b	1667107 	1552284 	1149952 	1477964 	1019752 
NR,N_GE1,DOT,TOTAL,BG	164877 	101678 	88278 	96309 	79528 	77207 
NR,N_GE1,DOT,TOTAL,CH	: 	2905170 	2868726 	2854179 	2944436 	2762098 
NR,N_GE1,DOT,TOTAL,CY	179425 e	184631 e	168210 e	161867 e	51563 e	113449 e
NR,N_GE1,DOT,TOTAL,CZ	3348560 	3107752 	3085190 	3072152 	2801352 	3017239 
NR,N_GE1,DOT,TOTAL,DE	27252768 	26984283 	26734846 	26633382 	26472209 	26001140 
NR,N_GE1,DOT,TOTAL,DK	: 	828872 	856505 	878953 	811012 	603543 e
NR,N_GE1,DOT,TOTAL,EE	384812 	348776 	334924 	363045 	292871 	297778 
NR,N_GE1,DOT,TOTAL,EL	256953 	177770 	201398 	208552 	168317 	136641 
NR,N_GE1,DOT,TOTAL,ES	6570032 	5969011 	5505574 b	: c	: c	3150074 
NR,N_GE1,DOT,TOTAL,FI	2616243 	2530621 	2554691 	2332607 	2381930 	2330730 
NR,N_GE1,DOT,TOTAL,FR	11116234 	10973195 	11058509 	11204367 	10797102 	10376043 
NR,N_GE1,DOT,TOTAL,HR	310880 	318360 	300039 b	330501 	1294423 	303975 u
NR,N_GE1,DOT,TOTAL,HU	: 	1340228 	1269718 	1119544 	992574 	1137920 
NR,N_GE1,DOT,TOTAL,IE	1780109 	1730283 	1576187 	1630277 	1460461 	1548782 
NR,N_GE1,DOT,TOTAL,IT	4271156 	4776823 	4085928 	3783097 b	2018905 	2077845 
NR,N_GE1,DOT,TOTAL,LT	41825 u	43351 u	40837 u	38485 	37153 u	13933 u
NR,N_GE1,DOT,TOTAL,LU	: 	40299 	55555 	43188 	47107 	47434 
NR,N_GE1,DOT,TOTAL,LV	370911 	377322 	373357 	339218 	292108 	237563 
NR,N_GE1,DOT,TOTAL,ME	: 	: c	: 	: 	: 	: 
NR,N_GE1,DOT,TOTAL,MT	88763 	72735 	59605 	65866 	58401 	45199 
NR,N_GE1,DOT,TOTAL,NL	5605424 	11158983 	10479250 	10367542 	10755630 	5684702 
NR,N_GE1,DOT,TOTAL,NO	2218461 	1992320 	: 	: 	2290810 	: 
NR,N_GE1,DOT,TOTAL,PL	3187942 	2956047 	2937478 	2944592 	1900000 	1770000 
NR,N_GE1,DOT,TOTAL,PT	623773 	610991 	599567 	518534 	437447 	475601 
NR,N_GE1,DOT,TOTAL,RO	50240 	37062 	52981 	46435 	29023 	4584 
NR,N_GE1,DOT,TOTAL,SE	3644169 	3169261 	3552731 	3206880 	: 	: u
NR,N_GE1,DOT,TOTAL,SI	358607 	357792 	280162 	319105 e	314512 e	371546 
NR,N_GE1,DOT,TOTAL,SK	910571 	658160 	695235 	527938 	409535 b	239279 
NR,N_GE1,DOT,TOTAL,UK	: 	10517880 	9788100 	10443200 	11120000 	5618000 
NR,N_GE1,OUT,Q1,ES	: 	: 	: b	: c	: c	58618 
NR,N_GE1,OUT,Q1,HR	: 	: 	: b	: 	12176 	: u
NR,N_GE1,OUT,Q1,LU	: 	: 	: 	: 	: 	31462 
NR,N_GE1,OUT,Q1,NL	235295 	: 	681229 	442936 	458852 	371936 
NR,N_GE1,OUT,Q2,ES	: 	: 	: b	: c	: c	169257 
NR,N_GE1,OUT,Q2,HR	: 	: 	: b	: 	17945 	: u
NR,N_GE1,OUT,Q2,LU	: 	: 	: 	: 	: 	37967 
NR,N_GE1,OUT,Q2,NL	660269 	: 	634359 	758666 	700104 	681680 
NR,N_GE1,OUT,Q3,ES	: 	: 	: b	: c	: c	246085 
NR,N_GE1,OUT,Q3,HR	: 	: 	: b	: 	44468 	: u
NR,N_GE1,OUT,Q3,LU	: 	: 	: 	: 	: 	44507 
NR,N_GE1,OUT,Q3,NL	1104721 	: 	1085720 	1051553 	1016684 	921715 
NR,N_GE1,OUT,Q4,ES	: 	: 	: b	: c	: c	575472 
NR,N_GE1,OUT,Q4,HR	: 	: 	: b	: 	86126 	: u
NR,N_GE1,OUT,Q4,LU	: 	: 	: 	: 	: 	177756 
NR,N_GE1,OUT,Q4,NL	1439500 	: 	686528 	740168 	788503 	770744 
NR,N_GE1,OUT,TOTAL,AT	1678636 	1741260 	1711778 	1741378 	1537308 	1524633 
NR,N_GE1,OUT,TOTAL,BE	2763075 b	3764342 	3427879 	3664482 	3740856 	2996186 
NR,N_GE1,OUT,TOTAL,BG	141562 	116905 	139386 	85246 	121834 	110990 
NR,N_GE1,OUT,TOTAL,CH	: 	2582048 	2350075 	2251067 	2094844 	2061887 
NR,N_GE1,OUT,TOTAL,CY	142196 e	133300 e	116734 e	122878 e	133048 e	228469 e
NR,N_GE1,OUT,TOTAL,CZ	474731 	482327 	483902 	616859 	626863 	529628 
NR,N_GE1,OUT,TOTAL,DE	10774431 	11653331 	10515458 	10590728 	11900464 	11212876 
NR,N_GE1,OUT,TOTAL,DK	: 	1933877 	1870772 	1919803 	2029940 	1991485 e
NR,N_GE1,OUT,TOTAL,EE	119166 	152901 	134293 	142964 	176278 	157276 
NR,N_GE1,OUT,TOTAL,EL	262041 	324204 	301135 	307995 	292173 	281774 
NR,N_GE1,OUT,TOTAL,ES	2102882 	2057163 	2017065 b	: c	: c	1485142 
NR,N_GE1,OUT,TOTAL,FI	206345 	221004 	222930 	248893 	241596 	242491 
NR,N_GE1,OUT,TOTAL,FR	2087293 	2237982 	2100083 	2064372 	2015155 	1899017 
NR,N_GE1,OUT,TOTAL,HR	350107 	221562 	220556 b	359364 	321429 	658381 u
NR,N_GE1,OUT,TOTAL,HU	: 	574834 	545241 	488855 	474068 	462576 
NR,N_GE1,OUT,TOTAL,IE	340421 	430462 	402875 	335480 	322434 	331198 
NR,N_GE1,OUT,TOTAL,IT	4124164 	3362742 	3706189 	3304806 b	3686357 	4378096 
NR,N_GE1,OUT,TOTAL,LT	679374 	682099 	692408 	718972 	704570 	672559 
NR,N_GE1,OUT,TOTAL,LU	: 	346623 	331571 	332054 	327261 	291693 
NR,N_GE1,OUT,TOTAL,LV	171665 	172925 	143281 	145620 	172326 	149012 
NR,N_GE1,OUT,TOTAL,ME	: 	: c	: 	: 	: 	: 
NR,N_GE1,OUT,TOTAL,MT	108073 	92138 	78359 	68065 	69852 	54634 
NR,N_GE1,OUT,TOTAL,NL	3439785 	6248512 	6175672 	5986646 	5928286 	2746075 
NR,N_GE1,OUT,TOTAL,NO	746881 	668879 	: 	: 	663900 	: 
NR,N_GE1,OUT,TOTAL,PL	2663926 	2565836 	2446305 	2347682 	2850000 	2570000 
NR,N_GE1,OUT,TOTAL,PT	382545 	321219 	351714 	296537 	315740 	269946 
NR,N_GE1,OUT,TOTAL,RO	232524 	224532 	236170 	224384 	228902 	187423 
NR,N_GE1,OUT,TOTAL,SE	988205 	994398 	895416 	797220 	: 	: u
NR,N_GE1,OUT,TOTAL,SI	609000 	587530 	603571 	553912 e	543807 e	504533 
NR,N_GE1,OUT,TOTAL,SK	761127 	857278 	803399 	723361 	904451 b	1256216 
NR,N_GE1,OUT,TOTAL,UK	: 	10693610 	11591300 	10617700 	8538000 	15406000 
NR,N_GE1,WORLD,Q1,ES	: 	: 	: b	: c	: c	753395 
NR,N_GE1,WORLD,Q1,HR	: 	: 	: b	: 	95219 	159613 
NR,N_GE1,WORLD,Q1,LU	: 	: 	: 	: 	: 	36812 
NR,N_GE1,WORLD,Q1,NL	1163159 	: 	2515292 	2060404 	2047600 	2205861 
NR,N_GE1,WORLD,Q2,ES	: 	: 	: b	: c	: c	2163601 
NR,N_GE1,WORLD,Q2,HR	: 	: 	: b	: 	134199 	125538 
NR,N_GE1,WORLD,Q2,LU	: 	: 	: 	: 	: 	42407 
NR,N_GE1,WORLD,Q2,NL	2490929 	: 	2378734 	2837693 	2936527 	2919826 
NR,N_GE1,WORLD,Q3,ES	: 	: 	: b	: c	: c	3719347 
NR,N_GE1,WORLD,Q3,HR	: 	: 	: b	: 	325894 	451887 
NR,N_GE1,WORLD,Q3,LU	: 	: 	: 	: 	: 	56441 
NR,N_GE1,WORLD,Q3,NL	3869416 	: 	4218016 	4037633 	3965907 	3839724 
NR,N_GE1,WORLD,Q4,ES	: 	: 	: b	: c	: c	9054034 
NR,N_GE1,WORLD,Q4,HR	: 	: 	: b	: 	1155208 	1172272 
NR,N_GE1,WORLD,Q4,LU	: 	: 	: 	: 	: 	206106 
NR,N_GE1,WORLD,Q4,NL	4493759 	: 	2386395 	2549931 	2654513 	2665227 
NR,N_GE1,WORLD,TOTAL,AT	5668361 	5661092 	5545035 	5511799 	5467644 	5437926 
NR,N_GE1,WORLD,TOTAL,BE	5838576 b	5825439 	5480598 	5255288 	5708759 	4534221 
NR,N_GE1,WORLD,TOTAL,BG	2127469 	1841067 	1763434 	1612329 	1398293 	1201165 
NR,N_GE1,WORLD,TOTAL,CH	: 	6116881 	5891862 	5754804 	5711495 	5640555 
NR,N_GE1,WORLD,TOTAL,CY	491783 e	491014 e	476250 e	444501 e	373406 e	544925 e
NR,N_GE1,WORLD,TOTAL,CZ	7284097 	7214653 	7190847 	7495851 	6580964 	6724164 
NR,N_GE1,WORLD,TOTAL,DE	51707246 	53761868 	53820334 	53295033 	54860590 	54801532 
NR,N_GE1,WORLD,TOTAL,DK	: 	3832039 	3765894 	3864593 	3837602 	3553989 e
NR,N_GE1,WORLD,TOTAL,EE	746057 	759058 	729477 	787749 	699962 	685717 
NR,N_GE1,WORLD,TOTAL,EL	3592564 	3249406 	3380943 	3578609 	3050958 	3482938 
NR,N_GE1,WORLD,TOTAL,ES	25665519 	25614204 	24449869 b	: c	: c	20813614 
NR,N_GE1,WORLD,TOTAL,FI	4086639 	4079587 	4035811 	4032299 	4014698 	4061736 
NR,N_GE1,WORLD,TOTAL,FR	38695712 	38049563 	38689286 	38229887 	38480199 	38380851 
NR,N_GE1,WORLD,TOTAL,HR	1564984 	1597525 	1559333 b	1781473 	3421041 	1909309 
NR,N_GE1,WORLD,TOTAL,HU	: 	4728742 	4523655 	4482218 	4318166 	4354928 
NR,N_GE1,WORLD,TOTAL,IE	2833130 	2794153 	2688271 	2662137 	2534005 	2545174 
NR,N_GE1,WORLD,TOTAL,IT	21540692 	21802773 	21806405 	19726341 b	21648795 	24998498 
NR,N_GE1,WORLD,TOTAL,LT	1399279 	1412182 	1453527 	1454396 	1426056 	1329514 
NR,N_GE1,WORLD,TOTAL,LU	: 	389553 	389075 	376984 	378419 	341767 
NR,N_GE1,WORLD,TOTAL,LV	930819 	963281 	915729 	878919 	889146 	791292 
NR,N_GE1,WORLD,TOTAL,ME	: 	: c	: 	: 	: 	: 
NR,N_GE1,WORLD,TOTAL,MT	251186 	217996 	186655 	191974 	182068 	175406 
NR,N_GE1,WORLD,TOTAL,NL	12017263 	23762893 	22996873 	22971322 	23209094 	11630639 
NR,N_GE1,WORLD,TOTAL,NO	3656232 	3283068 	: 	: 	3508980 	: 
NR,N_GE1,WORLD,TOTAL,PL	19180052 	18375208 	17447589 	17199994 	17050000 	15660000 
NR,N_GE1,WORLD,TOTAL,PT	3712984 	3767951 	3698666 	3429793 	3364354 	3299493 
NR,N_GE1,WORLD,TOTAL,RO	4380527 	3961003 	4357576 	4201139 	4230146 	3874801 
NR,N_GE1,WORLD,TOTAL,SE	6048527 	6487885 	6592772 	6130000 	: 	: u
NR,N_GE1,WORLD,TOTAL,SI	1152354 	1170373 	1101410 	1105720 e	1081948 e	1120255 
NR,N_GE1,WORLD,TOTAL,SK	3246263 	3039212 	2760910 	2455999 	2566368 b	2488503 
NR,N_GE1,WORLD,TOTAL,UK	: 	34583500 	34565500 	34338000 	33832000 	34148000 
NR,N_GE4,DOM,Q1,ES	: 	: 	: b	: c	: c	384824 
NR,N_GE4,DOM,Q1,HR	: 	: 	: b	: 	37012 	54268 
NR,N_GE4,DOM,Q1,LU	: 	: 	: 	: 	: 	365 
NR,N_GE4,DOM,Q1,NL	236293 	: 	618115 	557879 	579568 	687775 
NR,N_GE4,DOM,Q2,ES	: 	: 	: b	: c	: c	1121583 
NR,N_GE4,DOM,Q2,HR	: 	: 	: b	: 	43087 	58245 
NR,N_GE4,DOM,Q2,NL	617047 	: 	608245 	668323 	716958 	764888 
NR,N_GE4,DOM,Q3,ES	: 	: 	: b	: c	: c	2001793 
NR,N_GE4,DOM,Q3,HR	: 	: 	: b	: 	111444 	157184 
NR,N_GE4,DOM,Q3,LU	: 	: 	: 	: 	: 	190 
NR,N_GE4,DOM,Q3,NL	804780 	: 	785251 	800084 	801505 	783261 
NR,N_GE4,DOM,Q4,ES	: 	: 	: b	: c	: c	5010096 
NR,N_GE4,DOM,Q4,HR	: 	: 	: b	: 	489760 	514892 
NR,N_GE4,DOM,Q4,LU	: 	: 	: 	: 	: 	1267 
NR,N_GE4,DOM,Q4,NL	459156 	: 	271920 	304322 	281379 	234111 
NR,N_GE4,DOM,TOTAL,AT	646557 	642194 	624575 	636346 	593633 	698287 
NR,N_GE4,DOM,TOTAL,BE	257208 b	203247 	228940 	197892 	266905 	343546 
NR,N_GE4,DOM,TOTAL,BG	1304174 	1078620 	1115359 	930776 	759641 	584725 b
NR,N_GE4,DOM,TOTAL,CH	: 	527247 	498831 	569435 	560674 	651956 
NR,N_GE4,DOM,TOTAL,CY	91630 e	89838 e	112813 e	74036 e	50593 e	58471 e
NR,N_GE4,DOM,TOTAL,CZ	2376596 	2398127 	2301395 	2662139 	2189055 	2070049 
NR,N_GE4,DOM,TOTAL,DE	9504661 	10504640 	11094446 	11183170 	11048381 	11361778 
NR,N_GE4,DOM,TOTAL,DK	: 	923884 	924695 	957745 	891083 	803066 
NR,N_GE4,DOM,TOTAL,EE	127360 	121855 	103633 	120109 	112883 	119348 b
NR,N_GE4,DOM,TOTAL,EL	2599499 	2236298 	2341046 	2593563 	2189625 	2360851 
NR,N_GE4,DOM,TOTAL,ES	12550496 	13080229 	12528112 b	: c	: c	11155393 
NR,N_GE4,DOM,TOTAL,FI	1196069 	1260701 	1337733 	1325117 	1273499 	1310023 b
NR,N_GE4,DOM,TOTAL,FR	18898499 	21431436 	22276568 	22136458 	22518479 	22874230 
NR,N_GE4,DOM,TOTAL,HR	779256 	821086 	759048 b	810696 	1362606 	784589 
NR,N_GE4,DOM,TOTAL,HU	: 	1581455 	1583337 	1645689 	1643169 	1618780 b
NR,N_GE4,DOM,TOTAL,IE	323379 	296352 	323668 	324152 	322834 	305569 
NR,N_GE4,DOM,TOTAL,IT	11338534 	11239070 	12319417 	11240517 b	12366286 	14273080 
NR,N_GE4,DOM,TOTAL,LT	123818 	132106 	153984 	152638 	137738 	122955 
NR,N_GE4,DOM,TOTAL,LU	: 	: c	: c	3645 	954 	1822 
NR,N_GE4,DOM,TOTAL,LV	112081 	110971 	100606 	88888 	119488 	107228 
NR,N_GE4,DOM,TOTAL,ME	: 	: c	: 	: 	: 	: 
NR,N_GE4,DOM,TOTAL,MT	23489 	19939 	19305 	25939 	20605 	26294 b
NR,N_GE4,DOM,TOTAL,NL	2117276 	4675944 	4567062 	4661217 	4758821 	2470035 b
NR,N_GE4,DOM,TOTAL,NO	618220 	556707 	: 	: 	501100 	: 
NR,N_GE4,DOM,TOTAL,PL	8750326 	8507031 	8050355 	7217153 	8130000 	7360000 
NR,N_GE4,DOM,TOTAL,PT	1773317 	1801265 	1728860 	1621955 	1775641 	1428380 
NR,N_GE4,DOM,TOTAL,RO	1425535 	1362303 	1514890 	1497020 	1569449 	1648173 
NR,N_GE4,DOM,TOTAL,SE	948704 	878661 	824698 	864800 	: 	2988546 
NR,N_GE4,DOM,TOTAL,SI	120977 	148081 	136681 	144768 e	137652 e	151800 
NR,N_GE4,DOM,TOTAL,SK	760545 	799001 	703873 	638799 	686371 b	628108 
NR,N_GE4,DOM,TOTAL,UK	: 	8469680 	8452800 	8345600 	9737400 	10832000 
NR,N_GE4,DOT,Q1,ES	: 	: 	: b	: c	: c	23826 
NR,N_GE4,DOT,Q1,HR	: 	: 	: b	: 	12711 	8340 
NR,N_GE4,DOT,Q1,LU	: 	: 	: 	: 	: 	2367 
NR,N_GE4,DOT,Q1,NL	183089 	: 	360212 	295761 	285387 	297481 
NR,N_GE4,DOT,Q2,ES	: 	: 	: b	: c	: c	79168 
NR,N_GE4,DOT,Q2,HR	: 	: 	: b	: 	4637 	0 
NR,N_GE4,DOT,Q2,LU	: 	: 	: 	: 	: 	1701 
NR,N_GE4,DOT,Q2,NL	432135 	: 	430864 	484813 	570884 	516688 
NR,N_GE4,DOT,Q3,ES	: 	: 	: b	: c	: c	166413 
NR,N_GE4,DOT,Q3,HR	: 	: 	: b	: 	15538 	22305 
NR,N_GE4,DOT,Q3,LU	: 	: 	: 	: 	: 	1190 
NR,N_GE4,DOT,Q3,NL	686986 	: 	810512 	721509 	748498 	881811 
NR,N_GE4,DOT,Q4,ES	: 	: 	: b	: c	: c	932234 
NR,N_GE4,DOT,Q4,HR	: 	: 	: b	: 	144344 	137380 
NR,N_GE4,DOT,Q4,LU	: 	: 	: 	: 	: 	5554 
NR,N_GE4,DOT,Q4,NL	952480 	: 	577360 	514459 	589596 	585396 
NR,N_GE4,DOT,TOTAL,AT	2408121 	2350563 	2272509 	2217916 	2364685 	2326191 
NR,N_GE4,DOT,TOTAL,BE	2214334 b	1551597 	1412709 	1039597 	1413416 	950768 
NR,N_GE4,DOT,TOTAL,BG	111316 	32916 	72425 	44038 	33540 	23011 b
NR,N_GE4,DOT,TOTAL,CH	: 	1217475 	1261273 	1297875 	1399792 	1206266 
NR,N_GE4,DOT,TOTAL,CY	163584 e	172425 e	155992 e	151851 e	51563 e	77361 e
NR,N_GE4,DOT,TOTAL,CZ	1768239 	1707832 	1472703 	1512972 	1364432 	1669787 e
NR,N_GE4,DOT,TOTAL,DE	13537613 	12840663 	12429234 	12904697 	12211150 	12470758 
NR,N_GE4,DOT,TOTAL,DK	: 	828872 	830147 	785796 	725109 	568881 
NR,N_GE4,DOT,TOTAL,EE	124982 u	70103 u	81577 	107117 	106773 	83812 b
NR,N_GE4,DOT,TOTAL,EL	166203 	125255 	156585 	154825 	130201 	101942 
NR,N_GE4,DOT,TOTAL,ES	3817514 	3533913 	3281038 b	: c	: c	1573307 
NR,N_GE4,DOT,TOTAL,FI	1059690 	1136850 	1118915 	964958 	1076718 	990233 b
NR,N_GE4,DOT,TOTAL,FR	7363817 	7516730 	7628237 	7765801 	7607639 	7182013 
NR,N_GE4,DOT,TOTAL,HR	166765 	127400 	120818 b	140634 	354459 	168025 
NR,N_GE4,DOT,TOTAL,HU	: 	543135 	477679 	503244 	506139 	551491 b
NR,N_GE4,DOT,TOTAL,IE	946160 	858388 	797862 	819899 	781539 	774461 
NR,N_GE4,DOT,TOTAL,IT	2919982 	3278152 	2567479 	2305577 b	1577494 	1370917 
NR,N_GE4,DOT,TOTAL,LT	23716 u	22463 u	21941 u	21388 	21339 u	12051 u
NR,N_GE4,DOT,TOTAL,LU	: 	10348 u	13599 u	8177 	8307 	10812 
NR,N_GE4,DOT,TOTAL,LV	83845 	89546 	96034 	83807 	44373 	50765 
NR,N_GE4,DOT,TOTAL,ME	: 	: c	: 	: 	: 	: 
NR,N_GE4,DOT,TOTAL,MT	32319 	20326 	18960 	22892 	19721 	14136 
NR,N_GE4,DOT,TOTAL,NL	2254690 	4496260 	4357896 	4033084 	4388730 	2281377 b
NR,N_GE4,DOT,TOTAL,NO	1355057 	1213226 	: 	: 	1319160 	: 
NR,N_GE4,DOT,TOTAL,PL	1818016 	1791286 	1783744 	1666492 	1560000 	1450000 
NR,N_GE4,DOT,TOTAL,PT	574837 	578712 	569221 	466923 	399802 	221774 
NR,N_GE4,DOT,TOTAL,RO	45175 	31856 	48682 	43506 	25670 	4584 
NR,N_GE4,DOT,TOTAL,SE	1831019 	1612897 	1972366 	1638920 	: 	326564 
NR,N_GE4,DOT,TOTAL,SI	110220 	105138 	94148 	100850 e	100052 e	121599 
NR,N_GE4,DOT,TOTAL,SK	445311 	348383 	308880 u	148240 	164643 b	113658 
NR,N_GE4,DOT,TOTAL,UK	: 	2823230 	3381100 	2781900 	3608100 	4472000 
NR,N_GE4,OUT,Q1,ES	: 	: 	: b	: c	: c	50192 
NR,N_GE4,OUT,Q1,HR	: 	: 	: b	: 	9881 	44002 
NR,N_GE4,OUT,Q1,LU	: 	: 	: 	: 	: 	26475 
NR,N_GE4,OUT,Q1,NL	494609 	: 	1074555 	721924 	778610 	795991 
NR,N_GE4,OUT,Q2,ES	: 	: 	: b	: c	: c	186846 
NR,N_GE4,OUT,Q2,HR	: 	: 	: b	: 	20953 	8193 
NR,N_GE4,OUT,Q2,LU	: 	: 	: 	: 	: 	37229 
NR,N_GE4,OUT,Q2,NL	1074059 	: 	1055746 	1261248 	1229927 	1237560 
NR,N_GE4,OUT,Q3,ES	: 	: 	: b	: c	: c	374059 
NR,N_GE4,OUT,Q3,HR	: 	: 	: b	: 	52896 	74618 
NR,N_GE4,OUT,Q3,LU	: 	: 	: 	: 	: 	49859 
NR,N_GE4,OUT,Q3,NL	1925011 	: 	2100472 	2030082 	1986142 	1787712 
NR,N_GE4,OUT,Q4,ES	: 	: 	: b	: c	: c	931955 
NR,N_GE4,OUT,Q4,HR	: 	: 	: b	: 	129640 	159099 
NR,N_GE4,OUT,Q4,LU	: 	: 	: 	: 	: 	179046 
NR,N_GE4,OUT,Q4,NL	2720533 	: 	1329459 	1556402 	1554023 	1676426 
NR,N_GE4,OUT,TOTAL,AT	1364762 	1425490 	1396132 	1395824 	1238040 	1250421 
NR,N_GE4,OUT,TOTAL,BE	2421001 b	3369644 	3118223 	3256279 	3349793 	2642433 
NR,N_GE4,OUT,TOTAL,BG	173554 	138622 	152941 	73289 	105147 	100881 b
NR,N_GE4,OUT,TOTAL,CH	: 	3761288 	3455619 	3289924 	3061482 	3047800 
NR,N_GE4,OUT,TOTAL,CY	122477 e	114942 e	105446 e	109778 e	98992 e	181017 e
NR,N_GE4,OUT,TOTAL,CZ	1473032 	1355878 	1630677 	1685127 	1496931 	1365318 e
NR,N_GE4,OUT,TOTAL,DE	20872129 	22321623 	21330781 	21088553 	22241329 	21617616 
NR,N_GE4,OUT,TOTAL,DK	: 	1790937 	1676575 	1716329 	1814925 	1977929 
NR,N_GE4,OUT,TOTAL,EE	231085 	293263 	272436 	251508 	219894 	213338 b
NR,N_GE4,OUT,TOTAL,EL	264584 	306706 	283007 	292670 	289415 	257632 
NR,N_GE4,OUT,TOTAL,ES	3118787 	3050026 	2879894 b	: c	: c	2128672 
NR,N_GE4,OUT,TOTAL,FI	836101 	676813 	696575 	719286 	693621 	702880 b
NR,N_GE4,OUT,TOTAL,FR	3814133 	3874332 	3736176 	3739142 	3606607 	3419298 
NR,N_GE4,OUT,TOTAL,HR	289221 	171090 	204861 b	285261 	426739 	285912 
NR,N_GE4,OUT,TOTAL,HU	: 	1020619 	1005116 	783950 	733708 	802518 b
NR,N_GE4,OUT,TOTAL,IE	872123 	957828 	866416 	880141 	706920 	812175 
NR,N_GE4,OUT,TOTAL,IT	4643562 	3869342 	4113420 	3737765 b	3661647 	4899439 
NR,N_GE4,OUT,TOTAL,LT	520239 	509851 	525675 	537809 	523641 	489266 
NR,N_GE4,OUT,TOTAL,LU	: 	351041 	336298 	295009 	339950 	292609 
NR,N_GE4,OUT,TOTAL,LV	318831 	327627 	300595 	279211 	305785 	232037 
NR,N_GE4,OUT,TOTAL,ME	: 	: c	: 	: 	: 	: 
NR,N_GE4,OUT,TOTAL,MT	142825 	125248 	102971 	93639 	89792 	80582 b
NR,N_GE4,OUT,TOTAL,NL	6214212 	11697954 	11120464 	11139311 	11097405 	5497690 b
NR,N_GE4,OUT,TOTAL,NO	1314594 	1180761 	: 	: 	1331770 	: 
NR,N_GE4,OUT,TOTAL,PL	2299062 	2214369 	1971968 	2932272 	2190000 	2050000 
NR,N_GE4,OUT,TOTAL,PT	323027 	258736 	288127 	252923 	272901 	268925 
NR,N_GE4,OUT,TOTAL,RO	204846 	199092 	206927 	204453 	200371 	166870 
NR,N_GE4,OUT,TOTAL,SE	2164959 	1524596 	1525883 	1373070 	: 	3010395 
NR,N_GE4,OUT,TOTAL,SI	745337 	687836 	688739 	666529 e	634868 e	641947 
NR,N_GE4,OUT,TOTAL,SK	1032140 	1052242 	1125511 	1003552 	986785 b	1292107 
NR,N_GE4,OUT,TOTAL,UK	: 	12233980 	12317000 	12054700 	14939500 	14260000 
NR,N_GE4,WORLD,Q1,ES	: 	: 	: b	: c	: c	458841 
NR,N_GE4,WORLD,Q1,HR	: 	: 	: b	: 	59604 	106609 
NR,N_GE4,WORLD,Q1,LU	: 	: 	: 	: 	: 	29207 
NR,N_GE4,WORLD,Q1,NL	913991 	: 	2052882 	1575564 	1643566 	1782235 
NR,N_GE4,WORLD,Q2,ES	: 	: 	: b	: c	: c	1387597 
NR,N_GE4,WORLD,Q2,HR	: 	: 	: b	: 	68677 	66438 
NR,N_GE4,WORLD,Q2,LU	: 	: 	: 	: 	: 	38930 
NR,N_GE4,WORLD,Q2,NL	2123241 	: 	2094856 	2414383 	2517770 	2519733 
NR,N_GE4,WORLD,Q3,ES	: 	: 	: b	: c	: c	2542264 
NR,N_GE4,WORLD,Q3,HR	: 	: 	: b	: 	179878 	254108 
NR,N_GE4,WORLD,Q3,LU	: 	: 	: 	: 	: 	51239 
NR,N_GE4,WORLD,Q3,NL	3416777 	: 	3696234 	3551675 	3536145 	3452556 
NR,N_GE4,WORLD,Q4,ES	: 	: 	: b	: c	: c	6874286 
NR,N_GE4,WORLD,Q4,HR	: 	: 	: b	: 	763744 	811371 
NR,N_GE4,WORLD,Q4,LU	: 	: 	: 	: 	: 	185867 
NR,N_GE4,WORLD,Q4,NL	4132169 	: 	2178739 	2375183 	2424998 	2494577 
NR,N_GE4,WORLD,TOTAL,AT	4419440 	4418247 	4293217 	4250086 	4196358 	4274899 
NR,N_GE4,WORLD,TOTAL,BE	4892543 b	5124488 	4759873 	4493768 	5030113 	3936747 
NR,N_GE4,WORLD,TOTAL,BG	1589043 	1250157 	1340724 	1048103 	898328 	708617 b
NR,N_GE4,WORLD,TOTAL,CH	: 	5506010 	5215723 	5157234 	5021948 	4906022 
NR,N_GE4,WORLD,TOTAL,CY	377691 e	377204 e	374251 e	335665 e	201147 e	316849 e
NR,N_GE4,WORLD,TOTAL,CZ	5617867 	5461837 	5404775 	5860238 	5050417 	5105154 e
NR,N_GE4,WORLD,TOTAL,DE	43914403 	45666926 	44854461 	45176420 	45500860 	45450152 
NR,N_GE4,WORLD,TOTAL,DK	: 	3543693 	3431417 	3459870 	3431117 	3349876 
NR,N_GE4,WORLD,TOTAL,EE	483428 	485221 	457647 	478734 	439550 	416498 b
NR,N_GE4,WORLD,TOTAL,EL	3030286 	2668259 	2780638 	3041058 	2609241 	2720425 
NR,N_GE4,WORLD,TOTAL,ES	19486797 	19664167 	18689044 b	: c	: c	14857373 
NR,N_GE4,WORLD,TOTAL,FI	3091860 	3074364 	3153223 	3009361 	3043838 	3003136 b
NR,N_GE4,WORLD,TOTAL,FR	30076449 	32822497 	33640981 	33641401 	33732725 	33475541 
NR,N_GE4,WORLD,TOTAL,HR	1235242 	1119576 	1084727 b	1236591 	2143804 	1238527 
NR,N_GE4,WORLD,TOTAL,HU	: 	3145209 	3066132 	2932883 	2883016 	2972789 b
NR,N_GE4,WORLD,TOTAL,IE	2141669 	2112565 	1987949 	2024182 	1811280 	1892215 
NR,N_GE4,WORLD,TOTAL,IT	18902078 	18386564 	19000316 	17283859 b	17605427 	20543435 
NR,N_GE4,WORLD,TOTAL,LT	667774 	664420 	701600 	711835 	682718 	624272 
NR,N_GE4,WORLD,TOTAL,LU	: 	363632 	350013 	306831 	349212 	305243 
NR,N_GE4,WORLD,TOTAL,LV	514757 	528144 	497235 	451906 	469646 	390030 
NR,N_GE4,WORLD,TOTAL,ME	: 	: c	: 	: 	: 	: 
NR,N_GE4,WORLD,TOTAL,MT	198633 	165513 	141236 	142470 	130118 	121013 
NR,N_GE4,WORLD,TOTAL,NL	10586178 	20870159 	20045421 	19833610 	20244958 	10249101 b
NR,N_GE4,WORLD,TOTAL,NO	3287871 	2950695 	: 	: 	3152020 	: 
NR,N_GE4,WORLD,TOTAL,PL	12867405 	12512686 	11806067 	11815917 	11880000 	10860000 
NR,N_GE4,WORLD,TOTAL,PT	2671181 	2638713 	2586208 	2341800 	2448343 	1919079 
NR,N_GE4,WORLD,TOTAL,RO	1675556 	1593251 	1770499 	1744979 	1795490 	1819627 
NR,N_GE4,WORLD,TOTAL,SE	4944682 	4016154 	4322947 	3876810 	: 	6325505 
NR,N_GE4,WORLD,TOTAL,SI	976535 	941055 	919567 	912147 e	872572 e	915345 
NR,N_GE4,WORLD,TOTAL,SK	2237996 	2199626 	2138264 	1790591 	1837799 b	2033873 
NR,N_GE4,WORLD,TOTAL,UK	: 	23526890 	24150900 	23182200 	28285000 	29554000 
PC_POP,N1-3,WORLD,Q1,NL	55.15 	: 	: 	: 	: 	: 
PC_POP,N1-3,WORLD,Q2,NL	45.97 	: 	: 	: 	: 	: 
PC_POP,N1-3,WORLD,Q3,NL	54.85 	: 	: 	: 	: 	: 
PC_POP,N1-3,WORLD,Q4,NL	62.76 	: 	: 	: 	: 	: 
PC_POP,N1-3,WORLD,TOTAL,AT	58.45 	58.22 	57.45 	57.26 	59.61 	57.73 
PC_POP,N1-3,WORLD,TOTAL,BE	39.88 b	32.21 	30.56 	28.17 	30.89 	24.12 
PC_POP,N1-3,WORLD,TOTAL,BG	22.19 	16.61 	16.48 	17.07 	10.32 	8.53 
PC_POP,N1-3,WORLD,TOTAL,CH	: 	68.5 	67.62 	65.25 	66.49 	65.2 
PC_POP,N1-3,WORLD,TOTAL,CY	34.57 e	38.58 e	33.95 e	35.11 e	29.57 e	42.2 e
PC_POP,N1-3,WORLD,TOTAL,CZ	71.37 	69.96 	68.39 	69.7 	61.81 	63.13 
PC_POP,N1-3,WORLD,TOTAL,DE	64.83 	71.05 	69.41 	70.96 	70.99 	70.46 
PC_POP,N1-3,WORLD,TOTAL,DK	: 	43.33 	42.08 	47.1 	45.29 	42.16 
PC_POP,N1-3,WORLD,TOTAL,EE	63.54 	54.88 	51.72 	64.45 	52.73 	51.64 
PC_POP,N1-3,WORLD,TOTAL,EL	12.29 	10.42 	11.69 	11.72 	9.14 	13.84 
PC_POP,N1-3,WORLD,TOTAL,ES	51.54 	47.26 	45.98 b	: c	: c	36.77 
PC_POP,N1-3,WORLD,TOTAL,FI	86.85 	86.93 	85.18 	86.01 	85.15 	87.29 
PC_POP,N1-3,WORLD,TOTAL,FR	55.12 	50.2 	50.94 	50.84 	50.81 	51.82 
PC_POP,N1-3,WORLD,TOTAL,HR	20.72 	21.14 	22 b	28.77 	30.72 	34 u
PC_POP,N1-3,WORLD,TOTAL,HU	: 	41.72 	39.36 	39.41 	36.92 	39.37 
PC_POP,N1-3,WORLD,TOTAL,IE	48.87 	46.92 	46.52 	47.03 	43.33 	46.56 
PC_POP,N1-3,WORLD,TOTAL,IT	18.91 	21.64 	19.51 	17.69 b	18.88 	22.86 
PC_POP,N1-3,WORLD,TOTAL,LT	30.81 	30.66 	30.46 	30.16 	29.83 	27.55 
PC_POP,N1-3,WORLD,TOTAL,LU	: 	52.42 	57.72 	48.36 	54.7 	49.24 
PC_POP,N1-3,WORLD,TOTAL,LV	47.69 	50.75 	47.4 	44.97 	43.44 	50.9 
PC_POP,N1-3,WORLD,TOTAL,ME	: 	: c	: 	: 	: 	: 
PC_POP,N1-3,WORLD,TOTAL,MT	26.24 	27.24 	22.66 	24.49 	23.67 	23.61 
PC_POP,N1-3,WORLD,TOTAL,NL	55.58 	56.02 	54.19 	56.22 	55.4 	59.02 
PC_POP,N1-3,WORLD,TOTAL,NO	80.36 	80.54 	: 	: 	82.83 	: 
PC_POP,N1-3,WORLD,TOTAL,PL	42.51 	41.41 	38.39 	35.78 	30.87 	33.02 
PC_POP,N1-3,WORLD,TOTAL,PT	30.25 	30.72 	17.31 	17.22 	29 	24.68 
PC_POP,N1-3,WORLD,TOTAL,RO	16.8 	14.55 	15.81 	14.94 	13.87 	11.4 
PC_POP,N1-3,WORLD,TOTAL,SE	76.45 	43.38 	41.44 	38.96 	: 	: 
PC_POP,N1-3,WORLD,TOTAL,SI	35.62 	37.82 	30.6 	33.03 e	31.78 e	36.31 
PC_POP,N1-3,WORLD,TOTAL,SK	45.68 	33.01 	29.57 	26.22 	27.19 b	13.87 
PC_POP,N1-3,WORLD,TOTAL,UK	: 	22.68 	22.49 	25.12 	22.29 	8.82 
PC_POP,N_GE1,DOM,Q1,NL	27.41 	: 	: 	: 	: 	: 
PC_POP,N_GE1,DOM,Q2,NL	27.02 	: 	: 	: 	: 	: 
PC_POP,N_GE1,DOM,Q3,NL	23.45 	: 	: 	: 	: 	: 
PC_POP,N_GE1,DOM,Q4,NL	13.1 	: 	: 	: 	: 	: 
PC_POP,N_GE1,DOM,TOTAL,AT	17.63 	18.5 	18.41 	18.69 	18.56 	18.99 
PC_POP,N_GE1,DOM,TOTAL,BE	7 b	3.96 	5.15 	4.66 	5.29 	5.67 
PC_POP,N_GE1,DOM,TOTAL,BG	29.72 	26.24 	24.71 	22.78 	18.83 	15.85 
PC_POP,N_GE1,DOM,TOTAL,CH	: 	9.24 	9.99 	9.75 	10.22 	12.45 
PC_POP,N_GE1,DOM,TOTAL,CY	23.65 e	24.33 e	27.15 e	22.71 e	26.31 e	28.21 e
PC_POP,N_GE1,DOM,TOTAL,CZ	38.75 	40.59 	40.55 	42.62 	35.25 	35.45 
PC_POP,N_GE1,DOM,TOTAL,DE	19.14 	21.21 	23.86 	23.26 	23.38 	24.84 
PC_POP,N_GE1,DOM,TOTAL,DK	: 	22.28 	21.74 	22.63 	21.34 	19.81 e
PC_POP,N_GE1,DOM,TOTAL,EE	: 	23.3 	23.58 	25.43 	20.39 	20.38 
PC_POP,N_GE1,DOM,TOTAL,EL	33.67 	30.07 	31.23 	33.23 	27.66 	32.63 
PC_POP,N_GE1,DOM,TOTAL,ES	43.46 	45.13 	43.48 b	: c	: c	41.47 
PC_POP,N_GE1,DOM,TOTAL,FI	28.25 	29.77 	28.26 	32.65 	31.43 	33.74 
PC_POP,N_GE1,DOM,TOTAL,FR	48.61 	47.72 	49.34 	48.51 	50.06 	51.07 
PC_POP,N_GE1,DOM,TOTAL,HR	24.89 	29.12 	28.6 b	30.05 	24.85 	25.71 u
PC_POP,N_GE1,DOM,TOTAL,HU	: 	32.85 	31.71 	34 	34.12 	32.89 
PC_POP,N_GE1,DOM,TOTAL,IE	18.66 	16.83 	19.6 	19.33 	20.88 	18.55 
PC_POP,N_GE1,DOM,TOTAL,IT	25.26 	26.25 	26.92 	24.28 b	30.74 	35.95 
PC_POP,N_GE1,DOM,TOTAL,LT	27.95 	27.86 	28.86 	27.73 	26.99 	25.12 
PC_POP,N_GE1,DOM,TOTAL,LU	: 	: c	: c	0.38 	0.89 	0.63 
PC_POP,N_GE1,DOM,TOTAL,LV	24.08 	25.29 	24.1 	23.54 	25.06 	31.43 
PC_POP,N_GE1,DOM,TOTAL,ME	: 	: c	: 	: 	: 	: 
PC_POP,N_GE1,DOM,TOTAL,MT	13.85 	14.54 	13.49 	16.23 	14.89 	20.97 
PC_POP,N_GE1,DOM,TOTAL,NL	21.12 	22.81 	23.03 	24.11 	23.73 	23.45 
PC_POP,N_GE1,DOM,TOTAL,NO	17.07 	17.13 	: 	: 	14.43 	: 
PC_POP,N_GE1,DOM,TOTAL,PL	41.16 	39.7 	37.41 	36.78 	37.59 	34.58 
PC_POP,N_GE1,DOM,TOTAL,PT	30.77 	31.9 	18.12 	18.2 	29.09 	28.34 
PC_POP,N_GE1,DOM,TOTAL,RO	25.03 	22.43 	24.58 	23.57 	22.14 	20.43 
PC_POP,N_GE1,DOM,TOTAL,SE	19.17 	28.23 	26.37 	26.09 	: 	: 
PC_POP,N_GE1,DOM,TOTAL,SI	10.52 	12.81 	12.38 	13.23 e	12.7 e	13.86 
PC_POP,N_GE1,DOM,TOTAL,SK	34.29 	33.16 	27.48 	26.24 	27.34 b	21.72 
PC_POP,N_GE1,DOM,TOTAL,UK	: 	24.78 	24.44 	24.78 	26.85 	25.25 
PC_POP,N_GE1,DOT,Q1,NL	34.18 	: 	: 	: 	: 	: 
PC_POP,N_GE1,DOT,Q2,NL	30.12 	: 	: 	: 	: 	: 
PC_POP,N_GE1,DOT,Q3,NL	37.8 	: 	: 	: 	: 	: 
PC_POP,N_GE1,DOT,Q4,NL	49.93 	: 	: 	: 	: 	: 
PC_POP,N_GE1,DOT,TOTAL,AT	36.3 	34.67 	34.07 	33.58 	36.38 	35.85 
PC_POP,N_GE1,DOT,TOTAL,BE	27.13 b	16.75 	15.97 	12.16 	15.94 	11.15 
PC_POP,N_GE1,DOT,TOTAL,BG	2.69 	1.64 	1.42 	1.53 	1.25 	1.21 
PC_POP,N_GE1,DOT,TOTAL,CH	: 	42.64 	42.57 	42.86 	44.78 	42.11 
PC_POP,N_GE1,DOT,TOTAL,CY	24.94 e	25.96 e	23.88 e	23.01 e	7.19 e	15.76 e
PC_POP,N_GE1,DOT,TOTAL,CZ	37.49 	34.8 	34.55 	34.39 	31.32 	33.66 
PC_POP,N_GE1,DOT,TOTAL,DE	38.13 	37.85 	38.5 	38.55 	37.53 	36.72 
PC_POP,N_GE1,DOT,TOTAL,DK	: 	17.27 	17.93 	18.67 	17.37 	12.47 e
PC_POP,N_GE1,DOT,TOTAL,EE	34.92 	31.58 	30.35 	32.77 	25.87 	26.31 
PC_POP,N_GE1,DOT,TOTAL,EL	2.82 	1.95 	2.19 	2.26 	1.8 	1.45 
PC_POP,N_GE1,DOT,TOTAL,ES	16.8 	15.32 	14.14 b	: c	: c	8.07 
PC_POP,N_GE1,DOT,TOTAL,FI	58.47 	56.73 	57.38 	52.5 	53.81 	52.84 
PC_POP,N_GE1,DOT,TOTAL,FR	21.2 	21.08 	21.37 	21.77 	21.06 	20.3 
PC_POP,N_GE1,DOT,TOTAL,HR	8.56 	8.76 	8.26 b	9.1 	17.82 	8.25 u
PC_POP,N_GE1,DOT,TOTAL,HU	: 	15.65 	14.86 	13.25 	11.88 	13.59 
PC_POP,N_GE1,DOT,TOTAL,IE	46.62 	45.97 	43.56 	45.26 	40.6 	43.18 
PC_POP,N_GE1,DOT,TOTAL,IT	8.21 	9.18 	7.85 	7.27 b	3.89 	4.03 
PC_POP,N_GE1,DOT,TOTAL,LT	1.72 u	1.76 u	1.64 u	1.53 	1.47 u	0.54 u
PC_POP,N_GE1,DOT,TOTAL,LU	: 	8.37 	11.84 	9.45 	10.31 	11.25 
PC_POP,N_GE1,DOT,TOTAL,LV	23 	23.1 	22.55 	20.26 	17.24 	18.45 
PC_POP,N_GE1,DOT,TOTAL,ME	: 	: c	: 	: 	: 	: 
PC_POP,N_GE1,DOT,TOTAL,MT	22.62 	19.91 	16.51 	18.42 	16.16 	12.54 
PC_POP,N_GE1,DOT,TOTAL,NL	39.84 	40.05 	38.06 	37.77 	39.11 	41.66 
PC_POP,N_GE1,DOT,TOTAL,NO	54.81 	54.89 	: 	: 	59.63 	: 
PC_POP,N_GE1,DOT,TOTAL,PL	9.85 	9.13 	9.11 	9.09 	5.81 	5.41 
PC_POP,N_GE1,DOT,TOTAL,PT	7.09 	6.87 	3.95 	3.61 	4.87 	5.28 
PC_POP,N_GE1,DOT,TOTAL,RO	0.31 	0.22 	0.32 	0.28 	0.16 	0.03 
PC_POP,N_GE1,DOT,TOTAL,SE	49.33 	38.49 	43.68 	39.36 	: 	: 
PC_POP,N_GE1,DOT,TOTAL,SI	20.43 	20.36 	15.93 	18.14 e	17.87 e	21.1 
PC_POP,N_GE1,DOT,TOTAL,SK	19.83 	14.32 	15.13 	11.5 	8.94 b	5.23 
PC_POP,N_GE1,DOT,TOTAL,UK	: 	19.49 	18.15 	19.49 	21.06 	10.81 
PC_POP,N_GE1,OUT,Q1,NL	15.62 	: 	: 	: 	: 	: 
PC_POP,N_GE1,OUT,Q2,NL	20.61 	: 	: 	: 	: 	: 
PC_POP,N_GE1,OUT,Q3,NL	24.47 	: 	: 	: 	: 	: 
PC_POP,N_GE1,OUT,Q4,NL	29.71 	: 	: 	: 	: 	: 
PC_POP,N_GE1,OUT,TOTAL,AT	22.69 	23.62 	23.44 	24.14 	21.49 	21.37 
PC_POP,N_GE1,OUT,TOTAL,BE	30.66 b	37.82 	35.27 	38.74 	40.35 	32.76 
PC_POP,N_GE1,OUT,TOTAL,BG	2.31 	1.89 	2.24 	1.36 	1.92 	1.74 
PC_POP,N_GE1,OUT,TOTAL,CH	: 	37.9 	34.87 	33.8 	31.86 	31.43 
PC_POP,N_GE1,OUT,TOTAL,CY	19.76 e	18.74 e	16.57 e	17.47 e	18.54 e	31.75 e
PC_POP,N_GE1,OUT,TOTAL,CZ	5.31 	5.4 	5.42 	6.91 	7.01 	5.91 
PC_POP,N_GE1,OUT,TOTAL,DE	15.07 	16.35 	15.14 	15.33 	16.87 	15.84 
PC_POP,N_GE1,OUT,TOTAL,DK	: 	40.29 	39.17 	40.77 	43.47 	41.14 e
PC_POP,N_GE1,OUT,TOTAL,EE	10.81 	13.84 	12.17 	12.91 	15.57 	13.89 
PC_POP,N_GE1,OUT,TOTAL,EL	2.87 	3.55 	3.27 	3.34 	3.12 	3 
PC_POP,N_GE1,OUT,TOTAL,ES	5.38 	5.28 	5.18 b	: c	: c	3.81 
PC_POP,N_GE1,OUT,TOTAL,FI	4.61 	4.95 	5.01 	5.6 	5.46 	5.5 
PC_POP,N_GE1,OUT,TOTAL,FR	3.98 	4.3 	4.06 	4.01 	3.93 	3.72 
PC_POP,N_GE1,OUT,TOTAL,HR	9.64 	6.1 	6.07 b	9.89 	4.42 	17.88 u
PC_POP,N_GE1,OUT,TOTAL,HU	: 	6.71 	6.38 	5.78 	5.67 	5.52 
PC_POP,N_GE1,OUT,TOTAL,IE	8.92 	11.44 	11.13 	9.31 	8.96 	9.23 
PC_POP,N_GE1,OUT,TOTAL,IT	7.93 	6.46 	7.12 	6.35 b	7.11 	8.49 
PC_POP,N_GE1,OUT,TOTAL,LT	28.01 	27.67 	27.74 	28.61 	27.79 	26.28 
PC_POP,N_GE1,OUT,TOTAL,LU	: 	72.01 	70.67 	72.64 	71.59 	69.15 
PC_POP,N_GE1,OUT,TOTAL,LV	10.65 	10.59 	8.65 	8.7 	10.17 	11.57 
PC_POP,N_GE1,OUT,TOTAL,ME	: 	: c	: 	: 	: 	: 
PC_POP,N_GE1,OUT,TOTAL,MT	27.54 	25.22 	21.7 	19.04 	19.33 	15.16 
PC_POP,N_GE1,OUT,TOTAL,NL	24.45 	22.43 	22.43 	21.81 	21.56 	20.12 
PC_POP,N_GE1,OUT,TOTAL,NO	18.45 	18.43 	: 	: 	17.28 	: 
PC_POP,N_GE1,OUT,TOTAL,PL	8.23 	7.92 	7.59 	7.25 	8.71 	7.85 
PC_POP,N_GE1,OUT,TOTAL,PT	4.35 	3.61 	2.32 	2.06 	3.52 	3 
PC_POP,N_GE1,OUT,TOTAL,RO	1.42 	1.36 	1.43 	1.35 	1.28 	1.04 
PC_POP,N_GE1,OUT,TOTAL,SE	13.38 	12.08 	11.01 	9.78 	: 	: 
PC_POP,N_GE1,OUT,TOTAL,SI	34.69 	33.43 	34.32 	31.48 e	30.89 e	28.65 
PC_POP,N_GE1,OUT,TOTAL,SK	16.57 	18.66 	17.49 	15.76 	19.75 b	27.48 
PC_POP,N_GE1,OUT,TOTAL,UK	: 	19.81 	21.49 	19.81 	16.17 	29.64 
PC_POP,N_GE1,WORLD,Q1,NL	77.21 	: 	: 	: 	: 	: 
PC_POP,N_GE1,WORLD,Q2,NL	77.75 	: 	: 	: 	: 	: 
PC_POP,N_GE1,WORLD,Q3,NL	85.72 	: 	: 	: 	: 	: 
PC_POP,N_GE1,WORLD,Q4,NL	92.74 	: 	: 	: 	: 	: 
PC_POP,N_GE1,WORLD,TOTAL,AT	76.62 	76.78 	75.92 	76.41 	76.43 	76.21 
PC_POP,N_GE1,WORLD,TOTAL,BE	64.79 b	58.52 	56.4 	55.56 	61.58 	49.57 
PC_POP,N_GE1,WORLD,TOTAL,BG	34.72 	29.77 	28.38 	25.67 	22 	18.8 
PC_POP,N_GE1,WORLD,TOTAL,CH	: 	89.78 	87.42 	86.42 	86.86 	85.99 
PC_POP,N_GE1,WORLD,TOTAL,CY	68.35 e	69.03 e	67.6 e	63.18 e	52.04 e	75.72 e
PC_POP,N_GE1,WORLD,TOTAL,CZ	81.55 	80.8 	80.52 	83.91 	73.58 	75.01 
PC_POP,N_GE1,WORLD,TOTAL,DE	72.35 	75.41 	77.51 	77.13 	77.79 	77.39 
PC_POP,N_GE1,WORLD,TOTAL,DK	: 	79.84 	78.84 	82.07 	82.18 	73.41 e
PC_POP,N_GE1,WORLD,TOTAL,EE	67.7 	68.72 	66.1 	71.11 	61.84 	60.58 
PC_POP,N_GE1,WORLD,TOTAL,EL	39.36 	35.56 	36.68 	38.84 	32.58 	37.08 
PC_POP,N_GE1,WORLD,TOTAL,ES	65.64 	65.73 	62.8 b	: c	: c	53.35 
PC_POP,N_GE1,WORLD,TOTAL,FI	91.33 	91.45 	90.65 	90.75 	90.69 	92.08 
PC_POP,N_GE1,WORLD,TOTAL,FR	73.79 	73.11 	74.78 	74.29 	75.05 	75.09 
PC_POP,N_GE1,WORLD,TOTAL,HR	43.08 	43.98 	42.93 b	49.04 	47.09 	51.84 
PC_POP,N_GE1,WORLD,TOTAL,HU	: 	55.21 	52.96 	53.03 	51.68 	52 
PC_POP,N_GE1,WORLD,TOTAL,IE	74.2 	74.23 	74.29 	73.91 	70.44 	70.96 
PC_POP,N_GE1,WORLD,TOTAL,IT	41.39 	41.88 	41.89 	37.9 b	41.74 	48.47 
PC_POP,N_GE1,WORLD,TOTAL,LT	57.68 	57.29 	58.24 	57.87 	56.25 	51.94 
PC_POP,N_GE1,WORLD,TOTAL,LU	: 	80.93 	82.92 	82.47 	82.78 	81.03 
PC_POP,N_GE1,WORLD,TOTAL,LV	57.72 	58.98 	55.3 	52.51 	52.47 	61.46 
PC_POP,N_GE1,WORLD,TOTAL,ME	: 	: c	: 	: 	: 	: 
PC_POP,N_GE1,WORLD,TOTAL,MT	64 	59.66 	51.7 	53.69 	50.39 	48.67 
PC_POP,N_GE1,WORLD,TOTAL,NL	85.41 	85.28 	83.52 	83.69 	84.39 	85.23 
PC_POP,N_GE1,WORLD,TOTAL,NO	90.34 	90.45 	: 	: 	91.34 	: 
PC_POP,N_GE1,WORLD,TOTAL,PL	59.24 	56.75 	54.1 	53.12 	52.11 	47.84 
PC_POP,N_GE1,WORLD,TOTAL,PT	42.22 	42.38 	24.39 	23.87 	37.48 	36.61 
PC_POP,N_GE1,WORLD,TOTAL,RO	26.76 	24.01 	26.32 	25.19 	23.57 	21.5 
PC_POP,N_GE1,WORLD,TOTAL,SE	81.88 	78.79 	81.05 	75.23 	: 	: 
PC_POP,N_GE1,WORLD,TOTAL,SI	65.64 	66.59 	62.63 	62.85 e	61.46 e	63.61 
PC_POP,N_GE1,WORLD,TOTAL,SK	70.69 	66.14 	60.1 	53.49 	56.03 b	54.43 
PC_POP,N_GE1,WORLD,TOTAL,UK	: 	64.08 	64.08 	64.08 	64.08 	65.69 
PC_POP,N_GE4,DOM,Q1,NL	15.69 	: 	: 	: 	: 	: 
PC_POP,N_GE4,DOM,Q2,NL	19.26 	: 	: 	: 	: 	: 
PC_POP,N_GE4,DOM,Q3,NL	17.83 	: 	: 	: 	: 	: 
PC_POP,N_GE4,DOM,Q4,NL	9.48 	: 	: 	: 	: 	: 
PC_POP,N_GE4,DOM,TOTAL,AT	8.74 	8.71 	8.55 	8.82 	8.3 	9.79 
PC_POP,N_GE4,DOM,TOTAL,BE	2.85 b	2.04 	2.36 	2.09 	2.88 	3.76 
PC_POP,N_GE4,DOM,TOTAL,BG	21.28 	17.44 	17.95 	14.82 	11.95 	9.15 b
PC_POP,N_GE4,DOM,TOTAL,CH	: 	7.74 	7.4 	8.55 	8.53 	9.94 
PC_POP,N_GE4,DOM,TOTAL,CY	12.73 e	12.63 e	16.01 e	10.52 e	7.05 e	8.12 e
PC_POP,N_GE4,DOM,TOTAL,CZ	26.61 	26.86 	25.77 	29.8 	24.48 	23.09 
PC_POP,N_GE4,DOM,TOTAL,DE	13.3 	14.73 	15.98 	16.19 	15.67 	16.05 
PC_POP,N_GE4,DOM,TOTAL,DK	: 	19.25 	19.36 	20.34 	19.08 	16.59 
PC_POP,N_GE4,DOM,TOTAL,EE	11.56 	11.03 	9.39 	10.84 	9.97 	10.54 b
PC_POP,N_GE4,DOM,TOTAL,EL	28.48 	24.47 	25.4 	28.15 	23.38 	25.13 
PC_POP,N_GE4,DOM,TOTAL,ES	32.1 	33.56 	32.18 b	: c	: c	28.59 
PC_POP,N_GE4,DOM,TOTAL,FI	26.73 	28.26 	30.05 	29.82 	28.77 	29.7 b
PC_POP,N_GE4,DOM,TOTAL,FR	36.04 	41.18 	43.06 	43.02 	43.92 	44.75 
PC_POP,N_GE4,DOM,TOTAL,HR	21.45 	22.6 	20.9 b	22.32 	18.76 	21.3 
PC_POP,N_GE4,DOM,TOTAL,HU	: 	18.47 	18.54 	19.47 	19.66 	19.33 b
PC_POP,N_GE4,DOM,TOTAL,IE	8.47 	7.87 	8.94 	9 	8.97 	8.52 
PC_POP,N_GE4,DOM,TOTAL,IT	21.79 	21.59 	23.66 	21.59 b	23.84 	27.67 
PC_POP,N_GE4,DOM,TOTAL,LT	5.1 	5.36 	6.17 	6.07 	5.43 	4.8 
PC_POP,N_GE4,DOM,TOTAL,LU	: 	: c	: c	0.8 	0.21 	0.43 
PC_POP,N_GE4,DOM,TOTAL,LV	6.95 	6.79 	6.08 	5.31 	7.05 	8.33 
PC_POP,N_GE4,DOM,TOTAL,ME	: 	: c	: 	: 	: 	: 
PC_POP,N_GE4,DOM,TOTAL,MT	5.98 	5.46 	5.35 	7.25 	5.7 	7.3 b
PC_POP,N_GE4,DOM,TOTAL,NL	15.05 	16.78 	16.59 	16.98 	17.3 	18.1 b
PC_POP,N_GE4,DOM,TOTAL,NO	15.27 	15.34 	: 	: 	13.04 	: 
PC_POP,N_GE4,DOM,TOTAL,PL	27.02 	26.27 	24.96 	22.29 	24.85 	22.48 
PC_POP,N_GE4,DOM,TOTAL,PT	20.16 	20.26 	11.4 	11.29 	19.78 	15.85 
PC_POP,N_GE4,DOM,TOTAL,RO	8.71 	8.26 	9.15 	8.98 	8.75 	9.14 
PC_POP,N_GE4,DOM,TOTAL,SE	12.84 	10.67 	10.14 	10.61 	: 	37.8 
PC_POP,N_GE4,DOM,TOTAL,SI	6.89 	8.43 	7.77 	8.23 e	7.82 e	8.62 
PC_POP,N_GE4,DOM,TOTAL,SK	16.56 	17.39 	15.32 	13.91 	14.99 b	13.74 
PC_POP,N_GE4,DOM,TOTAL,UK	: 	15.69 	15.67 	15.57 	18.44 	20.84 
PC_POP,N_GE4,DOT,Q1,NL	12.15 	: 	: 	: 	: 	: 
PC_POP,N_GE4,DOT,Q2,NL	13.49 	: 	: 	: 	: 	: 
PC_POP,N_GE4,DOT,Q3,NL	15.22 	: 	: 	: 	: 	: 
PC_POP,N_GE4,DOT,Q4,NL	19.66 	: 	: 	: 	: 	: 
PC_POP,N_GE4,DOT,TOTAL,AT	32.55 	31.88 	31.12 	30.75 	33.06 	32.6 
PC_POP,N_GE4,DOT,TOTAL,BE	24.57 b	15.59 	14.54 	10.99 	15.25 	10.39 
PC_POP,N_GE4,DOT,TOTAL,BG	1.82 	0.53 	1.17 	0.7 	0.53 	0.36 b
PC_POP,N_GE4,DOT,TOTAL,CH	: 	17.87 	18.71 	19.49 	21.29 	18.39 
PC_POP,N_GE4,DOT,TOTAL,CY	22.74 e	24.24 e	22.14 e	21.58 e	7.19 e	10.75 e
PC_POP,N_GE4,DOT,TOTAL,CZ	19.8 	19.13 	16.49 	16.94 	15.26 	18.63 e
PC_POP,N_GE4,DOT,TOTAL,DE	18.94 	18.01 	17.9 	18.68 	17.31 	17.61 
PC_POP,N_GE4,DOT,TOTAL,DK	: 	17.27 	17.38 	16.69 	15.53 	11.75 
PC_POP,N_GE4,DOT,TOTAL,EE	11.34 u	6.35 u	7.39 	9.67 	9.43 	7.4 b
PC_POP,N_GE4,DOT,TOTAL,EL	1.82 	1.37 	1.7 	1.68 	1.39 	1.09 
PC_POP,N_GE4,DOT,TOTAL,ES	9.76 	9.07 	8.43 b	: c	: c	4.03 
PC_POP,N_GE4,DOT,TOTAL,FI	23.68 	25.48 	25.13 	21.72 	24.32 	22.45 b
PC_POP,N_GE4,DOT,TOTAL,FR	14.04 	14.44 	14.74 	15.09 	14.84 	14.05 
PC_POP,N_GE4,DOT,TOTAL,HR	4.59 	3.51 	3.33 b	3.87 	4.88 	4.56 
PC_POP,N_GE4,DOT,TOTAL,HU	: 	6.34 	5.59 	5.95 	6.06 	6.58 b
PC_POP,N_GE4,DOT,TOTAL,IE	24.78 	22.8 	22.05 	22.76 	21.73 	21.59 
PC_POP,N_GE4,DOT,TOTAL,IT	5.61 	6.3 	4.93 	4.43 b	3.04 	2.66 
PC_POP,N_GE4,DOT,TOTAL,LT	0.98 u	0.91 u	0.88 u	0.85 	0.84 u	0.47 u
PC_POP,N_GE4,DOT,TOTAL,LU	: 	2.15 u	2.9 u	1.79 	1.82 	2.56 
PC_POP,N_GE4,DOT,TOTAL,LV	5.2 	5.48 	5.8 	5.01 	2.62 	3.94 
PC_POP,N_GE4,DOT,TOTAL,ME	: 	: c	: 	: 	: 	: 
PC_POP,N_GE4,DOT,TOTAL,MT	8.23 	5.56 	5.25 	6.4 	5.46 	3.92 
PC_POP,N_GE4,DOT,TOTAL,NL	16.02 	16.14 	15.83 	14.69 	15.96 	16.72 b
PC_POP,N_GE4,DOT,TOTAL,NO	33.48 	33.43 	: 	: 	34.34 	: 
PC_POP,N_GE4,DOT,TOTAL,PL	5.61 	5.53 	5.53 	5.15 	4.77 	4.43 
PC_POP,N_GE4,DOT,TOTAL,PT	6.54 	6.51 	3.75 	3.25 	4.45 	2.46 
PC_POP,N_GE4,DOT,TOTAL,RO	0.28 	0.19 	0.29 	0.26 	0.14 	0.03 
PC_POP,N_GE4,DOT,TOTAL,SE	24.79 	19.59 	24.25 	20.11 	: 	4.1 
PC_POP,N_GE4,DOT,TOTAL,SI	6.28 	5.98 	5.35 	5.73 e	5.68 e	6.9 
PC_POP,N_GE4,DOT,TOTAL,SK	9.7 	7.58 	6.72 u	3.23 	3.59 b	2.49 
PC_POP,N_GE4,DOT,TOTAL,UK	: 	5.23 	6.27 	5.19 	6.83 	8.6 
PC_POP,N_GE4,OUT,Q1,NL	32.83 	: 	: 	: 	: 	: 
PC_POP,N_GE4,OUT,Q2,NL	33.52 	: 	: 	: 	: 	: 
PC_POP,N_GE4,OUT,Q3,NL	42.65 	: 	: 	: 	: 	: 
PC_POP,N_GE4,OUT,Q4,NL	56.14 	: 	: 	: 	: 	: 
PC_POP,N_GE4,OUT,TOTAL,AT	18.45 	19.33 	19.12 	19.35 	17.31 	17.52 
PC_POP,N_GE4,OUT,TOTAL,BE	26.87 b	33.85 	32.09 	34.42 	36.14 	28.89 
PC_POP,N_GE4,OUT,TOTAL,BG	2.83 	2.24 	2.46 	1.17 	1.65 	1.58 b
PC_POP,N_GE4,OUT,TOTAL,CH	: 	55.21 	51.27 	49.4 	46.56 	46.46 
PC_POP,N_GE4,OUT,TOTAL,CY	17.02 e	16.16 e	14.97 e	15.6 e	13.8 e	25.15 e
PC_POP,N_GE4,OUT,TOTAL,CZ	16.49 	15.18 	18.26 	18.86 	16.74 	15.23 e
PC_POP,N_GE4,OUT,TOTAL,DE	29.2 	31.31 	30.72 	30.52 	31.54 	30.53 
PC_POP,N_GE4,OUT,TOTAL,DK	: 	37.31 	35.1 	36.45 	38.87 	40.86 
PC_POP,N_GE4,OUT,TOTAL,EE	20.97 	26.55 	24.68 	22.7 	19.43 	18.85 b
PC_POP,N_GE4,OUT,TOTAL,EL	2.9 	3.36 	3.07 	3.18 	3.09 	2.74 
PC_POP,N_GE4,OUT,TOTAL,ES	7.98 	7.83 	7.4 b	: c	: c	5.46 
PC_POP,N_GE4,OUT,TOTAL,FI	18.68 	15.17 	15.65 	16.19 	15.67 	15.93 b
PC_POP,N_GE4,OUT,TOTAL,FR	7.27 	7.44 	7.22 	7.27 	7.03 	6.69 
PC_POP,N_GE4,OUT,TOTAL,HR	7.96 	4.71 	5.64 b	7.85 	5.87 	7.76 
PC_POP,N_GE4,OUT,TOTAL,HU	: 	11.92 	11.77 	9.28 	8.78 	9.58 b
PC_POP,N_GE4,OUT,TOTAL,IE	22.84 	25.45 	23.94 	24.44 	19.65 	22.64 
PC_POP,N_GE4,OUT,TOTAL,IT	8.92 	7.43 	7.9 	7.18 b	7.06 	9.5 
PC_POP,N_GE4,OUT,TOTAL,LT	21.45 	20.69 	21.06 	21.4 	20.65 	19.12 
PC_POP,N_GE4,OUT,TOTAL,LU	: 	72.93 	71.67 	64.54 	74.37 	69.37 
PC_POP,N_GE4,OUT,TOTAL,LV	19.77 	20.06 	18.15 	16.68 	18.04 	18.02 
PC_POP,N_GE4,OUT,TOTAL,ME	: 	: c	: 	: 	: 	: 
PC_POP,N_GE4,OUT,TOTAL,MT	36.39 	34.28 	28.52 	26.19 	24.85 	22.36 b
PC_POP,N_GE4,OUT,TOTAL,NL	44.17 	41.98 	40.39 	40.58 	40.35 	40.29 b
PC_POP,N_GE4,OUT,TOTAL,NO	32.48 	32.53 	: 	: 	34.67 	: 
PC_POP,N_GE4,OUT,TOTAL,PL	7.1 	6.84 	6.11 	9.06 	6.69 	6.26 
PC_POP,N_GE4,OUT,TOTAL,PT	3.67 	2.91 	1.9 	1.76 	3.04 	2.98 
PC_POP,N_GE4,OUT,TOTAL,RO	1.25 	1.21 	1.25 	1.23 	1.12 	0.93 
PC_POP,N_GE4,OUT,TOTAL,SE	29.31 	18.52 	18.76 	16.85 	: 	38.1 
PC_POP,N_GE4,OUT,TOTAL,SI	42.45 	39.14 	39.17 	37.89 e	36.06 e	36.45 
PC_POP,N_GE4,OUT,TOTAL,SK	22.47 	22.9 	24.5 	21.86 	21.54 b	28.26 
PC_POP,N_GE4,OUT,TOTAL,UK	: 	22.67 	22.83 	22.5 	28.3 	27.43 
PC_POP,N_GE4,WORLD,Q1,NL	60.67 	: 	: 	: 	: 	: 
PC_POP,N_GE4,WORLD,Q2,NL	66.27 	: 	: 	: 	: 	: 
PC_POP,N_GE4,WORLD,Q3,NL	75.69 	: 	: 	: 	: 	: 
PC_POP,N_GE4,WORLD,Q4,NL	85.28 	: 	: 	: 	: 	: 
PC_POP,N_GE4,WORLD,TOTAL,AT	59.74 	59.93 	58.78 	58.92 	58.66 	59.91 
PC_POP,N_GE4,WORLD,TOTAL,BE	54.29 b	51.48 	48.98 	47.51 	54.26 	43.04 
PC_POP,N_GE4,WORLD,TOTAL,BG	25.93 	20.22 	21.57 	16.69 	14.13 	11.09 b
PC_POP,N_GE4,WORLD,TOTAL,CH	: 	80.82 	77.39 	77.44 	76.37 	74.79 
PC_POP,N_GE4,WORLD,TOTAL,CY	52.49 e	53.03 e	53.12 e	47.71 e	28.03 e	44.03 e
PC_POP,N_GE4,WORLD,TOTAL,CZ	62.9 	61.17 	60.52 	65.6 	56.47 	56.95 e
PC_POP,N_GE4,WORLD,TOTAL,DE	61.44 	64.05 	64.6 	65.38 	64.51 	64.19 
PC_POP,N_GE4,WORLD,TOTAL,DK	: 	73.83 	71.84 	73.47 	73.48 	69.2 
PC_POP,N_GE4,WORLD,TOTAL,EE	43.87 	43.93 	41.47 	43.22 	38.83 	36.8 b
PC_POP,N_GE4,WORLD,TOTAL,EL	33.2 	29.2 	30.17 	33 	27.86 	28.96 
PC_POP,N_GE4,WORLD,TOTAL,ES	49.84 	50.46 	48 b	: c	: c	38.08 
PC_POP,N_GE4,WORLD,TOTAL,FI	69.1 	68.92 	70.83 	67.73 	68.76 	68.08 b
PC_POP,N_GE4,WORLD,TOTAL,FR	57.35 	63.06 	65.02 	65.37 	65.79 	65.49 
PC_POP,N_GE4,WORLD,TOTAL,HR	34.01 	30.82 	29.86 b	34.04 	29.51 	33.63 
PC_POP,N_GE4,WORLD,TOTAL,HU	: 	36.72 	35.89 	34.7 	34.5 	35.5 b
PC_POP,N_GE4,WORLD,TOTAL,IE	56.09 	56.12 	54.94 	56.2 	50.35 	52.75 
PC_POP,N_GE4,WORLD,TOTAL,IT	36.32 	35.32 	36.5 	33.21 b	33.94 	39.83 
PC_POP,N_GE4,WORLD,TOTAL,LT	27.53 	26.96 	28.11 	28.32 	26.93 	24.39 
PC_POP,N_GE4,WORLD,TOTAL,LU	: 	75.54 	74.6 	67.12 	76.39 	72.37 
PC_POP,N_GE4,WORLD,TOTAL,LV	31.92 	32.34 	30.03 	27 	27.71 	30.29 
PC_POP,N_GE4,WORLD,TOTAL,ME	: 	: c	: 	: 	: 	: 
PC_POP,N_GE4,WORLD,TOTAL,MT	50.61 	45.3 	39.12 	39.85 	36.01 	33.58 
PC_POP,N_GE4,WORLD,TOTAL,NL	75.24 	74.9 	72.8 	72.26 	73.61 	75.1 b
PC_POP,N_GE4,WORLD,TOTAL,NO	81.24 	81.29 	: 	: 	82.05 	: 
PC_POP,N_GE4,WORLD,TOTAL,PL	39.74 	38.64 	36.61 	36.49 	36.31 	33.17 
PC_POP,N_GE4,WORLD,TOTAL,PT	30.37 	29.68 	17.06 	16.3 	27.28 	21.3 
PC_POP,N_GE4,WORLD,TOTAL,RO	10.24 	9.66 	10.69 	10.46 	10.01 	10.1 
PC_POP,N_GE4,WORLD,TOTAL,SE	66.94 	48.77 	53.15 	47.58 	: 	80.1 
PC_POP,N_GE4,WORLD,TOTAL,SI	55.62 	53.54 	52.29 	51.85 e	49.57 e	51.97 
PC_POP,N_GE4,WORLD,TOTAL,SK	48.73 	47.87 	46.54 	39 	40.12 b	44.49 
PC_POP,N_GE4,WORLD,TOTAL,UK	: 	43.59 	44.77 	43.26 	53.57 	56.85 
